rank,domain,reason
3,gtld-servers.net,ENOTFOUND
7,googleapis.com,http_404
13,akamai.net,ENOTFOUND
18,linkedin.com,http_200
19,office.com,http_200
21,googletagmanager.com,http_404
23,akamaiedge.net,ENOTFOUND
26,akadns.net,ENOTFOUND
14,ezviz7.com,ENOTFOUND
28,domaincontrol.com,ENOTFOUND
24,live.com,http_200
22,hicloudcam.com,http_200
34,apple-dns.net,ENOTFOUND
35,appsflyersdk.com,http_403
36,googleusercontent.com,http_404
38,aaplimg.com,ENOTFOUND
39,microsoftonline.com,ENOTFOUND
41,office.net,ENOTFOUND
42,trafficmanager.net,ENOTFOUND
27,azure.com,http_200
49,ripn.net,ENOTFOUND
51,cloudfront.net,ENOTFOUND
50,goo.gl,http_400
45,skype.com,http_200
61,windowsupdate.com,ENOTFOUND
55,cloud.microsoft,http_200
62,googledomains.com,http_200
67,gvt1.com,ENOTFOUND
53,outlook.com,http_200
65,googlesyndication.com,http_404
73,cdninstagram.com,ENOTFOUND
75,pv-cdn.net,ENOTFOUND
76,akam.net,ENOTFOUND
77,tiktokcdn.com,ENOTFOUND
68,windows.net,ERR_TLS_CERT_ALTNAME_INVALID
82,gvt2.com,ENOTFOUND
84,edgekey.net,ENOTFOUND
88,ytimg.com,ENOTFOUND
78,gwfb.net,ENOTFOUND
85,tiktokv.com,http_404
83,windows.com,http_200
89,yandex.net,http_404
95,root-servers.net,ENOTFOUND
96,edgesuite.net,ENOTFOUND
100,workbox.dk,ENOTFOUND
93,nic.ru,http_200
97,nginx.com,http_200
104,workers.dev,http_200
110,a2z.com,ENOTFOUND
108,t.me,http_404
107,okcdn.ru,http_404
113,b-cdn.net,http_200
117,github.io,http_200
106,office365.com,http_403
123,dnsowl.com,ENOTFOUND
127,cdn77.org,ENOTFOUND
122,registrar-servers.com,ECONNREFUSED
124,app-measurement.com,http_404
126,app-analytics-services.com,http_404
132,vedcdnlb.com,ENOTFOUND
133,prodregistryv2.org,http_404
134,amazon.dev,ENOTFOUND
135,dns.google,http_404
130,vkuserphoto.ru,http_418
129,amazon-adsystem.com,http_404
137,forms.gle,http_400
125,nih.gov,http_403
139,msftncsi.com,ENOTFOUND
131,trbcdn.net,ERR_TLS_CERT_ALTNAME_INVALID
142,iiko.it,ENOTFOUND
147,aws.dev,ENOTFOUND
146,godaddy.com,http_403
148,yccdn.ru,ENOTFOUND
150,static.microsoft,ENOTFOUND
151,steamserver.net,ENOTFOUND
152,azurefd.net,http_404
44,sharepoint.com,timeout
155,dns-parking.com,ENOTFOUND
156,googleadservices.com,http_404
163,3gppnetwork.org,ENOTFOUND
164,spo-msedge.net,ENOTFOUND
138,miit.gov.cn,http_404
168,ax-msedge.net,ENOTFOUND
167,msftconnecttest.com,ENOTFOUND
165,adtrafficquality.google,http_404
169,nflxso.net,ENOTFOUND
157,epicgames.com,http_403
172,ggpht.com,ENOTFOUND
173,tm-azurefd.net,ENOTFOUND
179,azurewebsites.net,ENOTFOUND
174,mts.ru,http_403
180,example.com,http_404
184,cdn-apple.com,ENOTFOUND
188,playstation.net,ENOTFOUND
182,webex.com,http_403
192,sfx.ms,ENOTFOUND
193,bytefcdn-oversea.com,ENOTFOUND
170,aliyuncs.com,http_404
149,xiaomi.com,http_403
194,oracle.com,http_403
201,edgcdn.net,ENOTFOUND
206,ttdns2.com,ENOTFOUND
205,doi.org,http_404
211,nominetdns.uk,ENOTFOUND
213,wac-msedge.net,ENOTFOUND
198,hichina.com,http_200
214,sciencedirect.com,http_403
223,fastly-edge.com,ENOTFOUND
215,miui.com,http_404
204,ozon.ru,err
229,akamaized.net,ENOTFOUND
226,lencr.org,http_200
228,geobasket.ru,ENOTFOUND
233,azureedge.net,http_404
232,nic.direct,ERR_TLS_CERT_ALTNAME_INVALID
227,comcast.net,http_403
236,adsrvr.org,http_403
241,wildberries.ru,http_498
244,ksyuncdn.com,ENOTFOUND
245,telegram.org,http_404
248,rbxcdn.com,ENOTFOUND
247,telekom.net,http_200
246,wikimedia.org,http_404
183,jomodns.com,ENOTFOUND
254,adnxs.com,http_404
253,scorecardresearch.com,http_404
257,omtrdc.net,ENOTFOUND
258,wsdvs.com,ENOTFOUND
263,nr-data.net,ENOTFOUND
265,namebrightdns.com,ENOTFOUND
266,libp2p.direct,ENOTFOUND
268,spov-msedge.net,ENOTFOUND
269,facebook.net,ENOTFOUND
267,pages.dev,http_200
272,alibabadns.com,ENOTFOUND
271,vecdnlb.com,ENOTFOUND
273,telecid.ru,http_403
278,tiktokcdn-us.com,ENOTFOUND
280,virginm.net,ENOTFOUND
284,ttvnw.net,ENOTFOUND
286,myshopify.com,http_404
288,byteoversea.net,ENOTFOUND
212,lsrelayaccess.com,timeout
292,debian.org,http_404
293,clarity.ms,http_404
285,duckdns.org,http_404
301,media-amazon.com,ENOTFOUND
299,arubanetworks.com,http_403
302,autodesk.com,http_403
202,shifen.com,timeout
306,tld-servers.ru,ENOTFOUND
305,mzstatic.com,http_200
304,googleblog.com,http_200
310,shalltry.com,http_403
311,name-services.com,ENOTFOUND
313,mtgglobals.com,http_404
315,samsungqbe.com,ENOTFOUND
316,heytapmobile.com,ENOTFOUND
324,smartadserver.com,http_200
325,dropcatch.com,http_200
330,douyincdn.com,ENOTFOUND
327,dnsmadeeasy.com,http_404
328,mi.com,http_403
335,ack.de,ENOTFOUND
337,aliyuncsslbintl.com,ENOTFOUND
333,crashlytics.com,http_200
338,akamaihd.net,ENOTFOUND
339,mailinabox.email,http_404
331,un.org,http_404
351,enacdn.net,ENOTFOUND
352,allawnos.com,ENOTFOUND
356,crpt.ru,http_404
360,openx.net,http_404
361,google.cn,http_404
359,dotaplabs.net,ENOTFOUND
235,cdngslb.com,timeout
242,msedge.net,timeout
369,samsungcloudsolution.com,ENOTFOUND
367,trueconf.net,ERR_TLS_CERT_ALTNAME_INVALID
296,jsdelivr.net,timeout
372,capcutapi.com,ENOTFOUND
368,xboxlive.com,ERR_TLS_CERT_ALTNAME_INVALID
370,onelink.me,http_200
366,ioref.io,ENOTFOUND
382,cdnbuild.net,ENOTFOUND
378,rocket-cdn.com,ENOTFOUND
381,ampproject.org,http_404
387,live-video.net,ENOTFOUND
385,kaspersky-labs.com,ENOTFOUND
389,kwai-pro.com,http_404
392,telegram.me,http_200
393,ibyteimg.com,ENOTFOUND
394,volcfcdndvs.com,ENOTFOUND
380,myhuaweicloud.com,ENOTFOUND
400,tiktokv.us,ENOTFOUND
406,heytapdl.com,ENOTFOUND
407,temu.com,http_200
409,casalemedia.com,http_200
342,imcmdb.net,timeout
415,tiktokv.eu,ENOTFOUND
417,hostgator.com,http_403
297,mangosip.ru,timeout
419,tiktokcdn-eu.com,ENOTFOUND
420,awswaf.com,ENOTFOUND
398,amazontrust.com,http_404
424,pangle.io,ENOTFOUND
422,t-mobile.com,http_403
425,avcdn.net,ENOTFOUND
421,amazonalexa.com,http_200
428,nflxvideo.net,ERR_SSL_TLSV1_ALERT_INTERNAL_ERROR
429,expireddomains.com,http_404
431,online-metrix.net,ENOTFOUND
433,kwaipros.com,http_404
427,beian.gov.cn,ENOTFOUND
438,pixabay.com,http_403
439,xcal.tv,ENOTFOUND
442,dual-s-msedge.net,ENOTFOUND
344,inner-active.mobi,timeout
445,ngenix.net,http_403
443,netease.com,http_404
448,sberbank.ru,SELF_SIGNED_CERT_IN_CHAIN
450,g.page,http_200
451,2mdn.net,ENOTFOUND
454,skyhigh.cloud,http_200
364,tbcache.com,timeout
404,vkuser.net,timeout
459,awsglobalaccelerator.com,ENOTFOUND
446,yahoo.co.jp,http_403
463,gcdn.co,ERR_SSL_TLSV1_ALERT_INTERNAL_ERROR
413,avsxappcaptiveportal.com,timeout
465,gamepass.com,ERR_TLS_CERT_ALTNAME_INVALID
468,featureassets.org,http_403
470,sc-gw.com,ENOTFOUND
469,eye4.cn,CERT_HAS_EXPIRED
471,edgecdn.ru,ERR_SSL_TLSV1_ALERT_INTERNAL_ERROR
476,adobe.net,ERR_TLS_CERT_ALTNAME_INVALID
434,ipv4only.arpa,timeout
402,wbx2.com,timeout
479,gandi-ns.fr,ENOTFOUND
480,gosuslugi.ru,http_403
483,myqcloud.com,EHOSTUNREACH
485,mynetname.net,ENOTFOUND
467,adriver.ru,http_404
488,fandom.com,http_403
492,exp-tas.com,ENOTFOUND
493,discord.media,http_520
495,stackoverflow.com,http_418
500,beyondwickedmapping.org,http_404
505,tencent-cloud.net,EHOSTUNREACH
440,dnspod.net,timeout
466,nflximg.com,timeout
444,worldnic.com,timeout
509,mediatek.com,http_200
513,vidaahub.com,ENOTFOUND
516,adobedtm.com,ENOTFOUND
515,run.app,http_404
517,svc.ms,http_404
520,nstld.com,ENOTFOUND
504,supertms.com,ENOTFOUND
527,spaceweb.pro,ECONNREFUSED
526,timeweb.ru,http_200
529,cdn20.com,ENOTFOUND
530,impervadns.net,ENOTFOUND
531,oup.com,http_202
456,list-manage.com,timeout
537,aiv-delivery.net,ENOTFOUND
519,elasticbeanstalk.com,ECONNRESET
540,live.net,ENOTFOUND
542,shopifysvc.com,ENOTFOUND
543,markmonitor.com,http_403
538,bdydns.com,ENOTFOUND
544,cloudflareinsights.com,http_200
545,e2ro.com,ENOTFOUND
547,squarespacedns.com,ENOTFOUND
549,byteglb.com,ENOTFOUND
550,bluehost.com,http_403
552,palmplaystore.com,http_404
541,hicloud.com,http_200
561,easebar.com,ENOTFOUND
567,3lift.com,http_403
569,ui-dns.com,ENOTFOUND
564,aboutads.info,http_200
571,azure-dns.com,ENOTFOUND
572,share.google,http_200
573,rlcdn.com,http_404
477,firetvcaptiveportal.com,timeout
478,npr.org,timeout
580,ieee.org,http_202
576,uk.com,http_200
578,noaa.gov,http_403
583,adobedc.net,ENOTFOUND
582,my.com,ENOTFOUND
575,oraclecloud.com,http_403
586,msidentity.com,ENOTFOUND
587,on.aws,ENOTFOUND
584,xiaomi.net,ERR_TLS_CERT_ALTNAME_INVALID
590,qlivecdn.com,ENOTFOUND
592,t-msedge.net,ENOTFOUND
594,yahoodns.net,ENOTFOUND
593,mdpi.com,http_403
595,icloud-content.com,http_200
604,vedsalb.com,ENOTFOUND
605,accuweather.com,http_403
609,yandexcloud.net,ENOTFOUND
608,bidswitch.net,ENOTFOUND
612,wb.ru,http_498
615,licdn.com,ENOTFOUND
617,unesco.org,http_403
620,vercel-dns-016.com,http_404
622,akamaitech.net,ENOTFOUND
619,force.com,http_403
503,mcafee.com,timeout
628,googlezip.net,ENOTFOUND
613,ubi.com,http_200
637,googletagservices.com,http_404
510,nease.net,timeout
644,withgoogle.com,http_200
649,bx-msedge.net,ENOTFOUND
559,chinamobile.com,timeout
650,zdnscloud.cn,ENOTFOUND
652,service.gov.uk,http_200
645,dyndns.org,http_200
646,pushy.io,http_404
660,ozone.ru,ERR_TLS_CERT_ALTNAME_INVALID
667,bytedns1.com,ENOTFOUND
591,samsungapps.com,timeout
669,anydesk.com,http_403
672,twimg.com,ENOTFOUND
673,resolver.arpa,ENOTFOUND
675,ovh.net,http_200
677,g.co,http_400
676,alrosa.ru,http_403
680,magnit.ru,http_403
679,dotomi.com,http_200
690,nel.goog,ENOTFOUND
688,nic.network,ERR_TLS_CERT_ALTNAME_INVALID
691,id5-sync.com,http_200
693,1rx.io,ENOTFOUND
695,dyingbirds.com,ENOTFOUND
704,samsungacr.com,ENOTFOUND
703,dbankcloud.com,http_403
710,githubusercontent.com,http_500
711,agkn.com,http_404
713,smaato.net,ENOTFOUND
716,gofin.io,ENOTFOUND
714,ks-cdn.com,ENOTFOUND
718,mega.co.nz,http_200
717,allaboutcookies.org,http_403
721,iso.org,http_403
725,a-msedge.net,ENOTFOUND
639,shiabank.com,timeout
726,lijit.com,http_403
724,rt.ru,http_200
734,criteo.net,ENOTFOUND
606,alicdn.com,timeout
738,bidr.io,ENOTFOUND
739,homedepot.com,http_403
744,pvp.net,ENOTFOUND
747,imrworldwide.com,ENOTFOUND
742,browser-intake-datadoghq.com,http_403
748,vercel.app,http_200
751,cdn-vk.ru,ENOTFOUND
750,appcenter.ms,http_404
753,bamgrid.com,ENOTFOUND
752,fda.gov,http_404
755,steamstatic.com,ENOTFOUND
757,nmrodam.com,ENOTFOUND
761,ovscdns.com,ENOTFOUND
767,safebrowsing.apple,ENOTFOUND
770,bunnyinfra.net,ENOTFOUND
771,lenovo.com,http_403
762,nikkei.com,http_200
692,typekit.net,timeout
775,cdnhwc1.com,ENOTFOUND
778,teads.tv,http_200
779,adjust.com,http_429
746,afilias-nst.info,ENOTFOUND
651,ups.com,timeout
777,alipaydns.com,ERR_TLS_CERT_ALTNAME_INVALID
787,liadm.com,ENOTFOUND
789,it.com,http_404
790,dkttc.ac.th,http_404
764,wswebcdn.com,ENOTFOUND
723,telephony.goog,timeout
797,b-msedge.net,ENOTFOUND
796,a-mo.net,http_403
803,grammarly.io,ENOTFOUND
802,epam.com,http_403
799,eeroup.com,http_404
808,appspot.com,http_200
805,mhverifier.ru,http_403
819,ln-msedge.net,ENOTFOUND
821,turn.com,ENOTFOUND
822,lgtvcommon.com,ENOTFOUND
820,33across.com,http_403
827,afilias-nst.org,ENOTFOUND
829,sc-cdn.net,ENOTFOUND
834,msftauth.net,ENOTFOUND
832,cmediahub.ru,http_403
833,sf-cloud.ru,http_404
837,whecloud.com,ENOTFOUND
835,wbbasket.ru,ENOTFOUND
839,myspace.com,UNABLE_TO_VERIFY_LEAF_SIGNATURE
840,focus.de,http_403
841,dbankcloud.ru,ENOTFOUND
838,me.com,http_200
843,mayoclinic.org,http_403
849,onetag-sys.com,http_200
847,usda.gov,http_403
848,discogs.com,http_403
857,yellowblue.io,ENOTFOUND
856,goskope.com,ENOTFOUND
859,adgrx.com,ENOTFOUND
860,hostgator.com.br,http_403
861,ssl-images-amazon.com,ENOTFOUND
831,webempresa.eu,http_404
852,vivo.com.cn,http_200
865,curseforge.com,http_403
867,lowes.com,http_403
870,vercel-dns-017.com,http_404
872,spotifycdn.com,http_404
740,mckinsey.com,timeout
874,azure-devices.net,ENOTFOUND
875,fbsbx.com,http_404
878,usgovcloudapi.net,ENOTFOUND
882,heylink.me,http_403
844,furycloud.io,ENOTFOUND
890,footprintdns.com,ENOTFOUND
892,scdn.co,http_404
896,go-mpulse.net,ENOTFOUND
897,ci-servers.net,ENOTFOUND
899,nintendo.net,ENOTFOUND
902,hath.network,ERR_TLS_CERT_ALTNAME_INVALID
903,miwifi.com,http_404
907,orderbox-dns.com,ENOTFOUND
905,readthedocs.io,http_200
908,ci-servers.org,ENOTFOUND
912,herokudns.com,ENOTFOUND
893,youku.com,http_200
904,samsungosp.com,http_404
915,hstgr.net,ERR_SSL_TLSV1_ALERT_INTERNAL_ERROR
916,dv.tech,ECONNRESET
914,coupang.com,http_403
911,state.gov,http_200
923,cloudsink.net,ENOTFOUND
921,seedtag.com,http_200
926,samsungiotcloud.com,ENOTFOUND
784,360safe.com,timeout
929,tplinknbu.com,ENOTFOUND
931,vercel-dns-3.com,ENOTFOUND
935,akahost.net,ENOTFOUND
927,warnerbros.com,http_200
938,weforum.org,http_403
937,life360.com,http_403
939,internetwarriors.net,http_200
941,eu.com,http_200
942,singtelchina.cn,ENOTFOUND
814,shopeemobile.com,timeout
954,tsyndicate.com,http_404
955,playrix.com,http_200
913,queniuaa.com,ENOTFOUND
963,4dex.io,ENOTFOUND
964,presage.io,CERT_HAS_EXPIRED
970,t-s1-msedge.net,ENOTFOUND
969,rutube.ru,http_403
973,digitaloceanspaces.com,http_200
974,mybluehost.me,ERR_SSL_SSL/TLS_ALERT_HANDSHAKE_FAILURE
982,nextlgsdp.com,ENOTFOUND
983,ancestry.com,http_403
985,share-dns.com,http_409
895,eu-1-id5-sync.com,timeout
988,sofascore.com,http_403
987,xhcdn.com,http_403
993,columbia.edu,http_404
995,tesla.com,http_403
858,kunluncan.com,timeout
1000,immedia-semi.com,ENOTFOUND
1003,tiktokpangle.us,ENOTFOUND
1002,dnse0.com,ENOTFOUND
1004,zenecn.net,ENOTFOUND
996,zhihu.com,http_403
1007,rtbcdn.ru,ENOTFOUND
1006,ox.ac.uk,http_403
1013,futbin.com,http_403
1012,volcgslb.com,ENOTFOUND
1017,samsungcloudsolution.net,ENOTFOUND
1018,tiktokrow-cdn.com,ENOTFOUND
1020,kwcdn.com,ENOTFOUND
1014,docomo.ne.jp,http_404
1021,flipkart.com,http_403
1011,heytapmobi.com,http_404
1023,nic.io,http_404
1027,vk-analytics.ru,ENOTFOUND
1026,statcounter.com,http_404
1031,kickstarter.com,http_403
1032,translate.goog,http_404
1036,bytefcdn-ttpus.com,ENOTFOUND
1040,keenetic.io,ENOTFOUND
1042,bytefcdn.com,ENOTFOUND
1041,olx.com.br,http_403
961,opera-api.com,timeout
1047,i18n-pglstatp.com,ENOTFOUND
958,leiniao.com,http_404
1052,app-analytics-services-att.com,http_404
1055,yximgs.com,http_400
994,dtkn.ru,timeout
1059,amemv.com,http_404
1065,privacy-mgmt.com,ENOTFOUND
1068,moneycontrol.com,http_403
1070,webhostbox.net,ENOTFOUND
1028,amagi.tv,ECONNRESET
1069,epicgames.dev,http_403
1078,playfabapi.com,http_403
950,hm.com,timeout
1082,adguard-vpn.online,ENOTFOUND
1086,nexthink.cloud,ENOTFOUND
1089,zpath.net,ENOTFOUND
1090,dnse2.com,ENOTFOUND
1054,nic.uk,ENOTFOUND
975,caixa.gov.br,timeout
1106,wcdnga.com,ENOTFOUND
1104,ovscdns.net,ENOTFOUND
1107,mythad.com,ENOTFOUND
1110,contentsquare.net,ENOTFOUND
1114,incapdns.net,ENOTFOUND
1116,byteoversea.com,ENOTFOUND
1109,cdnhwc2.com,ENOTFOUND
1115,statuspage.io,http_200
1123,ad-tech.ru,ECONNRESET
1118,us.com,http_200
1125,usercontent.goog,http_404
1130,fbpigeon.com,ENOTFOUND
1131,samsungcloud.tv,ENOTFOUND
1135,transsion-os.com,ENOTFOUND
1134,bmj.com,http_403
1137,hltv.org,http_403
1010,costco.com,timeout
1139,t-bank-app.ru,SELF_SIGNED_CERT_IN_CHAIN
1142,sahibinden.com,http_403
1144,service-now.com,http_403
1022,ddns.net,timeout
1148,bitdefender.net,http_200
1098,inkuai.com,ENOTFOUND
1143,vivo.com,http_404
1158,company-target.com,ERR_SSL_SSL/TLS_ALERT_HANDSHAKE_FAILURE
1150,megafon.ru,http_403
1161,cspserver.net,http_404
1164,susercontent.com,ENOTFOUND
1166,stackexchange.com,http_418
1168,msauth.net,ENOTFOUND
1151,triplinkintl.com,http_200
1163,fb.me,http_200
1174,phncdn.com,ENOTFOUND
1176,biomedcentral.com,http_404
1171,gismeteo.ru,UND_ERR_SOCKET
1178,tubi.io,ENOTFOUND
1156,alipay.com,http_404
1185,tbs.co.jp,http_404
1197,px-cloud.net,http_404
1199,itmedia.co.jp,http_200
1207,namecheaphosting.com,ECONNREFUSED
1209,janitorai.com,http_403
1210,espncricinfo.com,http_403
1169,zdnscloud.com,ENOTFOUND
1218,vscode-cdn.net,http_404
1215,mps.gov.cn,http_521
1220,smilewanted.com,http_404
1221,oneme.ru,ENOTFOUND
1087,dns.cn,timeout
1227,meesho.com,http_403
1219,acesso.gov.br,http_200
1234,microsoftpersonalcontent.com,ENOTFOUND
1235,adaether.com,ENOTFOUND
1231,tradplusad.com,http_200
1232,plex.direct,ENOTFOUND
1113,cbc.ca,timeout
1244,nsone.net,http_200
1119,amd.com,timeout
1249,naukri.com,http_403
1252,kernel.org,http_404
1255,h264.io,ENOTFOUND
1259,googleapis.cn,http_404
1258,argos.co.uk,http_403
1260,poste.it,http_200
1261,ap4r.com,http_403
1262,tendawifi.com,ENOTFOUND
1266,donmai.us,http_404
1268,jusbrasil.com.br,http_403
1146,gtm-a2b2.com,timeout
1274,businesswire.com,http_403
1277,com.be,ENOTFOUND
1282,youporn.com,http_403
1283,kohls.com,http_403
1286,supersonicads.com,ENOTFOUND
1291,cricbuzz.com,http_403
1300,buydomains.com,http_403
1301,xvideos-cdn.com,ENOTFOUND
1304,adfuse-ssp.com,http_404
1309,bilibili.tv,http_404
1319,datadome.co,http_403
1205,makemytrip.com,timeout
1327,akamaitechnologies.com,ENOTFOUND
1334,tapad.com,http_404
1339,youjizz.com,http_403
1342,hik-connect.com,http_200
1345,zijieapi.com,ENOTFOUND
1344,hollywoodbets.net,http_403
1343,id.me,http_403
1346,0xrpc.io,http_404
1349,kueezrtb.com,http_200
1352,admanmedia.com,http_404
1225,dhl.com,timeout
1357,subito.it,http_403
1364,deepseek.com,http_404
1366,wshifen.com,ENOTFOUND
1365,cloudflareclient.com,http_522
1348,gst.gov.in,http_403
1241,rackspace.net,timeout
1387,platorelay.com,ENOTFOUND
1391,bookmyshow.com,http_403
1393,yimg.com,http_200
1382,netkeiba.com,http_404
1396,9ffyu1g9c.com,ENOTFOUND
1395,cardgames.io,http_200
1310,mmechocaptiveportal.com,timeout
1401,sun.com,http_403
1398,uci.edu,http_404
1284,myntra.com,timeout
1426,azure.net,http_200
1431,_wildcard_.ph,ERR_SSL_TLSV1_ALERT_INTERNAL_ERROR
1434,commercialrealestate.com.au,http_403
1439,spbycdn.com,ENOTFOUND
1438,porno365.golf,ERR_TLS_CERT_ALTNAME_INVALID
1441,simpcity.cr,http_403
1452,tinkoff.ru,SELF_SIGNED_CERT_IN_CHAIN
1410,uidai.gov.in,http_404
1460,apigee.net,ENOTFOUND
1454,eci.gov.in,http_403
1471,toyhou.se,http_403
1479,cityheaven.net,http_403
1487,ptt.cc,http_404
1498,mangafire.to,http_403
1500,torob.com,http_429
1493,epfindia.gov.in,ECONNRESET
1505,iporntv.net,http_404
1504,websitewelcome.com,ERR_TLS_CERT_ALTNAME_INVALID
1367,karnataka.gov.in,timeout
1511,ultradns.com,http_503
1371,russianpost.ru,timeout
1510,nfse.gov.br,http_404
1521,theqoo.net,http_403
1524,amp-endpoint2.com,ENOTFOUND
1525,casinoplus.com.ph,http_403
1422,zozo.jp,timeout
1497,ioh.co.id,http_200
1538,listcrawler.eu,http_403
1539,absher.sa,http_200
1541,parivahan.gov.in,http_404
1443,everesttech.net,timeout
1567,ttlivecdn.com,ENOTFOUND
1578,skokka.com,http_403
1582,bet365.com,http_403
1583,indoav.com,http_200
1587,xxx18hot.com,ECONNREFUSED
1588,bingoplus.com,http_403
1591,gartner.com,http_403
1575,afip.gob.ar,http_404
1596,search-start.org,ENOTFOUND
1600,syosetu.org,http_403
1614,njavtv.com,http_404
1617,33apk.com,http_404
1620,ak2yy.com,http_404
1619,agenciatributaria.gob.es,http_200
1624,banvenez.com,ENOTFOUND
1627,eepurl.com,http_400
1623,czbooks.net,http_404
1635,happymh.com,ENOTFOUND
1456,nosv.org,timeout
1643,ptgaming.ph,http_403
1646,tjk.org,http_400
1658,dto.jp,http_403
1655,choiceadvantage.com,http_404
1671,aucey.com,http_404
1669,mileroticos.com,http_403
1675,manhwaread.com,http_403
1674,bancodevenezuela.com,http_200
1685,eroterest.net,ENOTFOUND
1677,anses.gob.ar,http_403
1678,digitallocker.gov.in,http_403
1682,ecnavi.jp,err
1684,humoruniv.com,http_404
1556,redbus.in,timeout
1693,contextweb.com,http_404
1692,kemkes.go.id,http_404
1701,simontokx.asia,ENOTFOUND
1702,usercontent.microsoft,ENOTFOUND
1641,salonboard.com,timeout
1703,triunfobet.com,http_403
1637,patria.org.ve,timeout
1707,fawanews.sc,ERR_TLS_CERT_ALTNAME_INVALID
1706,unlockffbeta.com,http_404
1716,koselarab.com,http_403
1720,rings.solutions,ENOTFOUND
1710,minhngoc.net.vn,http_404
1731,gree-apps.net,ENOTFOUND
1733,kumanga.com,http_403
1725,pitc.com.pk,ECONNRESET
1724,site777.jp,http_403
1734,bpcl.in,ENOTFOUND
1743,satta-king-fast.com,http_403
1744,javwow.com,http_403
1742,vnsextop1.com,http_403
1661,promiedos.com.ar,http_404
1745,ganamosnet.org,http_403
1748,moviespage.xyz,ENOTFOUND
1750,filmyfly.cafe,http_403
1749,staseraintv.com,http_404
1618,ewaybillgst.gov.in,timeout
1755,tktube.com,ENOTFOUND
1754,xvideo.vlog.br,http_403
1762,gree-pf.net,ENOTFOUND
1751,overwolf.com,http_404
1761,education.dz,ENOTFOUND
1767,playinrace.com,ENOTFOUND
1753,rsch.jp,http_403
1769,onlar.az,http_403
1772,isaidub.guru,ENOTFOUND
1768,delegaciondelgobierno.gob.es,http_200
1779,ahacdn.me,http_404
1765,playinboss.com,http_202
1776,apdcdn.com,ENOTFOUND
1764,examinationservices.nic.in,http_200
1784,bbb.org,http_403
1775,mgslb.com,ERR_TLS_CERT_ALTNAME_INVALID
1783,tawk.to,http_404
1788,inleed.net,http_404
1781,attn.tv,http_404
1796,api.aws,ENOTFOUND
1793,meitu.com,http_200
1808,enable-javascript.com,http_404
1798,twc.com,http_403
1811,your-server.de,http_404
1812,sendgrid.net,http_404
1770,nregastrep.nic.in,ECONNRESET
1815,rfihub.com,ENOTFOUND
1814,omnitagjs.com,ENOTFOUND
1817,edgecastdns.net,ENOTFOUND
1777,spectrum.com,http_403
1821,ctdns.cn,ENOTFOUND
1827,cloudfunctions.net,http_404
1829,dbankcloud.cn,http_403
1835,ns1p.net,http_404
1828,ltwebstatic.com,http_404
1838,geocities.com,ERR_TLS_CERT_ALTNAME_INVALID
1839,groww.in,http_403
1844,gpcloudservice.com,ENOTFOUND
1843,tremorhub.com,http_403
1848,ipredictive.com,ENOTFOUND
1809,nelreports.net,ENOTFOUND
1849,arstechnica.com,http_202
1856,battle.net,http_403
1858,igamecj.com,ENOTFOUND
1855,sitescout.com,http_200
1859,udemy.com,http_403
1860,sinaedge.com,ENOTFOUND
1863,pubmnet.com,ENOTFOUND
1864,unrulymedia.com,http_404
1866,gygtest.com,ENOTFOUND
1865,tdnsstic1.cn,ENOTFOUND
1785,rayjump.com,http_404
1718,kinnser.net,timeout
1874,dnse1.com,ENOTFOUND
1871,vivox.com,http_200
1878,tripod.com,ENOTFOUND
1877,wswebpic.com,ENOTFOUND
1882,indexww.com,http_404
1884,ad-delivery.net,http_404
1894,investing.com,http_403
1899,1drv.com,http_400
1901,litix.io,http_200
1904,bytefcdn-ttpeu.com,ENOTFOUND
1905,jup9.com,http_404
1908,restream-media.net,ENOTFOUND
1912,blackrussia.online,http_200
1914,vtb.ru,UNABLE_TO_GET_ISSUER_CERT_LOCALLY
1800,apple-cloudkit.com,timeout
1925,acrobat.com,http_200
1928,hulu.com,http_200
1931,azure-api.net,ENOTFOUND
1831,rncdn7.com,timeout
1879,xhscdn.com,timeout
1934,akamai.com,http_403
1933,otm-r.com,http_200
1932,adobelogin.com,ERR_TLS_CERT_ALTNAME_INVALID
1937,aadrm.com,ENOTFOUND
1935,mofa.gov.sa,http_200
1936,xserver.jp,ERR_SSL_UNSUPPORTED_PROTOCOL
1851,alikunlun.com,timeout
1852,mona.co,timeout
1947,iau.ir,http_403
1952,steamcontent.com,ENOTFOUND
1953,registraduria.gov.co,http_403
1955,sslip.io,http_404
1959,betano.pe,http_403
1958,about.com,http_200
1961,easytrader.ir,http_200
1910,office365.us,http_200
1915,wb.gov.in,http_404
1968,betano.bet.ar,http_403
1970,arionplay.com,http_403
1975,telegra.ph,http_404
1978,mastiraja.com,http_403
1980,lolpol2.com,http_403
1979,typepad.com,http_403
1971,postrelease.com,http_403
1981,hotpic.cc,http_200
1972,ssc.gov.in,http_404
1898,mp.gov.in,timeout
1992,betway.co.bw,http_200
1926,opera-api2.com,timeout
1993,education.ne.jp,ENOTFOUND
2003,allyonoapp.in,ENOTFOUND
2001,5movierulz.discount,http_200
2005,dkitrxmdwoqruvsi.net,ENOTFOUND
2004,zenlogic.net,ECONNREFUSED
2000,admissions.nic.in,http_404
2008,mitre.org,http_403
2011,futbol-libres.su,ENOTFOUND
2014,business.site,http_404
2013,stripe.network,http_200
2020,romarg.com,http_404
2030,sl-reverse.com,ENOTFOUND
2027,hdhub4u.cl,ENOTFOUND
2034,ecdnx.com,ENOTFOUND
2033,politico.com,http_403
2039,git-scm.com,http_404
2031,onpe.gob.pe,http_403
2043,loopme.me,http_204
2046,isappcloud.com,ENOTFOUND
2047,springserve.com,http_200
2052,hdhub4u.med,ENOTFOUND
2002,syapp.jp,timeout
2053,vercel-dns.com,http_404
1967,technorail.com,timeout
2058,novaspin88.vip,http_403
2061,mp4moviez.webcam,ENOTFOUND
2064,v21play.vip,http_403
2063,iponweb.net,http_200
2065,spinnovax.org,http_403
2032,easy4ipcloud.com,ENOTFOUND
2071,isaidub.ceo,ENOTFOUND
2072,bollyflix.med,ENOTFOUND
2074,filmyfly.luxe,http_200
2078,5movierulz.house,http_200
2077,mp4moviez.fast,ENOTFOUND
2080,5movierulz.school,http_200
2084,5movierulz.legal,http_200
2041,ezvizru.com,http_200
2091,xnhau.vc,http_403
2095,spamhaus.org,http_200
2092,ed.gov,http_404
1960,166.com,timeout
2103,exelator.com,http_204
2102,virtualearth.net,http_200
2051,cloudflarestorage.com,timeout
2097,jamfcloud.com,http_403
2108,bytedns3.com,ENOTFOUND
2107,m.me,http_200
2111,123tt.ru,http_403
2109,snapkit.com,http_404
2112,lync.com,ERR_TLS_CERT_ALTNAME_INVALID
2105,wechat.com,http_404
1976,pmkisan.gov.in,timeout
2110,samsungdm.com,ENOTFOUND
2119,fb-t-msedge.net,ENOTFOUND
2116,betweendigital.com,http_200
1986,opera.software,timeout
2127,hwcdn.ru,ENOTFOUND
2125,ctadns.cn,ENOTFOUND
2126,bls.gov,http_200
2133,ak-is2.net,ENOTFOUND
2130,bing.net,ERR_TLS_CERT_ALTNAME_INVALID
2136,in.net,ENOTFOUND
2128,unicef.org,http_403
2137,pwc.com,http_403
2135,hhs.gov,http_403
2143,ads-twitter.com,ENOTFOUND
2145,aibixby.com,ENOTFOUND
2146,usgovtrafficmanager.net,ENOTFOUND
2148,magonet.ru,ENOTFOUND
2149,gvt3.com,ENOTFOUND
2156,npmjs.com,http_403
2157,blizzard.com,http_403
2049,mos.ru,timeout
2163,ihg.com,http_403
2158,dnse3.com,ENOTFOUND
2165,adobestats.io,ENOTFOUND
2168,gshifen.com,ENOTFOUND
2172,giex.ru,ENOTFOUND
2169,yimg.jp,ENOTFOUND
2177,discomax.com,ENOTFOUND
2178,microsoft365.com,http_200
2182,cootlogix.com,http_404
2179,cdek.ru,http_418
2171,dynamics.com,http_200
2170,armgs.team,UNABLE_TO_VERIFY_LEAF_SIGNATURE
2067,0123tt.ru,timeout
2192,garenanow.com,ENOTFOUND
2183,av380.net,http_200
2184,mediago.io,http_200
2191,pullcm.com,http_403
2199,dropbox-dns.com,ENOTFOUND
2201,rzone.de,ENOTFOUND
2193,gmoregistry.net,ERR_SSL_TLSV1_UNRECOGNIZED_NAME
2204,dns.br,ENOTFOUND
2198,nic.xyz,http_404
2205,adobess.com,ENOTFOUND
2210,onmicrosoft.com,ENOTFOUND
2215,hsforms.com,ENOTFOUND
2194,cafe24.com,http_200
2218,apple.news,http_404
2221,adkernel.com,http_404
2223,ndtv.com,http_403
2222,charlestonroadregistry.com,http_404
2226,vtwenty.com,ENOTFOUND
2227,edu-servers.net,ENOTFOUND
2228,thousandeyes.com,http_403
2230,geoedge.be,ENOTFOUND
2219,clients-cdnnow.ru,ECONNREFUSED
2232,douyinpic.com,ENOTFOUND
2234,pacloudflare.com,ENOTFOUND
2229,sony.com,http_403
2159,systemdns.com,timeout
2239,amp-endpoint3.com,ENOTFOUND
2242,feedburner.com,http_404
2237,chartbeat.net,ECONNRESET
2238,algolia.net,http_404
2240,dbankcdn.com,http_403
2251,tiqcdn.com,ENOTFOUND
2243,symantec.com,http_404
2253,example.org,http_404
2256,mradx.net,ENOTFOUND
2257,im-apps.net,http_404
2260,liftoff-creatives.io,ENOTFOUND
2262,doppiocdn.com,ENOTFOUND
2250,xundns.com,ECONNREFUSED
2264,dropboxusercontent.com,ENOTFOUND
2259,mi-img.com,ENOTFOUND
2268,mmcdn.com,http_404
2265,mastercard.com,http_403
2271,e-msedge.net,ENOTFOUND
2263,savvis.net,ERR_TLS_CERT_ALTNAME_INVALID
2274,mwbsys.com,ENOTFOUND
2276,serving-sys.ru,ENOTFOUND
2277,peacocktv.com,http_200
2284,register.com,http_403
2285,bplslb.com,ENOTFOUND
2287,gos-gsp.io,ENOTFOUND
2289,gtld.biz,ENOTFOUND
2293,a-mx.com,ENOTFOUND
2231,bitrixphone.com,ENOTFOUND
2297,onrender.com,http_200
2160,opera.technology,timeout
2305,linkis.ru,http_404
2304,zeasn.tv,http_404
2302,didiglobal.com,http_200
2308,tiktokglobalshopv.com,http_404
2312,immersivelabs.online,http_200
2316,ria.ru,ENOTFOUND
2317,bixbyllm.com,ENOTFOUND
2311,shorturl.at,http_404
2319,hotmail.com,http_200
2309,secu100.net,http_404
2326,xincache.com,ENOTFOUND
2330,openwebmp.com,ENOTFOUND
2333,bt.co,ENOTFOUND
2189,hpe.com,timeout
2337,semasio.net,ENOTFOUND
2335,ntp.br,http_404
2343,earthlink.net,http_403
2203,dnsv5.com,timeout
2336,mioffice.cn,http_200
2346,sc-static.net,http_403
2348,jimdofree.com,http_403
2351,onetrust.io,ENOTFOUND
2359,lww.com,http_403
2361,mozgcp.net,ENOTFOUND
2360,adsmoloco.com,http_200
2364,stratoserver.net,ENOTFOUND
2224,ingage.tech,timeout
2368,signal.org,http_404
2369,senate.gov,http_403
2371,utoronto.ca,http_403
2363,constellix.com,UND_ERR_SOCKET
2375,igodigital.com,ENOTFOUND
2344,vkuseraudio.ru,http_418
2378,nic.media,ERR_TLS_CERT_ALTNAME_INVALID
2380,smailru.net,ENOTFOUND
2315,nflxext.com,timeout
2377,samsungelectronics.com,ERR_TLS_CERT_ALTNAME_INVALID
2385,hyatt.com,http_403
2390,windy.com,http_200
2388,hoyoverse.com,http_404
2395,zdassets.com,ENOTFOUND
2393,weather.gov,http_404
2397,lfstrm.tv,ERR_TLS_CERT_ALTNAME_INVALID
2398,joinserver.xyz,http_404
2394,notion.site,http_200
2402,ryanair.com,http_200
2404,digicertdns.com,ENOTFOUND
2405,centrastage.net,ENOTFOUND
2408,paywb.com,http_404
2411,nipr.mil,ENOTFOUND
2415,marketingcloudapis.com,ENOTFOUND
2416,mosspf.net,ENOTFOUND
2414,freefiremobile.com,http_404
2419,chartboost.com,http_200
2421,doordash.com,http_403
2423,discordapp.net,ENOTFOUND
2418,samsungads.com,http_200
2429,tq-tungsten.com,ENOTFOUND
2430,aws-prd.net,ENOTFOUND
2432,pcmag.com,http_403
2428,netscape.com,http_200
2436,mlstatic.com,ENOTFOUND
2433,julydns.com,http_200
2440,livedns.co.uk,ECONNREFUSED
2441,zscaler.net,ENOTFOUND
2443,digg.com,http_429
2445,trellix.com,http_403
2442,disney.com,http_403
2450,ccgateway.net,ENOTFOUND
2379,sjtu.edu.cn,http_404
2452,applvn.com,ENOTFOUND
2383,sascdn.com,err
2455,ioam.de,http_404
2453,infocyte.com,ERR_TLS_CERT_ALTNAME_INVALID
2456,altervista.org,http_200
2457,immunet.com,ERR_TLS_CERT_ALTNAME_INVALID
2460,rainberrytv.com,http_404
2459,sureserver.com,ERR_TLS_CERT_ALTNAME_INVALID
2352,sharepointonline.com,timeout
2358,kunlungr.com,timeout
2467,imoim.net,ENOTFOUND
2469,test-cdn-kkk.com,ENOTFOUND
2367,fortinet.net,timeout
2470,yammer.com,http_200
2475,secb2b.com,ENOTFOUND
2480,wikia.com,http_403
2474,sinaimg.cn,http_404
2479,splunkcloud.com,ERR_SSL_WRONG_VERSION_NUMBER
2483,kasserver.com,http_404
2486,rt.com,ENOTFOUND
2447,inmobicdn.net,timeout
2488,xboxservices.com,ENOTFOUND
2449,akstat.io,ENOTFOUND
2491,tospotify.com,ENOTFOUND
2487,de.com,http_200
2493,tdnsv5.com,ENOTFOUND
2476,hatena.ne.jp,http_200
2495,upwork.com,http_403
2497,sparteo.com,http_404
2498,volces.com,ENOTFOUND
2425,olympics.com,timeout
2482,kgslb.com,timeout
2446,lgsmartad.com,timeout
2489,inbake.com,timeout
2484,meituan.com,http_404
2454,minecraft.net,timeout
2490,itv.com,timeout
2504,gboxlab.com,http_404
2509,match.com,http_403
2511,wpsdns.com,ENOTFOUND
2514,oraclecloud.net,ENOTFOUND
2506,dnsv.jp,ENOTFOUND
2518,klarna.net,ENOTFOUND
2520,network-auth.com,ENOTFOUND
2523,keepverify.net,ENOTFOUND
2524,managed-vps.net,ENOTFOUND
2521,dashnxdomain.net,ENOTFOUND
2525,wetransfer.com,http_200
2530,ureca-lab.com,ENOTFOUND
2529,oath.cloud,ENOTFOUND
2526,slackb.com,http_404
2537,msecnd.net,ENOTFOUND
2528,xxpkg.com,DEPTH_ZERO_SELF_SIGNED_CERT
2545,ssa.gov,http_403
2553,lgtviot.com,ENOTFOUND
2550,powerbi.com,http_200
2555,ogury.io,ECONNREFUSED
2557,nip.io,http_404
2559,samsungconsent.com,ENOTFOUND
2542,socdm.com,http_404
2554,isnssdk.com,http_503
2561,mwscdn.ru,ENOTFOUND
2563,dnse4.com,ENOTFOUND
2565,samsungapis.com,ENOTFOUND
2573,trs-dns.net,ENOTFOUND
2574,ibb.co,http_200
2572,lgtvsdp.com,ENOTFOUND
2576,dnse5.com,ENOTFOUND
2582,rostelecom.ru,ERR_TLS_CERT_ALTNAME_INVALID
2584,browser-intake-us5-datadoghq.com,http_403
2585,trs-dns.com,ENOTFOUND
2589,scopely.io,ENOTFOUND
2591,oaistatic.com,http_404
2583,afraid.org,ERR_TLS_CERT_ALTNAME_INVALID
2593,azure-dns.net,ENOTFOUND
2512,wtxcdn.com,ENOTFOUND
2508,distmed.com,timeout
2594,dnsip.com,ENOTFOUND
2599,s-msedge.net,ENOTFOUND
2601,douyinvod.com,ENOTFOUND
2598,webrootcloudav.com,http_200
2600,protechts.net,http_404
2605,msftstatic.com,ERR_TLS_CERT_ALTNAME_INVALID
2609,khanacademy.org,http_200
2608,zhqidown.cn,ENOTFOUND
2602,chinadaily.com.cn,http_200
2611,vp3n.ru,ENOTFOUND
2616,riotcdn.net,ENOTFOUND
2618,ethz.ch,http_404
2621,bumlam.com,ENOTFOUND
2614,umbrella.com,http_200
2626,strpst.com,ENOTFOUND
2560,queniuck.com,ENOTFOUND
2625,harman.com,UNABLE_TO_VERIFY_LEAF_SIGNATURE
2627,getyourguide.com,http_403
2629,evergage.com,http_200
2640,hostingradio.ru,http_200
2519,qianxun.com,timeout
2643,listdl.com,ENOTFOUND
2642,visa.com,http_200
2644,aibotplatform.com,ENOTFOUND
2647,cc-ecdn.net,ENOTFOUND
2650,ttwstatic.com,ENOTFOUND
2648,snssdk.com,http_200
2639,hinet.net,http_200
2556,roskazna.ru,timeout
2657,bcvcdn.com,ENOTFOUND
2659,adjoe.zone,http_404
2658,coe.int,http_403
2624,lgthinq.com,http_403
2665,traffmonetizer.com,http_404
2661,al-adtech.com,CERT_HAS_EXPIRED
2667,akaquill.net,ENOTFOUND
2668,indiegogo.com,http_403
2669,byteimg.com,ENOTFOUND
2633,cachefly.net,ENOTFOUND
2671,pphosted.com,ENOTFOUND
2670,gccdn.net,ENOTFOUND
2676,ibytedtos.com,ENOTFOUND
2678,ns.ph,ENOTFOUND
2684,zefrdata.com,http_530
2687,bkcdn.net,ENOTFOUND
2685,safedk.com,ENOTFOUND
2690,pbstck.com,ENOTFOUND
2681,pavietnam.vn,http_406
2693,quizlet.com,http_403
2596,myvzw.com,timeout
2699,dnsv4.com,ENOTFOUND
2652,alibabacorp.com,timeout
2651,rr.com,timeout
2708,hisavana.com,http_200
2709,ctlcdn.cn,ENOTFOUND
2710,wsglb0.com,ENOTFOUND
2712,edge.apple,ENOTFOUND
2660,spb.ru,ECONNREFUSED
2715,int08h.com,http_404
2714,webs.com,http_200
2630,iotcplatform.com,timeout
2718,heise.de,http_410
2720,mysecurecloudhost.com,http_403
2722,jtvnw.net,ENOTFOUND
2713,stumbleupon.com,http_404
2726,mmstat.com,ENOTFOUND
2721,accor.com,http_200
2728,trs-dns.info,ENOTFOUND
2730,marzaent.com,http_403
2732,mongodb.net,ENOTFOUND
2734,ndcpp-os.com,ENOTFOUND
2735,baifentan.com,ENOTFOUND
2686,ikarem.io,timeout
2701,prserv.net,ENOTFOUND
2738,arc-msedge.net,ENOTFOUND
2739,tiktokpangle-cdn-us.com,ENOTFOUND
2740,webgo.de,http_404
2743,pemsrv.com,ENOTFOUND
2741,addthis.com,http_403
2746,ctripgslb.net,ENOTFOUND
2747,trs-dns.org,ENOTFOUND
2748,aliexpress-media.com,ENOTFOUND
2749,cloudapp.net,ENOTFOUND
2742,tsinghua.edu.cn,http_404
2754,adidas.com,http_403
2750,anchor.fm,http_200
2761,ueiwsp.com,http_403
2759,supercdn.ru,ENOTFOUND
2766,amplifyapp.com,ENOTFOUND
2760,vkuseraudio.net,http_418
2768,glanceapis.com,ENOTFOUND
2771,capitalonegslbex.com,ENOTFOUND
2767,growone.sg,http_404
2773,ilo.org,http_403
2772,apptracer.ru,http_200
2775,cdnhwc3.com,ENOTFOUND
2733,pstatic.net,timeout
2781,captcha-delivery.com,ENOTFOUND
2782,beyla.site,ENOTFOUND
2783,dropboxapi.com,ENOTFOUND
2785,fastly-masque.net,ENOTFOUND
2776,mfadsrvr.com,http_200
2784,chicagotribune.com,http_403
2736,line-apps.com,timeout
2789,p-msedge.net,ENOTFOUND
2780,ksord.com,http_404
2791,ravm.tv,http_404
2796,samsungnyc.com,ENOTFOUND
2797,startappservice.com,http_403
2799,ctfassets.net,ENOTFOUND
2786,tdnsv6.com,ENOTFOUND
2801,fcc.gov,http_403
2802,adnxs.net,ENOTFOUND
2805,staticflickr.com,ENOTFOUND
2806,deepl-cdn.com,ENOTFOUND
2812,walmartimages.com,ENOTFOUND
2810,history.com,http_200
2809,ztomy.com,ERR_SSL_TLSV1_ALERT_INTERNAL_ERROR
2813,dot.gov,http_403
2817,hostedemail.com,ENOTFOUND
2822,dc-telemetry.net,ENOTFOUND
2824,eqtv.io,ENOTFOUND
2825,sensic.net,http_404
2827,brevo.com,http_404
2820,powerapps.com,http_200
2828,schwab.com,http_200
2829,bcelive.com,ENOTFOUND
2831,bidease.com,http_200
2834,trafficjunky.net,http_200
2838,knt9.xyz,http_404
2719,mojang.com,timeout
2844,elastic-cloud.com,ENOTFOUND
2845,cern.ch,http_404
2842,atomile.com,http_404
2841,nexon.com,http_200
2846,pullcf.com,http_404
2851,kuf.by,ENOTFOUND
2850,hyundai-meacv.com,ERR_SSL_TLSV1_ALERT_INTERNAL_ERROR
2853,allawntech.com,http_200
2857,sfmc-marketing.com,ENOTFOUND
2856,ohthree.com,ENOTFOUND
2861,dssott.com,ENOTFOUND
2815,wso2.download,timeout
2863,auth0app.com,ENOTFOUND
2865,xnxx-cdn.com,ENOTFOUND
2864,swishapps.ai,http_404
2751,alfabank.ru,timeout
2763,gihc.net,timeout
2862,unisoc.com,http_200
2875,s-microsoft.com,ENOTFOUND
2871,gotowebinar.com,http_200
2877,cdn90.cn,ENOTFOUND
2887,datadoghq-browser-agent.com,http_403
2848,queniuak.com,ENOTFOUND
2892,myq-cloud.com,ENOTFOUND
2788,ctmail.com,timeout
2884,narod.ru,CERT_HAS_EXPIRED
2898,tuyaeu.com,ENOTFOUND
2891,discovery.com,http_451
2903,awsdns-03.com,ENOTFOUND
2905,nokia.com,http_403
2907,glance-cdn.com,http_404
2896,nic.tv,ERR_TLS_CERT_ALTNAME_INVALID
2818,treasury.gov,timeout
2913,chip.de,http_403
2914,oaiusercontent.com,ENOTFOUND
2917,auth0edge.com,ENOTFOUND
2918,foggymorningmist.com,ENOTFOUND
2915,a.co,http_404
2919,web.app,http_200
2925,snapcraft.io,http_200
2930,heart.org,http_403
2921,netis.cc,ENOTFOUND
2935,hdslb.com,ENOTFOUND
2920,webflow.io,http_200
2937,eyeota.net,ERR_TLS_CERT_ALTNAME_INVALID
2946,galaxy-cdn.com,ENOTFOUND
2947,globalcdn.co,ERR_SSL_TLSV1_ALERT_INTERNAL_ERROR
2942,panasonic.com,http_403
2950,rosminzdrav.ru,CERT_HAS_EXPIRED
2852,optimove.net,timeout
2958,redbubble.com,http_403
2951,bsgslb.com,ECONNREFUSED
2962,e-volution.ai,http_200
2965,bytegle.tech,ENOTFOUND
2967,amp-endpoint1.com,ENOTFOUND
2968,softonic.com,http_412
2900,queniucf.com,ENOTFOUND
2971,tidal.com,http_403
2972,gygtest.net,http_403
2956,dnspod.com,http_200
2973,fbi.gov,http_403
2976,mookie1.com,ERR_SSL_TLSV1_ALERT_INTERNAL_ERROR
2977,ifconfig.me,http_404
2974,sbis.ru,http_410
2975,nheos.com,ENOTFOUND
2978,w55c.net,http_403
2922,usertrust.com,timeout
2983,mystrikingly.com,http_200
2988,mossru.com,ENOTFOUND
2986,tcylgslb.com,ERR_TLS_CERT_ALTNAME_INVALID
2984,poshvine.com,http_200
2989,t2.ru,http_503
2994,wixdns.net,http_404
2992,v-videoapp.com,http_404
2999,hakunaymatata.com,ENOTFOUND
2998,tenda.com.cn,http_200
3005,assetsconfigcdn.org,http_403
3006,haxx.se,http_404
3002,tableau.com,http_403
3008,microsoftonline.us,ENOTFOUND
2878,kunlunsl.com,timeout
3007,parastorage.com,http_404
3009,drmgms.com,http_200
3016,blxrbdn.com,ENOTFOUND
3017,argotunnel.com,ENOTFOUND
3019,microsoftazuread-sso.com,ENOTFOUND
3014,unrealengine.com,http_403
3022,cdnhwczba04.com,ENOTFOUND
3024,ohchr.org,http_200
3027,website-files.com,ENOTFOUND
3034,logitech.io,ENOTFOUND
3032,justia.com,http_403
3035,synology.me,ENOTFOUND
3038,faqs.org,ERR_SSL_WRONG_VERSION_NUMBER
3043,script.ac,ENOTFOUND
3040,cn.com,http_200
3044,googlesource.com,http_404
2910,tesla.services,timeout
3050,acoustic-adm.com,ENOTFOUND
3053,ubereats.com,http_403
3059,merlincdn.net,ENOTFOUND
3058,microsoft.us,ENOTFOUND
3057,flashbots.net,http_200
3062,navy.mil,http_403
3051,caniuse.com,http_200
3067,sonos.com,http_403
3069,awsdns-29.com,ENOTFOUND
3071,emxdgt.com,http_403
3070,ncsu.edu,http_202
3077,dmoz.org,ERR_TLS_CERT_ALTNAME_INVALID
3076,dtscout.com,http_404
3073,miitbeian.gov.cn,ENOTFOUND
3081,npmjs.org,http_403
2957,atsenergo.ru,timeout
3086,stackdns.com,ENOTFOUND
2960,uniqlo.com,timeout
3088,symcb.com,ENOTFOUND
3080,unmsapp.com,http_200
3090,mathworks.com,http_403
3093,rqtrk.eu,ENOTFOUND
3098,vervegroupinc.net,http_404
3083,eastmoney.com,http_200
3104,innogames.de,http_200
3107,awsdns-11.com,ENOTFOUND
3042,fazenda.gov.br,ENOTFOUND
3111,merkle.io,http_404
2990,bybit.com,timeout
3124,bttrack.com,http_404
3129,konami.net,ENOTFOUND
3133,iionads.com,http_404
3134,miniclippt.com,ENOTFOUND
3135,mapquest.com,http_202
3132,hpeprint.com,http_400
3137,sbb.ch,http_403
3139,canva.site,http_404
3136,rkdms.com,http_404
3141,amxrtb.com,http_403
3142,tubitv.com,http_200
3143,pp.ru,http_404
3029,nasdaq.com,timeout
3147,webcontentassessor.com,http_403
3146,dbankedge.cn,http_403
3079,manulife-sinochem.com,http_200
3154,awmdm.com,ENOTFOUND
3102,ciscospark.com,http_503
3149,thrtle.com,http_403
3158,ctnsnet.com,http_404
3162,indazn.com,ENOTFOUND
3163,dmxleo.com,ENOTFOUND
3161,scopus.com,http_403
3165,sfmc-content.com,ENOTFOUND
3167,idealo.de,http_403
3173,nic.de,http_404
3157,usp.br,http_200
3064,weibocdn.com,timeout
3145,dns.jp,ENOTFOUND
3131,angelfire.com,timeout
3178,adition.com,ERR_TLS_CERT_ALTNAME_INVALID
3180,acuityplatform.com,http_404
3182,unimelb.edu.au,http_403
3186,de.net,ENOTFOUND
3185,ifood.com.br,http_403
3190,adingo.jp,http_200
3189,uhc.com,http_403
3196,rian.ru,ERR_TLS_CERT_ALTNAME_INVALID
3199,amx1.net,http_400
3198,fastclick.net,ENOTFOUND
3204,awsdns-52.com,ENOTFOUND
3210,plex.bz,ENOTFOUND
3205,kwaicdn.com,ENOTFOUND
3217,hotjar.io,ENOTFOUND
3214,samsunghealth.com,http_200
3218,vwapps.io,ENOTFOUND
3222,lovable.app,http_403
3223,sbcglobal.net,ENOTFOUND
3224,ultradns.net,ECONNREFUSED
3227,ru.com,ENOTFOUND
3151,mncdn.com,timeout
3232,takeaway.com,http_403
3234,the-ozone-project.com,http_403
3238,usembassy.gov,http_403
3236,uk.net,http_200
3242,santander.com.br,http_403
3245,ns.ua,ENOTFOUND
3246,minutemedia-prebid.com,ENOTFOUND
3249,adentifi.com,http_403
3115,allstate.com,timeout
3252,crm.dev,CERT_HAS_EXPIRED
3253,awsdns-27.com,ENOTFOUND
3254,speedifyvolcai.com,ENOTFOUND
3258,ufileos.com,ENOTFOUND
3261,videolan.org,http_418
3255,dvr163.com,http_404
3264,awsdns-37.com,ENOTFOUND
3263,tracker.cl,http_404
3273,zara.com,http_403
3272,bigo.sg,http_404
3269,aeroflot.ru,http_200
3279,vercel-dns-013.com,http_404
3208,unifi-ai.com,http_502
3287,gannett-dns.com,ENOTFOUND
3290,zscalertwo.net,ENOTFOUND
3295,ftstatic.com,ENOTFOUND
3215,icndns.net,timeout
3298,iz.ru,ENOTFOUND
3213,mxptint.net,timeout
3297,signalr.net,http_200
3315,nextmillmedia.com,ENOTFOUND
3318,dns-finder.com,http_403
3323,magazineluiza.com.br,http_403
3322,streamtheworld.com,http_404
3327,wpscdn.com,ENOTFOUND
3325,movetv.com,ENOTFOUND
3333,samplicio.us,http_404
3257,bybanking.com,timeout
3334,gitbook.io,http_200
3328,bgdns.net,ENOTFOUND
3336,awsdns-33.com,ENOTFOUND
3335,apple-dns.cn,ENOTFOUND
3337,ml314.com,http_404
3265,adotmob.com,timeout
3342,found.io,ENOTFOUND
3343,pub.network,http_403
3347,bbci.co.uk,ECONNREFUSED
3348,23.in-addr.arpa,ENOTFOUND
3276,rzd.ru,timeout
3354,alchemer.com,http_403
3352,paa-reporting-advertising.amazon,http_403
3355,cox.net,http_200
3293,tvinteractive.tv,timeout
3359,wskam.com,ENOTFOUND
3361,tynt.com,http_200
3365,gnome.org,http_404
3303,mcdonalds.com,timeout
3364,msi.com,http_403
3369,spglobal.com,http_403
3375,samsungpositioning.com,ENOTFOUND
3377,awsdns-30.com,ENOTFOUND
3382,tfkc.de,ERR_TLS_CERT_ALTNAME_INVALID
3384,awsdns-39.com,ENOTFOUND
3324,mfms.ru,timeout
3383,macys.com,http_403
3386,tencentclb.com,ENOTFOUND
3387,kasperskylabs.com,ENOTFOUND
3388,selcdn.net,ENOTFOUND
3392,mrf.io,http_500
3380,ke.com,http_200
3331,163img.com,timeout
3332,bbtec.net,timeout
3389,hopkinsmedicine.org,http_403
3397,reverso.net,http_403
3396,dion.ne.jp,ENOTFOUND
3404,bidvol.com,http_404
3406,eum-appdynamics.com,ENOTFOUND
3407,awsdns-59.com,ENOTFOUND
3412,servenobid.com,ENOTFOUND
3414,siteimproveanalytics.io,ENOTFOUND
3356,qpic.cn,timeout
3416,sentry-cdn.com,http_500
3421,envato.market,ENOTFOUND
3423,printercloud.com,ENOTFOUND
3419,net.ru,http_404
3425,measureadv.com,http_400
3429,proofpoint.us,ENOTFOUND
3432,ipcc.ch,http_403
3433,meoodata01.com,ENOTFOUND
3431,syncingbridge.com,http_400
3434,netshoes.com.br,http_403
3438,com.com,http_403
3442,apptentive.com,http_403
3440,org.ru,http_404
3437,sankuai.com,http_403
3445,xtracloud.net,ENOTFOUND
3446,pointtoserver.com,ENOTFOUND
3447,inf0.net,ENOTFOUND
3448,hs-scripts.com,ENOTFOUND
3449,ttdns3.com,ENOTFOUND
3435,brightcove.com,http_404
3455,ns.tr,ENOTFOUND
3461,hs-banner.com,ENOTFOUND
3458,indiana.edu,http_200
3339,hotels.com,timeout
3463,azurecontainerapps.io,http_200
3466,via.google,ERR_TLS_CERT_ALTNAME_INVALID
3400,rezync.com,timeout
3469,selcloud.ru,ENOTFOUND
3471,nic.zone,ERR_TLS_CERT_ALTNAME_INVALID
3472,swiftkey.com,http_404
3480,awsdns-16.com,ENOTFOUND
3478,glasvezelactiveren.nl,http_200
3482,slack-edge.com,ENOTFOUND
3353,asos.com,timeout
3483,digital.com,ENOTFOUND
3484,marphezis.com,ENOTFOUND
3481,jftechws.com,http_404
3493,dns.it,ENOTFOUND
3495,shopifycdn.com,ENOTFOUND
3490,wikidot.com,http_404
3501,awsdns-42.com,ENOTFOUND
3502,code.org,http_200
3505,awsdns-20.com,ENOTFOUND
3500,trouble-free.net,http_404
3506,oppomobile.com,http_404
3511,tesco.com,http_403
3503,powerplatform.com,http_200
3509,asuscomm.com,ERR_TLS_CERT_ALTNAME_INVALID
3518,awsdns-24.com,ENOTFOUND
3524,hs-analytics.net,ENOTFOUND
3521,teepublic.com,http_403
3523,nydailynews.com,http_403
3441,queniubg.com,ENOTFOUND
3510,excite.co.jp,http_200
3531,awsdns-13.com,ENOTFOUND
3532,es.io,ENOTFOUND
3519,undertone.com,http_403
3527,srmdata.com,http_404
3538,volc-dns.com,ENOTFOUND
3537,uwaterloo.ca,http_404
3540,vseinstrumenti.ru,http_403
3548,unity3dusercontent.com,ENOTFOUND
3547,namefind.com,http_404
3555,steptofsvo.com,ENOTFOUND
3558,qcomgeo2.com,ENOTFOUND
3562,awsdns-43.com,ENOTFOUND
3564,hepsiburada.com,http_403
3567,ampproject.net,http_200
3570,schneevonmorgen.com,http_403
3572,livedoor.com,http_403
3417,gcd-dns.com,timeout
3576,rackcdn.com,ENOTFOUND
3577,confiant-integrations.net,ENOTFOUND
3580,emb-api.com,ENOTFOUND
3581,awsdns-41.com,ENOTFOUND
3582,domain.com,http_403
3514,182682.xyz,timeout
3586,awsdns-26.com,ENOTFOUND
3589,samsungcloudcdn.com,ENOTFOUND
3590,awsdns-25.com,ENOTFOUND
3587,wasabisys.com,http_404
3549,stickyadstv.com,timeout
3594,proof-dns.com,ERR_TLS_CERT_ALTNAME_INVALID
3550,scene7.com,timeout
3597,awsdns-47.com,ENOTFOUND
3598,tranplanet.com,ENOTFOUND
3601,awsdns-54.com,ENOTFOUND
3600,dnsv1.com,ERR_TLS_CERT_ALTNAME_INVALID
3606,symcd.com,ENOTFOUND
3610,hadronid.net,ENOTFOUND
3608,adscale.de,http_404
3607,emarsys.net,http_200
3612,lua.org,http_404
3613,fivecdm.com,ENOTFOUND
3618,awsdns-35.com,ENOTFOUND
3623,centralnic.net,ENOTFOUND
3626,glpals.com,ENOTFOUND
3602,telstra.net,http_200
3611,brightcloud.com,http_200
3624,adhigh.net,UND_ERR_SOCKET
3628,wac-dc-msedge.net,ENOTFOUND
3621,pokemon.com,http_404
3631,polyspeak.ai,http_200
3583,custhelp.com,timeout
3634,azureedge.us,ENOTFOUND
3638,dnsv1.com.cn,ERR_TLS_CERT_ALTNAME_INVALID
3643,zscalerthree.net,ENOTFOUND
3645,uidapi.com,ENOTFOUND
3644,ettdnsv.com,ENOTFOUND
3650,awsdns-49.com,ENOTFOUND
3584,qh-cdn.com,ENOTFOUND
3647,ymmobi.com,CERT_HAS_EXPIRED
3648,ktalk.ru,http_403
3656,3.in-addr.arpa,ENOTFOUND
3653,opsgenie.com,http_200
3659,awsdns-36.com,ENOTFOUND
3649,shawcable.net,http_200
3661,bi.zone,http_403
3657,cian.ru,http_403
3665,awsdns-10.com,ENOTFOUND
3664,tass.ru,http_403
3668,awsdns-12.com,ENOTFOUND
3671,googlehosted.com,ENOTFOUND
3553,mgts.ru,timeout
3675,awsdns-22.com,ENOTFOUND
3676,banki.ru,http_200
3680,second-ns.de,ENOTFOUND
3683,adminml.com,ENOTFOUND
3684,skycdn.it,ENOTFOUND
3685,awsdns-34.com,ENOTFOUND
3686,faceit.com,http_403
3689,awsdns-08.com,ENOTFOUND
3694,metmuseum.org,http_429
3696,opensuse.org,http_404
3699,minecraft-services.net,ENOTFOUND
3701,hubapi.com,http_200
3704,awsdns-51.com,ENOTFOUND
3578,onenote.com,timeout
3706,bitrix.info,http_403
3629,bac.com,timeout
3712,4wps.net,ERR_SSL_SSL/TLS_ALERT_HANDSHAKE_FAILURE
3714,zscloud.net,ENOTFOUND
3708,softether-network.net,ENOTFOUND
3718,ioriveredge.net,ENOTFOUND
3716,jimdosite.com,ENOTFOUND
3719,awsdns-61.com,ENOTFOUND
3720,awsdns-15.com,ENOTFOUND
3721,atl-paas.net,http_404
3724,rtbwise.com,http_200
3726,scw.cloud,ERR_SSL_WRONG_VERSION_NUMBER
3730,awsdns-62.com,ENOTFOUND
3732,awsdns-07.com,ENOTFOUND
3736,siteground.biz,ERR_TLS_CERT_ALTNAME_INVALID
3735,trkn.us,http_404
3739,jp.net,ERR_TLS_CERT_ALTNAME_INVALID
3742,gpubgm.com,ENOTFOUND
3741,ekatox.com,http_404
3743,ndash.net,ENOTFOUND
3746,coupangcdn.com,ENOTFOUND
3745,is.gd,http_200
3620,cloudappsecurity.com,timeout
3697,163jiasu.com,ERR_SSL_TLSV1_ALERT_INTERNAL_ERROR
3752,shopee.io,ENOTFOUND
3749,pipopay.com,http_404
3754,yp.to,ENOTFOUND
3753,gemius.pl,http_404
3756,braintree-api.com,ENOTFOUND
3760,ksyna.net,ENOTFOUND
3763,zdxcloud.net,ENOTFOUND
3765,twinrdengine.com,ENOTFOUND
3769,tilda.ws,http_404
3768,ethdisco.net,ENOTFOUND
3770,arlo.com,http_403
3772,autotrader.co.uk,http_403
3715,htzq.com.cn,http_403
3776,parrot-flow.com,ENOTFOUND
3783,samsungrs.com,ENOTFOUND
3727,onenote.net,ERR_TLS_CERT_ALTNAME_INVALID
3729,mydnspt.net,timeout
3785,tnt-ea.com,ENOTFOUND
3778,evgnet.com,http_400
3662,ntt.net,timeout
3789,awsdns-46.com,ENOTFOUND
3784,unam.mx,http_403
3792,bdtelemetry.amazon,ENOTFOUND
3794,2o7.net,ENOTFOUND
3796,mobiuspace.net,ENOTFOUND
3799,itau.com.br,http_403
3800,ttoverseaus.net,ENOTFOUND
3801,awsdns-57.com,ENOTFOUND
3806,awsdns-40.com,ENOTFOUND
3803,vimeocdn.com,http_200
3798,your-storageshare.de,http_200
3673,united.com,timeout
3807,nic.video,ERR_TLS_CERT_ALTNAME_INVALID
3814,wscdns.com,ENOTFOUND
3816,ebayimg.com,ENOTFOUND
3817,awsdns-53.com,ENOTFOUND
3818,clean.gg,ERR_TLS_CERT_ALTNAME_INVALID
3820,fastlydns.net,ENOTFOUND
3821,perl.com,http_200
3827,brightcove.net,ENOTFOUND
3811,judns.com,http_200
3834,arm-msedge.net,ENOTFOUND
3828,workdaysuv.com,http_403
3836,whost-solutions.ru,ENOTFOUND
3843,clarium.io,ENOTFOUND
3844,microsoftapp.net,ENOTFOUND
3847,guardingvision.com,http_200
3854,advolve.io,CERT_HAS_EXPIRED
3859,awsdns-23.com,ENOTFOUND
3864,cfdata.org,ENOTFOUND
3870,lenta.com,http_403
3873,awsdns-01.com,ENOTFOUND
3880,awsdns-48.com,ENOTFOUND
3777,queniuyk.com,ENOTFOUND
3882,awsdns-05.com,ENOTFOUND
3876,dnszi.com,http_404
3883,uuidksinc.net,http_403
3877,dnsv2.com,ENOTFOUND
3888,canvas-user-content.com,ENOTFOUND
3889,qrcdn.net,ENOTFOUND
3890,ax-dc-msedge.net,ENOTFOUND
3872,soufun.com,ERR_TLS_CERT_ALTNAME_INVALID
3893,bell-labs.com,http_410
3874,dbankcloud.asia,http_403
3897,f-sos.net,ENOTFOUND
3899,next.co.uk,http_403
3891,libbyshelf.com,ERR_TLS_CERT_ALTNAME_INVALID
3905,finam.ru,http_403
3906,awsdns-17.com,ENOTFOUND
3903,insightexpressai.com,http_404
3898,ajio.com,http_403
3912,awsdns-56.com,ENOTFOUND
3915,awsdns-58.com,ENOTFOUND
3918,okko.tv,http_200
3919,myftpupload.com,ENOTFOUND
3920,tuyaus.com,ENOTFOUND
3921,yndx-cdn.com,ENOTFOUND
3924,awsdns-21.com,ENOTFOUND
3929,awsdns-09.com,ENOTFOUND
3931,awsdns-14.com,ENOTFOUND
3832,mktoresp.com,timeout
3934,srv53.com,ECONNREFUSED
3933,lloydsbank.co.uk,http_200
3939,chrome.com,http_200
3938,stspg-customer.com,ENOTFOUND
3943,cyberark.com,http_200
3937,intergient.com,ENOTFOUND
3948,prismaaccess.com,ENOTFOUND
3947,bpigagtm.com,ENOTFOUND
3951,taxssp.com,ENOTFOUND
3952,tns-counter.ru,http_200
3936,126.net,ERR_TLS_CERT_ALTNAME_INVALID
3954,dnsimple-edge.com,ENOTFOUND
3955,humeysha.com,ENOTFOUND
3957,pinterest.net,ENOTFOUND
3956,mercadopago.com,http_404
3962,logicnow.us,ENOTFOUND
3961,clmbtech.com,http_502
3965,core.microsoft,ENOTFOUND
3966,nssvc.net,ENOTFOUND
3964,servicepipe.ru,http_403
3967,samokat.ru,http_403
3963,mycdn.me,http_404
3970,federalreserve.gov,http_404
3968,zuimeitianqi.com,http_404
3978,easyjet.com,http_403
3982,awsdns-06.com,ENOTFOUND
3980,serveriai.lt,http_200
3984,livedoor.jp,ERR_TLS_CERT_ALTNAME_INVALID
4000,glulive.com,ENOTFOUND
4001,hiyaapi.com,ENOTFOUND
3997,visualcapitalist.com,http_403
4002,awsdns-04.com,ENOTFOUND
3885,dreame.tech,http_200
4007,gamma.app,http_403
4004,loxonecloud.com,ENOTFOUND
4003,bk6bba-resources.com,ENOTFOUND
4011,indriverapp.com,ENOTFOUND
3973,cquotient.com,ECONNRESET
4018,dnsswitch.net,ENOTFOUND
4015,bb.com.br,http_403
4023,awsdns-02.com,ENOTFOUND
4016,browsiprod.com,http_400
4025,6sc.co,ENOTFOUND
4026,awsdns-45.com,ENOTFOUND
3884,bihar.gov.in,ENOTFOUND
4028,grandviewresearch.com,http_403
4032,awsdns-19.com,ENOTFOUND
4035,awsdns-38.com,ENOTFOUND
4036,awsdns-31.com,ENOTFOUND
4038,flixcdn.com,http_404
4039,wixstatic.com,ENOTFOUND
4042,js.org,http_404
4043,playfamily.ru,http_200
4045,linksynergy.com,ENOTFOUND
4041,gm.com,http_403
4046,pippio.com,http_503
4044,netsuite.com,http_403
4054,cbsivideo.com,ENOTFOUND
4056,vidazoo.com,http_403
4055,redcross.org,http_403
4059,hscollectedforms.net,ENOTFOUND
4060,mcr-msedge.net,ENOTFOUND
4057,rtmark.net,ECONNRESET
4050,unsw.edu.au,http_401
4062,aarki.net,ENOTFOUND
4064,superdnsserver.net,ENOTFOUND
4061,voskhod.ru,UNABLE_TO_VERIFY_LEAF_SIGNATURE
4066,awsdns-44.com,ENOTFOUND
4070,e1c-ops.com,ENOTFOUND
4071,awsdns-63.com,ENOTFOUND
4072,carfax.com,http_200
4076,awsdns-18.com,ENOTFOUND
4065,qlogo.cn,ENOTFOUND
4079,awsdns-50.com,ENOTFOUND
4081,awsdns-28.com,ENOTFOUND
4083,findlaw.com,http_403
3907,noon.com,timeout
4086,tmtreader.com,ENOTFOUND
4091,twtrdns.net,ENOTFOUND
4089,ctecdn.cn,ENOTFOUND
4093,umass.edu,http_403
3935,protek.ru,timeout
4040,queniusz.com,ENOTFOUND
4095,leadconnectorhq.com,http_200
4096,bcebos.com,ENOTFOUND
4097,awsdns-55.com,ENOTFOUND
4101,postimg.cc,http_200
4078,uc.cn,http_200
4098,line-scdn.net,ENOTFOUND
4099,awsdns-60.com,ENOTFOUND
4105,gname-dns.com,ENOTFOUND
4106,geodema.network,ECONNREFUSED
4108,alamy.com,http_429
4110,espncdn.com,http_200
4123,tk0x1.com,http_204
4127,news18.com,http_403
4125,japantimes.co.jp,http_403
4128,adtarget.biz,http_200
4131,abtasty.com,http_403
4122,heytapimg.com,http_403
4132,syndicatedsearch.goog,http_404
4133,elster.de,http_404
4138,proxad.net,ERR_TLS_CERT_ALTNAME_INVALID
4136,volcgtm.com,ENOTFOUND
4143,cognitivlabs.com,ENOTFOUND
4142,ugtelset.ru,ECONNREFUSED
4151,boardgamegeek.com,http_403
4156,mosspf.com,ENOTFOUND
4129,swrve.com,http_403
4170,nocookie.net,http_530
4169,vzwfemto.com,ENOTFOUND
4049,technoratimedia.com,timeout
4176,dns.eu,ENOTFOUND
4180,visx.net,ENOTFOUND
4178,mercedes-benz.com,http_403
4181,bsgslb.cn,ECONNREFUSED
4186,faa.gov,http_403
4187,p-cdn.us,ENOTFOUND
4185,kingsgroupgames.com,http_404
4193,rapidedge.io,ENOTFOUND
4195,cctld.us,ENOTFOUND
4196,instana.io,http_404
4192,us.org,http_200
4200,merchant-center-analytics.goog,http_404
4201,tvtropes.org,http_403
4206,bldrdoc.gov,ENOTFOUND
4205,byte008.com,ENOTFOUND
4208,cvs.com,http_403
4155,tiktok-row.net,ENOTFOUND
4210,claudeusercontent.com,http_200
4202,telogis.com,http_404
4211,dickssportinggoods.com,http_451
4218,ezoic.net,http_404
4203,pku.edu.cn,http_404
4223,awsdns-32.com,ENOTFOUND
4224,outbrainimg.com,http_404
4100,bngf.ru,timeout
4230,tlivesdk.com,ENOTFOUND
4231,studentaid.gov,http_403
4232,maxesads.com,ENOTFOUND
4233,deltafibernederland.nl,http_200
4103,abb.com,timeout
4237,adfox.ru,http_200
4241,defense.gov,http_403
4248,sa.com,ENOTFOUND
4244,mufg.jp,http_404
4243,rgnameserver.com,ENOTFOUND
4251,eu.org,CERT_HAS_EXPIRED
4245,sportskeeda.com,http_405
4254,paddypower.com,http_403
4246,forticloud.com,http_200
4258,hubspotusercontent-na1.net,ENOTFOUND
4259,lnkdns.net,ENOTFOUND
4261,pardot.com,http_200
4264,awsdns-00.com,ENOTFOUND
4267,arcticwolf.net,ERR_TLS_CERT_ALTNAME_INVALID
4265,nonamesec.com,http_404
4140,opentable.com,timeout
4262,mooo.com,ECONNREFUSED
4274,midasplayer.cloud,ENOTFOUND
4281,speedtestcustom.com,http_404
4280,vzwwo.com,ENOTFOUND
4158,inaccuracy.net,timeout
4285,topdns.me,ENOTFOUND
4292,adnxs-simple.com,ENOTFOUND
4293,hereapi.com,ENOTFOUND
4291,wp.me,http_404
4295,edgedns-tm.info,ENOTFOUND
4297,ahcdn.com,http_404
4299,dmcdn.net,ERR_TLS_CERT_ALTNAME_INVALID
4298,gb.net,http_200
4306,phpbb.com,http_403
4303,steamconnecttest.com,http_404
4236,unioneeu.com,timeout
4305,cableone.net,http_429
4311,missena.io,http_200
4301,vanderbilt.edu,http_404
4307,ucsf.edu,http_403
4316,backblazeb2.com,http_404
4194,britishcouncil.org,timeout
4320,dbankcdn.cn,http_403
4317,vk-portal.net,SELF_SIGNED_CERT_IN_CHAIN
4321,azure-dns.info,ENOTFOUND
4323,homes.com,http_403
4325,myworkdayjobs.com,ENOTFOUND
4324,volvocars.com,http_403
4329,fnac.com,http_403
4334,openxcdn.net,http_404
4335,talkie-ai.com,http_200
4337,hookspf.com,ENOTFOUND
4339,statsigapi.net,http_403
4340,splunkdev.net,ENOTFOUND
4342,zetaglobal.io,ENOTFOUND
4347,tabletki.ua,http_403
4348,af.mil,http_403
4352,cbrpay.ru,ENOTFOUND
4353,sophosxl.net,ENOTFOUND
4355,tconnect.services,DEPTH_ZERO_SELF_SIGNED_CERT
4362,iotbing.com,ENOTFOUND
4361,syncthing.net,http_404
4364,dzeninfra.ru,ENOTFOUND
4357,wandera.com,http_200
4371,blooket.com,http_403
4375,akadns99.net,ENOTFOUND
4372,easydns.com,http_404
4374,maticooads.com,ERR_SSL_WRONG_SIGNATURE_TYPE
4379,adspend.space,http_404
4382,nbcuott.com,ENOTFOUND
4378,dian.gov.co,http_404
4384,rylkngdm.com,http_200
4376,oath.com,http_200
4389,techlab-cdn.com,ENOTFOUND
4390,r7ops.com,ENOTFOUND
4395,growcdnssedge.com,ENOTFOUND
4392,ucsc.edu,http_403
4398,cdn-cookieyes.com,http_403
4283,cat.com,timeout
4396,thunderbird.net,http_404
4286,topdns.com,timeout
4403,localto.net,http_404
4400,johndeerecloud.com,ENOTFOUND
4397,ualberta.ca,http_403
4399,business-standard.com,http_403
4407,dns.ne.jp,ENOTFOUND
4411,ollama.com,http_404
4410,pin.it,http_200
4418,ebaycdn.net,ENOTFOUND
4412,code42.com,http_200
4421,homestead.com,http_403
4420,bidderstack.com,ENOTFOUND
4422,owhealth.com,http_404
4424,globalconnetct.com,ENOTFOUND
4314,miibeian.gov.cn,timeout
4426,sacdnssedge.com,ENOTFOUND
4427,awsdns-19.net,ENOTFOUND
4434,pstatp.com,ENOTFOUND
4437,heytapdownload.com,ERR_TLS_CERT_ALTNAME_INVALID
4440,volcfcdndvs1.com,ENOTFOUND
4441,awstrack.me,ENOTFOUND
4373,htsc.com,http_403
4445,bpldns.com,ENOTFOUND
4447,zohocdn.com,ENOTFOUND
4449,zmaticoo.com,http_200
4453,producthunt.com,http_403
4454,nrw.de,ECONNREFUSED
4446,verizon.net,http_200
4460,globalpay.com,ENOTFOUND
4463,ipecho.net,http_404
4458,keenetic.pro,http_200
4462,vivo.com.br,http_403
4468,sliide.cloud,CERT_HAS_EXPIRED
4391,queniuiq.com,ENOTFOUND
4474,livestream.com,http_200
4469,gist.build,http_200
4479,michaels.com,http_403
4481,lxdns.com,ENOTFOUND
4483,mailgun.net,ENOTFOUND
4484,wampserver.com,http_404
4457,viglink.com,http_200
4336,dotvndns.vn,timeout
4488,pornocarioca.com,http_403
4492,digicert.cn,ENOTFOUND
4491,gitlab.io,http_200
4498,redditspace.com,ENOTFOUND
4497,page.link,http_400
4500,victoriassecret.com,http_403
4495,githubcopilot.com,ERR_TLS_CERT_ALTNAME_INVALID
4501,mac.com,http_200
4506,sibforms.com,http_404
4507,cdnhwcuim119.com,ENOTFOUND
4512,ztat.net,ENOTFOUND
4513,54.in-addr.arpa,ENOTFOUND
4496,10086.cn,ERR_SSL_UNSAFE_LEGACY_RENEGOTIATION_DISABLED
4508,aliexpress.us,http_403
4518,ndmdhs.com,ENOTFOUND
4509,nessus.org,http_200
4514,namebright.com,http_200
4516,sbixby.com,ENOTFOUND
4521,ngxcld.com,ENOTFOUND
4526,ov1o.com,ENOTFOUND
4530,itsupport247.net,ENOTFOUND
4532,monash.edu,http_403
4531,biglobe.ne.jp,http_404
4537,hugedomainsdns.com,ENOTFOUND
4538,t0x.net,ECONNREFUSED
4519,eb.mil.br,http_200
4548,ipwho.is,http_404
4542,gslbnspk.ru,ENOTFOUND
4546,qq.com.cn,EHOSTUNREACH
4534,taoa.com,http_404
4555,a1q7.net,ENOTFOUND
4551,farlightgames.com,http_200
4559,gohugo.io,http_404
4545,kwimgs.com,http_400
4550,viafoura.co,ECONNRESET
4561,fujitsu.com,http_429
4562,baishan-cloud.net,ECONNREFUSED
4556,51.la,http_200
4405,lausd.net,timeout
4571,meteofor.com.ua,http_420
4567,vu.edu.pk,UNABLE_TO_VERIFY_LEAF_SIGNATURE
4577,dns-tm.com,ENOTFOUND
4574,nag.ru,http_200
4576,bsclink.cn,ECONNREFUSED
4580,operacdn.com,http_204
4581,pik.ru,http_403
4568,meituan.net,ERR_TLS_CERT_ALTNAME_INVALID
4432,ana.co.jp,timeout
4591,oxfordjournals.org,http_403
4595,latamairlines.com,http_403
4597,xn--ngstr-lra8j.com,ENOTFOUND
4596,pochta.ru,http_417
4602,sb-cd.com,ENOTFOUND
4603,ooklaserver.net,ENOTFOUND
4606,fastlylb.net,ENOTFOUND
4605,kaggle.com,http_404
4607,netscalergateway.net,ENOTFOUND
4599,bspb.ru,SELF_SIGNED_CERT_IN_CHAIN
4612,cbslocal.com,http_404
4604,hpdaas.com,http_200
4480,etrade.com,timeout
4486,kunlunaq.com,timeout
4618,icio.us,ERR_TLS_CERT_ALTNAME_INVALID
4566,vodafone-ip.de,ENOTFOUND
4629,hashicorp.com,http_429
4628,lazybumblebee.com,http_521
4634,kolnabo.com,ENOTFOUND
4635,tubi.video,ENOTFOUND
4627,uadns.com,http_200
4637,motherless.com,ENOTFOUND
4638,tplinkra.com,ENOTFOUND
4642,theiconic.com.au,http_403
4630,siemens.de,http_404
4647,bxcdn.net,ENOTFOUND
4646,estadao.com.br,http_403
4641,newgrounds.com,http_403
4644,aditude.cloud,ERR_SSL_TLSV1_ALERT_INTERNAL_ERROR
4639,tclking.com,http_404
4655,turnitin.com,http_403
4651,pendingrenewaldeletion.com,ENOTFOUND
4658,capcutapi.us,ENOTFOUND
4661,bdurl.net,ENOTFOUND
4653,189.cn,http_404
4662,hyperliquid.xyz,http_200
4660,acesso.gov.pt,http_200
4664,sicredi.com.br,http_403
4587,hikvision-cctv.su,ENOTFOUND
4672,pure.cloud,ENOTFOUND
4663,disney.co.jp,http_403
4671,firwinds.site,ENOTFOUND
4665,dutils.com,http_500
4682,ebaystatic.com,ENOTFOUND
4675,ow.ly,http_200
4690,rg.ru,ENOTFOUND
4680,virtualbox.org,http_200
4683,ocn.ne.jp,http_403
4692,viator.com,http_403
4553,medu.ir,timeout
4703,beyondtrustcloud.com,ENOTFOUND
4706,cldin.eu,http_403
4704,casio.com,http_403
4711,nominaltechno.com,CERT_HAS_EXPIRED
4712,azioncdn.net,ERR_TLS_CERT_ALTNAME_INVALID
4719,mx-ns.mx,ENOTFOUND
4717,ix.ru,http_200
4725,srv53.net,ECONNREFUSED
4728,nz.ua,http_403
4726,topgirl.co,ENOTFOUND
4723,hdhub4u.limo,ENOTFOUND
4727,onegg.site,ENOTFOUND
4732,ttcdn-us.com,ENOTFOUND
4733,palm.tech,ERR_TLS_CERT_ALTNAME_INVALID
4736,bangcdn.net,ENOTFOUND
4737,hgtv.com,http_451
4656,os-lb.com,ENOTFOUND
4741,pbase.com,http_200
4742,futbol-libre.su,ENOTFOUND
4743,echostarcdn.com,ENOTFOUND
4749,bunnyband.com,http_404
4752,apartments.com,http_403
4748,casasbahia.com.br,http_403
4756,funinstar.com,http_202
4745,madrasati.sa,ENOTFOUND
4759,cargurus.com,http_406
4757,sdpay.co.in,http_404
4747,dynu.com,http_200
4761,adtng.com,ENOTFOUND
4754,mnregaweb4.nic.in,http_404
4691,queniuum.com,ENOTFOUND
4766,ndcpp.com,ENOTFOUND
4767,doh.pub,http_502
4771,browser-intake-datadoghq.eu,http_403
4701,queniukw.com,ENOTFOUND
4772,cqloud.com,ENOTFOUND
4707,cloudflare-gateway.com,ENOTFOUND
4775,karte.io,http_404
4781,perimeterx.net,http_404
4785,chapturist.com,ENOTFOUND
4786,wsimg.com,ENOTFOUND
4788,iso.ch,ENOTFOUND
4791,dolynkcloud.com,ENOTFOUND
4789,hismarttv.com,http_404
4796,18.in-addr.arpa,ENOTFOUND
4804,atlasobscura.com,http_403
4806,52.in-addr.arpa,ENOTFOUND
4807,tripcdn.com,ENOTFOUND
4808,2kcoretech.online,ENOTFOUND
4803,cdnhwc6.cn,ENOTFOUND
4811,vbnmhjlp.com,ENOTFOUND
4762,gcloudcs.com,EHOSTUNREACH
4814,bytegecko.com,ENOTFOUND
4815,dns.kr,ENOTFOUND
4816,gfx.ms,ENOTFOUND
4770,ntp-fireos.com,ENOTFOUND
4819,zohopublic.com,http_404
4818,dyndns.com,http_200
4825,ecombdapi.com,ENOTFOUND
4830,ev2-msedge.net,ENOTFOUND
4831,sephora.com,http_403
4721,getgo.com,timeout
4828,br.com,http_200
4836,youboranqs01.com,ENOTFOUND
4787,queniusy.com,ENOTFOUND
4834,huaweicloud-dns.com,ENOTFOUND
4735,joinindianarmy.nic.in,timeout
4844,azure.us,ENOTFOUND
4840,txlivecdn.com,ENOTFOUND
4835,gdms.cloud,http_200
4798,iranlms.ir,timeout
4863,channelcom.tech,ENOTFOUND
4853,tdatamaster.com,ENOTFOUND
4864,theknot.com,http_403
4865,xmlsoft.org,CERT_HAS_EXPIRED
4861,ct.gov,http_200
4870,ertelecom.ru,http_200
4874,aiv-cdn.net,ENOTFOUND
4875,aliapp.org,ENOTFOUND
4763,zomato.com,timeout
4877,falconnet.app,ENOTFOUND
4882,mango.com,http_403
4880,glbimg.com,ENOTFOUND
4869,infoseek.co.jp,http_200
4887,dailyinnovation.biz,http_503
4894,jwpcdn.com,ENOTFOUND
4896,samsunghrm.com,http_200
4904,alphadnszone.com,ENOTFOUND
4854,omniroot.com,ENOTFOUND
4903,rima-tde.net,ENOTFOUND
4908,upstart.com,http_403
4892,cloudlinks.cn,http_200
4899,softbank.jp,http_200
4912,trasre.com,ENOTFOUND
4911,campaign-archive.com,ERR_TLS_CERT_ALTNAME_INVALID
4913,cloudrc.ru,ENOTFOUND
4800,kremlin.ru,timeout
4930,aoneroom.com,ENOTFOUND
4926,dominos.com,http_200
4921,samsungotn.net,ERR_TLS_CERT_ALTNAME_INVALID
4935,msftauthimages.net,ENOTFOUND
4933,rackspaceclouddb.com,ENOTFOUND
4931,blackspider.com,ERR_TLS_CERT_ALTNAME_INVALID
4940,midjourney.com,http_403
4943,yolasite.com,http_403
4860,conn3ct.space,timeout
4946,fastpanel.direct,http_200
4950,swiftycdn.net,ENOTFOUND
4944,orange.com,http_200
4949,businessweek.com,http_403
4957,mayzaent.com,http_403
4959,gccdn.cn,ENOTFOUND
4954,jal.co.jp,http_403
4960,honeygain.com,http_404
4962,bilivideo.com,ENOTFOUND
4966,tdnsvod1.cn,ENOTFOUND
4968,eset.systems,ENOTFOUND
4967,arubainstanton.com,http_403
4974,ghcr.io,http_404
4976,exitlag.net,http_404
4958,manutouch.com.cn,UND_ERR_SOCKET
4978,domainnamedns.com,ENOTFOUND
4979,tlivesource.com,EHOSTUNREACH
4915,queniuso.com,ENOTFOUND
4855,qwest.net,timeout
4927,qihucdn.com,ENOTFOUND
4985,wsdvs.info,ENOTFOUND
4995,tpd-soe.com,ENOTFOUND
4989,shopee.com,http_200
4997,dtvce.com,ENOTFOUND
4999,capcutstatic.com,ENOTFOUND
4982,correios.com.br,http_200
5000,cdnhwcuwd107.cn,ENOTFOUND
4969,youngjoygame.com,ENOTFOUND
4970,youversionapi.com,timeout
4928,kroger.com,timeout
4994,tabletcaptiveportal.com,timeout
4963,zalan.do,timeout
4996,webdav.org,timeout
5003,appiersig.com,ENOTFOUND
5005,tildacdn.com,http_404
5002,braze-images.com,http_403
5013,frontiernet.net,http_404
5001,dnspod.cn,http_200
5014,fastecn.com,ENOTFOUND
5015,libreoffice.org,http_404
5020,kzhi.tech,ENOTFOUND
5025,streamabc.link,ENOTFOUND
5024,mail.com,http_404
5029,yandex-team.ru,http_404
5034,eleconomista.es,http_403
5036,qvc.com,http_418
5042,adx.ws,http_200
5041,benzinga.com,http_403
5043,adzerk.net,ENOTFOUND
5044,azure-dns.org,ENOTFOUND
5048,connman.net,CERT_HAS_EXPIRED
5038,atol.ru,http_200
5046,fandango.com,http_200
5050,second-ns.com,ENOTFOUND
5053,pmbmonetize.live,ENOTFOUND
5054,zjcdn.com,ENOTFOUND
5062,mediagotechnology.com,CERT_HAS_EXPIRED
5056,jma.go.jp,http_404
5064,byteeffecttos-g.com,ENOTFOUND
5052,spacex.com,http_404
5066,hyprmx.com,http_403
5068,gtimg.com,ENOTFOUND
5072,meli.com,http_200
5075,goooooooooooooooooooooooooooooooooooooooooooooooooooooooooogle.com,UNABLE_TO_GET_ISSUER_CERT_LOCALLY
5078,rei.com,http_403
5081,moovitapp.com,http_202
5084,strln.net,ENOTFOUND
5087,pingone.com,ENOTFOUND
5058,youdao.com,http_200
5090,msauthimages.net,ENOTFOUND
5089,gr.com,ERR_TLS_CERT_ALTNAME_INVALID
5097,protrafficinspector.com,http_404
5091,pushd.com,http_200
5099,napps-1.com,http_403
5103,dyn.com,http_403
5112,tobsnssdk.com,ENOTFOUND
5110,cdnhwc10.com,ENOTFOUND
5114,weixinbridge.com,ENOTFOUND
5116,edgetcdn.io,ENOTFOUND
5118,ladbrokes.com,http_403
5069,zdnscloud.biz,ENOTFOUND
5119,ucr.edu,http_200
5121,alexa.com,http_200
5077,zdnscloud.net,ENOTFOUND
5096,canon.com,http_404
5031,miamiherald.com,timeout
5033,fastcgi.com,timeout
5037,alikunlun.net,timeout
5130,dns-servers.vn,ENOTFOUND
5133,zepto.co.in,ENOTFOUND
5128,chinanetcenter.com,http_406
5131,rj.link,ERR_TLS_CERT_ALTNAME_INVALID
5135,mass.gov,http_403
5144,jcpenney.com,http_200
5147,meganameservers.eu,ENOTFOUND
5152,mlrnd.ru,ENOTFOUND
5109,counterpane.com,CERT_HAS_EXPIRED
5157,gdflpr.com,ENOTFOUND
5158,marketing-hub.net,http_403
5164,ggblueshark.com,ENOTFOUND
5117,anyrtb.com,timeout
5166,akasripcn.net,ENOTFOUND
5170,joom.com,http_429
5171,rsasecurity.com,ENOTFOUND
5168,myworkday.com,http_200
5179,ortb.net,ENOTFOUND
5123,uu.net,ENOTFOUND
5177,myrostelecom.ru,ENOTFOUND
5150,faipod.com,CERT_HAS_EXPIRED
5183,vix.com,http_200
5086,activision.com,timeout
5182,tw1.ru,http_200
5189,gamestop.com,http_403
5186,kwaipay.app,http_404
5174,kvant-telecom.ru,err
5188,crazymaplestudios.com,http_200
5190,biblehub.com,http_404
5187,detailroi.com,http_404
5191,firebaseapp.com,http_200
5198,apple-mapkit.com,ENOTFOUND
5197,nhtsa.gov,http_403
5199,ijg.org,http_404
5201,amplience.net,ENOTFOUND
5193,charter.com,http_403
5209,ggpolarbear.com,ENOTFOUND
5184,tistory.com,http_404
5212,wp2p.link,ENOTFOUND
5213,mediation.goog,http_404
5216,stripecdn.com,http_200
5224,7-zip.org,http_200
5227,planetminecraft.com,http_403
5231,exacttarget.com,http_200
5237,kaufland.de,http_403
5211,360qhcdn.com,ENOTFOUND
5240,wassenaar.org,http_200
5223,brdtnet.com,ENOTFOUND
5222,zdnscloud.info,ENOTFOUND
5163,ddnsfree.com,timeout
5239,queniuuf.com,ENOTFOUND
5173,cybertrust.com,timeout
5258,gmru.net,ENOTFOUND
5257,brdtest.com,http_404
5263,ons.gov.uk,http_404
5267,sfdcfc.net,ENOTFOUND
5269,gorgias.chat,ENOTFOUND
5270,trtcube-license.cn,http_400
5275,devicetask.com,ENOTFOUND
5244,aliyuncsslb.com,timeout
5276,sspnet.tech,ERR_TLS_CERT_ALTNAME_INVALID
5230,azurerms.com,timeout
5280,controld.com,http_404
5283,michelin.com,http_500
5284,kwai-pay.com,http_404
5278,cars.com,http_403
5235,emirates.com,timeout
5282,actionverb.com,http_404
5288,byteplusvod.com,ENOTFOUND
5238,mcafee.net,timeout
5291,harknmav.fun,http_200
5296,sleepycat.com,ERR_TLS_CERT_ALTNAME_INVALID
5286,tv-asahi.co.jp,http_200
5305,dssedge.com,ENOTFOUND
5301,komect.com,http_403
5307,minecraftservices.com,ENOTFOUND
5312,michigan.gov,http_403
5306,fstr.rocks,http_503
5314,34.in-addr.arpa,ENOTFOUND
5316,byteintlapi.com,ENOTFOUND
5265,udag.de,ECONNREFUSED
5322,freshchat.com,http_502
5324,sumup.com,http_200
5332,sfdc.net,ENOTFOUND
5328,d-53.jp,ENOTFOUND
5323,sber.ru,ECONNRESET
5336,laztys.tech,ENOTFOUND
5339,mobileiron.com,http_200
5337,tailwindcss.com,http_404
5340,bidster.net,http_200
5345,oktacdn.com,ENOTFOUND
5342,tractorsupply.com,http_403
5347,1337x.to,http_403
5241,kozow.com,timeout
5350,hwg.org,http_500
5354,filesusr.com,http_403
5243,g2a.com,timeout
5363,geneanet.org,http_403
5355,crcdn.pro,ENOTFOUND
5356,globalvisionad.com,http_404
5367,rainbird.com,http_530
5371,nic.live,ERR_TLS_CERT_ALTNAME_INVALID
5374,firstbytedns.net,ENOTFOUND
5380,ck-ie.com,ENOTFOUND
5381,githubassets.com,http_500
5388,dbankcloud.eu,ENOTFOUND
5392,test.com,http_403
5382,temporary.site,ERR_TLS_CERT_ALTNAME_INVALID
5254,bfmio.com,timeout
5377,alipayobjects.com,ERR_TLS_CERT_ALTNAME_INVALID
5393,zoneedit.com,http_404
5401,cloudflaressl.com,ERR_SSL_SSL/TLS_ALERT_HANDSHAKE_FAILURE
5397,demonii.com,http_500
5405,startribune.com,http_429
5403,liveperson.net,ECONNREFUSED
5413,fcomet.com,ENOTFOUND
5412,capcutvod.com,ENOTFOUND
5417,sberbank-tele.com,http_404
5407,uic.edu,UNABLE_TO_VERIFY_LEAF_SIGNATURE
5419,royalmail.com,http_403
5423,invisioncic.com,ENOTFOUND
5426,stake.com,http_403
5420,kgns3.com,ENOTFOUND
5416,ohio.gov,http_404
5425,just-eat.co.uk,http_403
5428,1tv.ru,ENOTFOUND
5429,a-mx.net,ENOTFOUND
5432,we.tl,http_404
5438,kontur.host,ENOTFOUND
5439,cdn28.com,ENOTFOUND
5427,cloudbirds.cn,http_404
5442,weatherkit.net,http_403
5441,keenetic.link,http_200
5443,tinypic.com,ERR_SSL_SSL/TLS_ALERT_HANDSHAKE_FAILURE
5446,share-dns.net,http_403
5445,apache-ssl.org,http_200
5436,flysleep.cn,ENOTFOUND
5450,dyndns.tv,ECONNREFUSED
5453,sintecgroup.ru,http_404
5460,hsprotect.net,http_404
5461,etherscan.io,http_200
5462,corpinter.net,ENOTFOUND
5463,dropz-k.com,ENOTFOUND
5464,elcorteingles.es,http_403
5456,byd.com,http_404
5465,ponyexpress.tech,ENOTFOUND
5471,vps-vids.com,http_403
5467,telecomitalia.it,http_200
5473,zoopla.co.uk,http_403
5478,freetds.org,http_404
5481,free-reels.com,http_200
5483,dtscdn.com,ENOTFOUND
5414,saasprotection.com,ERR_SSL_WRONG_VERSION_NUMBER
5488,jobstreet.com,http_404
5329,xtracloud.cn,timeout
5491,vizio.com,ERR_TLS_CERT_ALTNAME_INVALID
5490,rshb.ru,UNABLE_TO_GET_ISSUER_CERT_LOCALLY
5499,apiblink.ru,http_403
5497,gotomeeting.com,http_200
5504,filmaffinity.com,http_403
5482,kugou.com,http_404
5510,afafb.com,ENOTFOUND
5508,serasa.com.br,http_403
5507,buyee.jp,http_403
5509,cribl.cloud,http_404
5519,lothar.com,http_404
5521,travelaudience.com,http_200
5528,142.in-addr.arpa,ENOTFOUND
5522,telia.com,http_200
5529,e5.sk,ENOTFOUND
5530,bw9iawxl.com,ENOTFOUND
5527,idnscloud.com,ENOTFOUND
5531,webthing.com,ECONNREFUSED
5535,trenitalia.com,http_200
5540,rozetka.com.ua,http_403
5542,activemetering.com,ENOTFOUND
5543,sputniknews.com,ENOTFOUND
5533,ves.io,http_200
5475,qunaer.com,timeout
5546,nashjournal.ru,ENOTFOUND
5553,britishairways.com,http_200
5537,360.com,http_404
5554,acobt.tech,ENOTFOUND
5545,rand.org,http_403
5561,mercadoclics.com,ENOTFOUND
5557,weborama-tech.ru,http_200
5558,sina.com,http_404
5565,facebook-hardware.com,http_404
5563,mypurecloud.com,http_500
5567,pixels.com,http_403
5568,kbb.com,http_403
5570,ultradns2.com,ENOTFOUND
5424,3m.com,timeout
5579,thinkific.com,http_403
5560,cafe24.co.kr,http_200
5440,ufanet.ru,timeout
5582,reference.com,http_404
5577,nus.edu.sg,http_200
5589,grofer.io,ENOTFOUND
5576,qiniup.com,ERR_TLS_CERT_ALTNAME_INVALID
5591,blastapi.io,http_200
5594,adtidy.org,http_404
5592,rylmtch.com,http_200
5603,b2clogin.com,http_404
5607,usgovcloud.microsoft,ENOTFOUND
5608,domru.ru,http_403
5613,adobesc.com,ENOTFOUND
5615,wsukwai.com,ENOTFOUND
5619,golux.com,ECONNREFUSED
5621,nspk.ru,UNABLE_TO_GET_ISSUER_CERT_LOCALLY
5616,skynet.be,http_200
5626,config-security.com,http_525
5631,dler.org,http_403
5629,musical.ly,ENOTFOUND
5635,momoshop.com.tw,http_200
5641,janusaent.com,http_403
5643,rdcnw.net,ENOTFOUND
5644,lomanovo.com,ENOTFOUND
5645,alice.it,UNABLE_TO_VERIFY_LEAF_SIGNATURE
5648,baseball-reference.com,http_403
5649,rtactivate.com,ENOTFOUND
5652,stealth.si,http_404
5654,sainsburys.co.uk,http_403
5665,livesportmedia.eu,http_404
5668,bose.io,ENOTFOUND
5669,apachetutor.org,ENOTFOUND
5672,ns.se,ENOTFOUND
5664,puma.com,http_404
5559,iplanet.com,timeout
5674,inmobi-choice.io,ENOTFOUND
5675,uva.nl,http_200
5677,respawn.com,http_404
5578,marketo.com,timeout
5683,kerala.gov.in,http_404
5599,wicknetwork.pro,timeout
5688,codeplex.com,http_200
5693,bedrock.tech,ENOTFOUND
5694,gslbjpmchase.com,ENOTFOUND
5700,createjs.com,http_200
5701,carmax.com,http_403
5702,thalia.de,http_403
5706,44.in-addr.arpa,ENOTFOUND
5705,xxx.com,http_200
5697,cib.com.cn,http_404
5609,ultradns.biz,timeout
5717,illusionblack.com,ENOTFOUND
5716,menlosecurity.com,http_200
5719,matomo.cloud,http_200
5724,awsdns-56.net,ENOTFOUND
5727,sony.tv,ENOTFOUND
5714,104.com.tw,http_403
5730,zopim.com,http_200
5630,acer.com,timeout
5691,brother.com,http_404
5734,samsungmobile.com,ERR_TLS_CERT_ALTNAME_INVALID
5739,gscdn.net,ENOTFOUND
5735,l.ink,http_200
5744,haaretz.com,http_403
5740,honda.com,http_403
5746,squarespace-cdn.com,ENOTFOUND
5748,p-n.io,ENOTFOUND
5710,passport.com,timeout
5751,obihai.com,ENOTFOUND
5747,iaea.org,http_403
5750,privacysandboxservices.com,ENOTFOUND
5720,rajasthan.gov.in,timeout
5757,jetbrains.ai,http_200
5758,kustomerapp.com,http_403
5761,ebscohost.com,http_200
5764,fizzopic.org,ENOTFOUND
5723,neverssl.com,UND_ERR_SOCKET
5752,hexun.com,http_404
5771,1rpc.io,http_400
5773,mevblocker.io,http_404
5776,godaddysites.com,http_404
5775,oneget.org,http_503
5778,ask.com,http_404
5763,pia.jp,http_200
5777,playtopgames.ru,ENOTFOUND
5785,internet-measurement.com,http_200
5784,app.google,http_400
5787,ondigitalocean.app,ENOTFOUND
5783,harica.gr,http_404
5689,cnmsn.net,timeout
5794,gigya.com,ENOTFOUND
5795,radissonhotels.com,http_403
5800,serverbid.com,ENOTFOUND
5803,americanbar.org,http_403
5797,star4live.com,http_200
5801,agenziaentrate.gov.it,http_403
5806,yesstyle.com,http_403
5810,rixengine.com,http_404
5814,blogspot.com.es,http_404
5696,cronolog.org,timeout
5820,ptsecurity.com,UNABLE_TO_GET_ISSUER_CERT_LOCALLY
5826,r2.dev,http_500
5824,samhsa.gov,http_403
5829,itspro.team,CERT_HAS_EXPIRED
5835,itunes.com,http_200
5838,wxlivecdn.com,ENOTFOUND
5833,huaweicloudwaf.com,CERT_HAS_EXPIRED
5836,r-project.org,http_404
5840,taboolanews.com,http_503
5841,ipsos.com,http_200
5842,c-msedge.net,ENOTFOUND
5839,mimecast.net,http_200
5847,outbrain.org,ENOTFOUND
5850,cometchat.io,ENOTFOUND
5851,outboundproxy.com,ENOTFOUND
5855,fhvfd.com,http_404
5871,wscvip.cn,ENOTFOUND
5878,ospserver.net,http_503
5876,sgnic.sg,http_404
5880,smartclip.net,http_403
5804,alibaba-inc.com,http_200
5823,2cnt.net,timeout
5885,aircanada.com,http_404
5886,telus.com,http_403
5887,atera.com,http_403
5754,eventim.de,timeout
5884,china.com,http_404
5890,imagemagick.com,ERR_TLS_CERT_ALTNAME_INVALID
5891,esxdos.org,http_200
5888,mlit.go.jp,http_404
5895,hostedrmm.com,ENOTFOUND
5899,sonnenbatterie.de,http_404
5900,bvfcdn.com,ENOTFOUND
5914,proxytg.space,ENOTFOUND
5915,mjedge.net,ERR_TLS_CERT_ALTNAME_INVALID
5919,truthsocial.com,http_200
5910,planalto.gov.br,ECONNRESET
5920,liverpool.com.mx,http_403
5923,hostgator.mx,http_403
5822,mcx.ru,timeout
5930,kuronekoyamato.co.jp,http_404
5931,okjds8z.com,ENOTFOUND
5932,kytira.cc,ENOTFOUND
5934,airmap.com,ERR_TLS_CERT_ALTNAME_INVALID
5834,java.net,timeout
5936,ltmsphrcl.net,ENOTFOUND
5937,server-k2cz.net,ENOTFOUND
5837,plrm.zone,timeout
5943,meti.go.jp,http_403
5948,catawiki.com,http_403
5867,dana.id,timeout
5958,byspotify.com,ENOTFOUND
5959,clientgear.com,ENOTFOUND
5922,queniurc.com,ENOTFOUND
5924,bgchprod.info,ENOTFOUND
5965,mcldns.net,ERR_TLS_CERT_ALTNAME_INVALID
5881,gingerall.com,timeout
5971,vidazoo.services,ENOTFOUND
5969,changeip.com,http_200
5960,ntu.edu.tw,http_404
5979,mcldns.com,ERR_TLS_CERT_ALTNAME_INVALID
5980,adsurge.com,http_200
5981,adtdp.com,http_404
5897,demonware.net,timeout
5985,cricinfo.com,http_403
5992,rs-online.com,http_200
5991,xs4all.nl,http_200
5982,netperf.org,ERR_TLS_CERT_ALTNAME_INVALID
6000,vbrtex.cc,ENOTFOUND
6003,713mtauburnctcolumbusoh43085.st,ENOTFOUND
6006,mcldns.co.uk,ERR_TLS_CERT_ALTNAME_INVALID
6012,tlivepush.com,EHOSTUNREACH
6011,msk.ru,ECONNREFUSED
6005,hku.hk,http_404
6017,homeoffice.gov.uk,ERR_TLS_CERT_ALTNAME_INVALID
6022,dual-s-dc-msedge.net,ENOTFOUND
6018,dan.com,http_200
6024,cloudwaysapps.com,ENOTFOUND
6028,betano.com,http_200
6010,midea.com.cn,http_404
6034,adobecces.com,ENOTFOUND
5925,inss.gov.br,timeout
6026,computrabajo.com,http_404
6039,apachetoday.com,http_200
6032,wpscdn.cn,http_200
6041,copyright.gov,http_404
6043,lunalabs.io,http_503
6045,springeropen.com,http_404
6044,baitoru.com,http_403
6046,dome9.com,http_200
6052,chanel.com,http_403
6053,fabulous.com,http_404
6038,cmd.su,http_200
5944,goindigo.in,timeout
6055,appdynamics.com,http_200
6061,ibosscloud.com,http_404
6068,plesk.page,ENOTFOUND
6070,bytelb.com,ENOTFOUND
6073,awsdns-20.net,ENOTFOUND
6069,amazonsilk.com,http_403
6072,dpreview.com,http_403
6071,lsapp.eu,http_404
6074,hypernode.io,ECONNREFUSED
6008,clicktale.net,timeout
5951,dynect.net,timeout
6064,leeds.ac.uk,http_200
6081,chefkoch.de,http_403
6076,lenta.tech,http_404
6089,lilithgame.com,CERT_HAS_EXPIRED
6094,akamaistream.net,ENOTFOUND
6095,cloudflareportal.com,http_404
6091,gscdn.com,ENOTFOUND
6102,rtcfront.net,ENOTFOUND
6105,diy.com,http_503
6106,zxcs.nl,DEPTH_ZERO_SELF_SIGNED_CERT
6114,gamoshi.io,ENOTFOUND
6110,project-limelight.com,ERR_SSL_TLSV1_ALERT_INTERNAL_ERROR
6116,rnote.com,http_404
6119,cartocdn.com,ENOTFOUND
6115,tlivecdn.com,EHOSTUNREACH
6118,digitaltarget.ru,http_404
6121,inria.fr,http_403
6124,hiddenvpn.ru,ENOTFOUND
6117,trpcdn.net,ECONNREFUSED
6129,goldmansachs.com,http_403
6130,akamaixbc.net,ENOTFOUND
6123,auone.jp,http_200
6126,claro.com.br,http_500
6139,humbedooh.com,http_404
6140,cgood.ru,http_404
6143,wolterskluwer.com,http_403
6132,evidon.com,http_403
6149,awsdns-03.net,ENOTFOUND
6148,yamaha.com,http_403
6154,falabella.com,http_200
6156,ibscorp.ru,ENOTFOUND
6157,cloudbackup.management,http_401
6033,tacobell.com,timeout
6035,yodobashi.com,timeout
6167,transcend-cdn.com,http_404
6168,stroyserviceru.ru,ENOTFOUND
6170,goo.ne.jp,ENOTFOUND
6042,opera-mini.net,timeout
6178,edgekey88.net,ENOTFOUND
6181,threebit.net,http_200
6183,lgdacom.net,ENOTFOUND
6190,thisisdax.com,http_403
6193,besoccer.com,http_406
6197,ca-servers.ca,ENOTFOUND
6175,dianping.com,http_502
6206,bidtheatre.com,http_200
6208,resetdigital.co,http_404
6213,cdn-tinkoff.ru,http_403
6218,35.in-addr.arpa,ENOTFOUND
6222,bluecava.com,http_200
6221,oreillyauto.com,http_403
6225,hsadspixel.net,ENOTFOUND
6227,mtv.com,http_200
6229,demon.co.uk,ENOTFOUND
6090,sytes.net,timeout
6223,nuro.jp,http_403
6233,bytelb.net,ENOTFOUND
6237,europepmc.org,http_403
6240,fourseasons.com,http_403
6243,exblog.jp,http_403
6246,bsky.network,http_404
6107,anlian.co,timeout
6249,artnet.com,http_403
6251,dayunlinks.cn,http_404
6255,jeuxvideo.com,http_403
6248,incometax.gov.in,http_200
6192,mtu.ru,ENOTFOUND
6263,currys.co.uk,http_403
6220,sfr.net,ENOTFOUND
6272,boltdns.net,ENOTFOUND
6271,skyrock.net,http_200
6277,punchmedia.ru,http_200
6282,stream-io-api.com,ENOTFOUND
6284,nodes.ac,ENOTFOUND
6287,adplay.ru,http_200
6290,awsdns-10.net,ENOTFOUND
6294,aka-ns.net,ENOTFOUND
6295,qatarairways.com,http_403
6257,tander.ru,ENOTFOUND
6300,ns.il,ENOTFOUND
6265,verkada-lan.com,ENOTFOUND
6205,veloxzone.com.br,timeout
6307,dexscreener.com,http_403
6309,adserv.ai,ENOTFOUND
6313,prebid.cloud,ENOTFOUND
6306,50union.com,http_404
6316,bilicdn1.com,ENOTFOUND
6274,nr-ops.net,timeout
6324,bmw.cloud,ENOTFOUND
6327,rcdn-web.com,http_404
6226,lululemon.com,timeout
6330,alza.cz,http_403
6325,reliefweb.int,http_406
6235,turkishairlines.com,timeout
6335,avant.si,http_404
6337,nseindia.com,http_403
6340,coppel.com,http_403
6342,onclouddns.com,ENOTFOUND
6348,awsdns-47.net,ENOTFOUND
6250,beget.pro,timeout
6353,repec.org,ERR_SSL_WRONG_VERSION_NUMBER
6357,wn.com,http_200
6361,wikiloc.com,http_403
6259,dns.id,timeout
6356,mediadataflow.cloud,ERR_SSL_SSL/TLS_ALERT_HANDSHAKE_FAILURE
6367,twitchcdn.net,ENOTFOUND
6369,bank.in,ENOTFOUND
6372,homedepot.ca,http_403
6371,very.co.uk,http_403
6368,cdnhwcohm19.com,ENOTFOUND
6373,gambleaware.org,http_403
6378,plista.com,ENOTFOUND
6382,incapsecuredns.net,ENOTFOUND
6383,ragpets.com,ENOTFOUND
6384,mozaws.net,ENOTFOUND
6387,hstgr.cloud,ENOTFOUND
6385,drogasil.com.br,http_403
6392,homes.co.jp,http_403
6332,l-tike.com,timeout
6399,device9.com,http_200
6319,razersynapse.com,timeout
6418,puzztake.com,ENOTFOUND
6420,t-ipconnect.de,ENOTFOUND
6328,arvancdn.ir,ERR_SSL_SSL/TLS_ALERT_HANDSHAKE_FAILURE
6400,accompany.com,http_200
6409,gksmdns.com,ENOTFOUND
6425,net-line.pro,http_404
6426,registrydns.co,ENOTFOUND
6407,4.cn,http_200
6429,awsdns-23.net,ENOTFOUND
6430,contentful.com,http_429
6424,lazada.com,http_200
6438,firstbytedns.ru,ENOTFOUND
6442,awsdns-51.net,ENOTFOUND
6444,n11.com,http_403
6445,awsdns-57.net,ENOTFOUND
6452,opecloud.com,ENOTFOUND
6437,twnic.net.tw,http_426
6380,asahi-net.or.jp,http_404
6451,6qdgn5ym.com,http_403
6457,interno.gov.it,http_200
6461,hostmonster.com,http_403
6464,tokyo.lg.jp,ENOTFOUND
6466,fanpage.it,http_403
6470,bpmlt.com,ENOTFOUND
6472,tpnet.pl,ENOTFOUND
6473,poolbinance.com,ENOTFOUND
6478,kmart.com.au,http_403
6480,awsdns-18.net,ENOTFOUND
6485,author.today,http_403
6482,httpwg.org,http_404
6483,atomex.net,http_404
6465,binance.info,http_200
6493,sonyliv.com,http_403
6496,go-vip.net,http_200
6491,bunnings.com.au,http_403
6503,smotrim.ru,ENOTFOUND
6507,playgamesonline.ru,http_404
6508,p-cdn.com,ENOTFOUND
6512,sportsapi.ru,http_403
6511,tencent-cloud.com,EHOSTUNREACH
6513,smooch.io,http_404
6516,funda.nl,http_200
6515,fon.bet,http_200
6510,financialcontent.com,http_200
6518,svr-algorix.com,ENOTFOUND
6521,truepeoplesearch.com,http_403
6524,cloudscdn.net,ENOTFOUND
6522,naver.jp,ENOTFOUND
6535,edgecdn.world,ERR_SSL_TLSV1_ALERT_INTERNAL_ERROR
6536,eapteka.ru,http_403
6542,aptrinsic.com,http_404
6545,ui-dns.de,ENOTFOUND
6546,qzwxrtyk.com,ENOTFOUND
6548,ezydomain.com,ENOTFOUND
6549,corsanywhere.org,ECONNRESET
6552,awsdns-42.net,ENOTFOUND
6553,imostatic.com,ENOTFOUND
6559,13.in-addr.arpa,ENOTFOUND
6556,mediarithmics.com,http_200
6562,prf.hn,http_204
6565,fbs1-t-msedge.net,ENOTFOUND
6568,awsdns-35.net,ENOTFOUND
6570,unctad.org,http_403
6569,ugsk.ru,http_200
6572,bezeqint.net,http_403
6574,seondnsresolve.com,http_200
6578,cinemark.com,http_403
6581,aws-thinq-prd.net,ENOTFOUND
6583,bytetcdn.com,ENOTFOUND
6582,53.com,http_200
6589,tenten.vn,http_403
6526,queniubh.com,ENOTFOUND
6586,main.jp,ERR_TLS_CERT_ALTNAME_INVALID
6446,st.com,timeout
6448,tn.gov.in,timeout
6607,dodois.io,http_404
6609,rbstsystems.live,ENOTFOUND
6610,freewebs.com,http_200
6614,vonedge.com,ENOTFOUND
6613,darty.com,http_403
6615,mrktmtrcs.net,ENOTFOUND
6618,mijia.tech,ENOTFOUND
6624,wistia.net,ENOTFOUND
6490,1und1.de,timeout
6626,awsdns-40.net,ENOTFOUND
6631,abema.tv,http_404
6623,anteldata.com.uy,ERR_TLS_CERT_ALTNAME_INVALID
6637,housing.com,http_406
6632,aidcgroup.net,ERR_TLS_CERT_ALTNAME_INVALID
6641,myangular.life,ENOTFOUND
6642,nflximg.net,ENOTFOUND
6644,unece.org,http_403
6638,avon.com,http_403
6587,sii.cl,http_404
6645,videy.co,http_200
6636,dealerinspire.com,http_200
6648,bajajfinserv.in,http_403
6525,sportsdirect.com,timeout
6659,dnacdn.net,http_404
6661,wx4.top,ENOTFOUND
6656,sunat.gob.pe,http_404
6667,imedia.cz,ENOTFOUND
6664,sbercloud.ru,http_403
6669,awsapprunner.com,ENOTFOUND
6670,cloudflareaccess.com,http_404
6672,tripledotapi.com,ENOTFOUND
6544,stabletransit.com,timeout
6673,shareasale.com,http_200
6680,fsrv.io,ENOTFOUND
6683,awsdns-41.net,ENOTFOUND
6684,pro-market.net,ENOTFOUND
6685,irctc.co.in,http_404
6660,mca.gov.in,http_403
6677,autohome.com.cn,http_200
6687,ntv.ru,ENOTFOUND
6691,zvuk.com,http_418
6692,wedos.cz,http_401
6695,devline.tv,http_200
6653,vsassets.io,timeout
6697,activtrak.net,ENOTFOUND
6657,bytegslb.com,ENOTFOUND
6700,awsdns-25.net,ENOTFOUND
6702,awsdns-12.net,ENOTFOUND
6705,twstalker.com,http_403
6596,grigorik.com,timeout
6597,eaton.com,timeout
6710,awsdns-49.net,ENOTFOUND
6708,js7k.com,ERR_TLS_CERT_ALTNAME_INVALID
6712,cimpress.io,ENOTFOUND
6714,impression.link,http_404
6716,amplreq.com,ENOTFOUND
6717,lemon8-app.com,http_503
6720,voodoo-tech.io,ENOTFOUND
6721,awsdns-22.net,ENOTFOUND
6722,zmcyu9ypy.com,ENOTFOUND
6678,haplat.net,ENOTFOUND
6728,o3.ru,ENOTFOUND
6733,de-tencentclb.cloud,ENOTFOUND
6730,1905.com,http_409
6736,workspaceone.com,http_200
6740,awsdns-05.net,ENOTFOUND
6742,gjacky.com,ENOTFOUND
6752,awsdns-50.net,ENOTFOUND
6753,gvt1-cn.com,http_404
6756,codebig2.net,ENOTFOUND
6757,teslamotors.com,http_403
6703,episerver.net,timeout
6760,bouncex.net,ERR_TLS_CERT_ALTNAME_INVALID
6763,autotrader.com,http_403
6766,microchip.com,http_403
6715,claro.net.br,ENOTFOUND
6769,beget.tech,http_200
6674,mouser.com,timeout
6775,playbattlegrounds.com,ENOTFOUND
6776,sophosupd.com,ENOTFOUND
6777,gamestar.de,http_403
6772,grserver.gr,CERT_HAS_EXPIRED
6780,awsdns-52.net,ENOTFOUND
6782,cscdns.net,ECONNREFUSED
6785,ucm.es,http_404
6791,colossusssp.com,http_404
6792,playnewgames.ru,ERR_SSL_TLSV1_ALERT_INTERNAL_ERROR
6784,hkjc.com,http_404
6789,spotify.net,http_200
6794,sling.com,http_403
6799,images-amazon.com,ENOTFOUND
6689,gujarat.gov.in,timeout
6797,dynamic-dns.net,ERR_SSL_WRONG_VERSION_NUMBER
6690,sgvps.net,timeout
6809,rtb.mx,ENOTFOUND
6803,sex.com,http_403
6813,cudasvc.com,ENOTFOUND
6817,hely.tech,ENOTFOUND
6819,awsdns-07.net,ENOTFOUND
6820,awsdns-48.net,ENOTFOUND
6821,byteplus-demo.com,ENOTFOUND
6825,natalie.mu,http_405
6828,setrol.com,ECONNRESET
6837,awsdns-59.net,ENOTFOUND
6840,1mg.com,http_403
6841,s-onetag.com,ENOTFOUND
6842,bystys.tech,ENOTFOUND
6843,anota.ai,http_403
6845,awsdns-08.net,ENOTFOUND
6830,holodisks.com,CERT_HAS_EXPIRED
6848,awsdns-38.net,ENOTFOUND
6849,sohu01.com,ENOTFOUND
6851,meraki-sdavc-saas.com,ENOTFOUND
6853,mcl.io,http_404
6859,brand-display.com,http_404
6860,carview.co.jp,http_503
6863,ruidongcloud.com,ENOTFOUND
6725,newsmax.com,timeout
6862,icbc.com.cn,http_404
6865,truoptik.com,http_403
6856,sponichi.co.jp,http_200
6783,eloqua.com,timeout
6868,goibibo.com,http_200
6871,lamoda.ru,http_403
6867,flingo.tv,ECONNRESET
6869,ailawandorder.com,ERR_TLS_CERT_ALTNAME_INVALID
6878,valve.net,ENOTFOUND
6882,kameleoon.io,ENOTFOUND
6880,tmweb.ru,http_200
6887,pinklion.io,http_200
6892,dittoparty.com,http_404
6893,joinmastodon.org,http_404
6896,cnn.io,ENOTFOUND
6901,torn.com,http_403
6831,wwsga.me,ENOTFOUND
6908,evo-games.com,ENOTFOUND
6904,walkerplus.com,http_200
6907,easy4ip.com,http_404
6910,volcmcdn3.com,ENOTFOUND
6911,speedtestmark.com,ENOTFOUND
6917,awsdns-02.net,ENOTFOUND
6905,volc-dns.net,ENOTFOUND
6903,inep.gov.br,ENOTFOUND
6926,awsdns-24.net,ENOTFOUND
6933,meetcircle-netgear.co,ENOTFOUND
6936,hrzn-nxt.com,ENOTFOUND
6931,cdnhwc7.com,ENOTFOUND
6921,midasbuy.com,http_200
6941,instrumentidlyadoma.com,ENOTFOUND
6942,sellvir.com,http_404
6947,lynk.id,http_403
6948,awsdns-39.net,ENOTFOUND
6952,nvidiagrid.net,ENOTFOUND
6946,jpn.com,http_200
6953,ottgoods.ru,ENOTFOUND
6960,mossturbo.com,ENOTFOUND
6963,awsdns-43.co.uk,ENOTFOUND
6964,ada.support,http_403
6968,cdn-website.com,http_403
6967,randomchoice.org,UNABLE_TO_VERIFY_LEAF_SIGNATURE
6974,sikayetvar.com,http_403
6970,telecomsvc.com,http_404
6975,researchnow.com,http_200
6971,laodong.vn,http_200
6997,t13.io,http_404
6902,qh-lb.com,ENOTFOUND
7006,awsdns-13.net,ENOTFOUND
6835,callofduty.com,timeout
7010,kinescopecdn.net,http_404
7012,rust-lang.org,http_404
7020,tvspielfilm.de,http_403
7014,qiniudns.com,ERR_TLS_CERT_ALTNAME_INVALID
7009,51job.com,http_200
7025,domain.com.au,http_403
7026,granbluefantasy.jp,http_200
7008,secomtrust.net,ENOTFOUND
7030,myisolved.com,http_404
7031,azuregov-dns.us,ENOTFOUND
7036,greylabeldelivery.com,ENOTFOUND
7039,ultipro.com,http_403
7046,instiz.net,http_403
7050,homeip.net,ECONNREFUSED
7044,ctrls.in,http_404
7053,crowd-umlaut.com,ERR_TLS_CERT_ALTNAME_INVALID
7056,awsdns-11.net,ENOTFOUND
7057,awsdns-09.net,ENOTFOUND
6995,uninet.net.mx,ECONNREFUSED
6891,morganstanley.com,timeout
7003,hubspotemail.net,timeout
7066,stradivarius.com,http_403
7064,shiksha.com,http_403
7068,awsdns-29.net,ENOTFOUND
7067,brightcovecdn.com,http_500
7052,mohfw.gov.in,http_403
7072,no-ip.org,CERT_HAS_EXPIRED
7073,fortnite.com,http_403
7078,icm.edu.pl,http_200
7080,exponea.com,http_403
7082,carvana.com,http_403
7071,mercedes-benz.com.cn,http_200
7088,kameleoon.eu,ENOTFOUND
7089,ors.at,http_403
7094,awsdns-58.net,ENOTFOUND
7096,gestiondecuenta.com,http_404
7024,rokutime.com,timeout
7079,moe.gov.cn,http_404
7098,nabu.casa,ENOTFOUND
7104,mofa.go.jp,http_403
7107,jiveip.net,ENOTFOUND
7106,lngtd.com,http_403
7112,epluscdn.com,ENOTFOUND
7116,whoop.com,http_403
6988,forthnet.gr,timeout
7113,ad-stir.com,http_404
7120,awsdns-61.net,ENOTFOUND
7124,superuser.com,http_418
7125,allthefallen.moe,http_200
7074,alcmpn.com,timeout
7132,emgsound.ru,ENOTFOUND
7133,prodoctorov.ru,http_403
7136,wpenginepowered.com,http_404
7134,scoop.it,http_200
7142,awsdns-06.net,ENOTFOUND
7146,myherbalife.com,http_200
7149,protonmail.ch,http_200
7152,mcldns.org,ERR_TLS_CERT_ALTNAME_INVALID
7151,rubika.ir,http_200
7093,pxltag.com,timeout
7157,thomsonreuters.co.uk,ECONNREFUSED
7159,awsdns-01.net,ENOTFOUND
7147,fnn.jp,http_200
7160,awsdns-55.net,ENOTFOUND
7153,ccb.com,ERR_SSL_UNSAFE_LEGACY_RENEGOTIATION_DISABLED
7166,mizuhobank.co.jp,http_403
7172,draftkings.com,http_403
7111,just.ro,ENOTFOUND
7040,zhangle.com,timeout
7175,bk6bba-resources.ru,ENOTFOUND
7176,boticario.com.br,http_403
7186,assets-yammer.com,ENOTFOUND
7191,prmutv.co,http_404
7065,list-manage1.com,timeout
7192,googlemail.com,http_200
7199,kisskh.co,http_200
7202,cnstrc.com,http_403
7203,gravitational.io,http_200
7196,windowsphone.com,http_200
7206,awsdns-36.net,ENOTFOUND
7209,douyinstatic.com,ENOTFOUND
7210,awsdns-45.net,ENOTFOUND
7212,hingeprod.net,ENOTFOUND
7211,dotmetrics.net,http_403
7216,kgns1.com,ENOTFOUND
7217,jfrog.io,http_200
7215,withbuddies.com,http_200
7090,kemenag.go.id,timeout
7236,awsdns-09.co.uk,ENOTFOUND
7234,baltimoresun.com,http_403
7240,gitlab.net,ENOTFOUND
7230,8x8.com,http_429
7244,1e100.net,ENOTFOUND
7242,mrgcdn.ru,http_503
7246,ngrok.io,http_200
7161,hpcl.co.in,ENOTFOUND
7250,oecd-ilibrary.org,http_403
7258,edge2befaster.net,ENOTFOUND
7251,telcel.com,http_403
7249,trusteer.com,http_200
7260,zephr.com,http_200
7264,algolianet.com,http_403
7270,awsdns-16.net,ENOTFOUND
7276,wikimapia.org,http_200
7259,mofcom.gov.cn,http_404
7280,mossfast.com,ENOTFOUND
7284,d-net.pro,CERT_HAS_EXPIRED
7286,pghub.io,http_404
7188,tivoservice.com,ENOTFOUND
7290,gopro.com,http_403
7288,directvgo.com,http_200
7289,taz.bz,ENOTFOUND
7291,ripley.cl,http_403
7293,pragmaticplaylive.net,ENOTFOUND
7295,ancestry.co.uk,http_403
7298,tcdnlive.com,EHOSTUNREACH
7302,blogs.com,http_403
7308,awsdns-33.net,ENOTFOUND
7303,forpsi.cz,http_200
7305,rosneft.ru,SELF_SIGNED_CERT_IN_CHAIN
7312,firebasedatabase.app,ENOTFOUND
7313,b2c.com,ENOTFOUND
7314,dior.com,http_403
7307,hu.net,http_200
7321,071kk.com,http_404
7320,vodafone.com,http_403
7324,awsdns-30.net,ENOTFOUND
7316,vidoomy.com,http_404
7338,tiktoklb.eu,ENOTFOUND
7226,virtua.com.br,timeout
7343,appcues.net,ENOTFOUND
7345,cartacapital.com.br,http_403
7348,redislabs.com,http_404
7350,gamifyspace.com,http_404
7356,freshworksapi.com,ENOTFOUND
7364,almalinux.org,http_404
7365,bet9ja.com,http_403
7368,irondns.net,http_404
7283,mts-nn.ru,ECONNREFUSED
7371,highwebmedia.com,ENOTFOUND
7378,boomtrain.com,http_200
7377,gunbroker.com,http_403
7379,tube8.com,http_403
7385,bloombergia.ru,ENOTFOUND
7381,nic.ir,http_200
7383,geocities.jp,http_404
7392,pa-cd.com,ENOTFOUND
7391,appboycdn.com,ENOTFOUND
7388,optonline.net,ERR_TLS_CERT_ALTNAME_INVALID
7396,yadro.ru,http_404
7399,fravega.com,http_403
7394,d-zone.ca,http_403
7403,zerozero.pt,http_403
7404,clutch.co,http_403
7398,name-servers.gr,http_404
7409,allianz.de,http_403
7410,cafepress.com,http_202
7402,meitustat.com,CERT_HAS_EXPIRED
7412,awsdns-53.net,ENOTFOUND
7420,awsdns-14.net,ENOTFOUND
7421,w390.net,ENOTFOUND
7425,signalfx.com,UNABLE_TO_VERIFY_LEAF_SIGNATURE
7431,foundationapi.com,http_404
7432,amspbs.com,http_404
7430,sl.pt,http_404
7436,freebit.net,ENOTFOUND
7440,jwplatform.com,http_200
7447,securebrowser.com,ENOTFOUND
7317,biccamera.com,timeout
7450,kaptcha.com,ENOTFOUND
7448,go2cloud.org,http_404
7455,awsdns-44.net,ENOTFOUND
7458,courtlistener.com,http_403
7459,bfv.de,http_404
7461,itemsatis.com,http_403
7462,awsdns-17.net,ENOTFOUND
7463,awsdns-45.co.uk,ENOTFOUND
7466,voodoo-gaming.io,ENOTFOUND
7333,misspark.com,timeout
7465,bricks-co.com,http_403
7470,iplt20.com,http_200
7339,centrum24.pl,timeout
7467,scalibur.io,http_404
7347,mci.ir,timeout
7482,awsdns-21.net,ENOTFOUND
7475,indiapost.gov.in,http_403
7476,drift.com,http_404
7484,askubuntu.com,http_418
7488,creativefabrica.com,http_403
7354,ticketone.it,timeout
7485,huaweicloud-dns.cn,ENOTFOUND
7493,gn-dns.com,ENOTFOUND
7477,education.gov.in,http_403
7468,ozon.by,err
7494,ap.gov.in,timeout
7506,ghostery.net,ERR_SSL_SSL/TLS_ALERT_HANDSHAKE_FAILURE
7509,pbxai.com,http_403
7514,basalam.com,http_403
7508,partslink24.com,http_200
7515,korona.net,ENOTFOUND
7517,notepad-plus-plus.org,http_404
7518,ndm9.net,http_404
7524,rqmob.com,ENOTFOUND
7527,thomsonreuters.net,ECONNREFUSED
7529,vkcs.cloud,ENOTFOUND
7532,wknd.ai,ENOTFOUND
7534,l-agent.me,ENOTFOUND
7525,ngenix-dns.ru,ENOTFOUND
7539,awsdns-60.co.uk,ENOTFOUND
7541,boulanger.com,http_400
7542,timesonline.co.uk,ERR_TLS_CERT_ALTNAME_INVALID
7547,awsdns-34.net,ENOTFOUND
7544,intercars.eu,http_403
7548,ext-twitch.tv,http_400
7555,dwcdn.net,ENOTFOUND
7553,bayer.com,http_403
7551,azionedge.net,ERR_TLS_CERT_ALTNAME_INVALID
7563,awsdns-30.co.uk,ENOTFOUND
7536,cernet.net,http_404
7568,awsdns-04.net,ENOTFOUND
7556,asp.net,http_200
7572,palmettostatearmory.com,http_403
7569,bling.com.br,http_403
7575,auerproxy.de,ENOTFOUND
7579,dbankcdn.ru,ENOTFOUND
7577,adtec.ru,http_200
7581,chinatax.gov.cn,http_403
7593,kas-labs.com,ENOTFOUND
7589,vewd.com,http_200
7597,falabella.com.co,http_403
7599,awsdns-55.co.uk,ENOTFOUND
7596,tele2.ru,http_403
7584,neu.edu.cn,http_404
7601,smartcasttv.com,http_403
7605,olxcdn.com,ENOTFOUND
7607,eukdns.com,http_404
7609,awsdns-15.net,ENOTFOUND
7610,vivawebhost.com,ENOTFOUND
7502,snapp.ir,err
7621,awsdns-43.net,ENOTFOUND
7619,peer.run,ENOTFOUND
7620,rule34.us,http_404
7629,bigbadtoystore.com,http_403
7530,mediavitrina.ru,timeout
7535,reson8.com,timeout
7632,awsstatic.com,ENOTFOUND
7634,adultwork.com,http_403
7636,codefusion.technology,ENOTFOUND
7633,parliament.uk,http_403
7631,site123.me,http_200
7642,zani64.com,ENOTFOUND
7645,globalsigncdn.com,ENOTFOUND
7647,awsdns-39.co.uk,ENOTFOUND
7648,astro-seek.com,http_403
7637,esper.cloud,ECONNRESET
7653,adsmeasurement.com,http_404
7654,speakerdeck.com,http_200
7664,samsung-gamelauncher.com,ENOTFOUND
7662,nic.kw,http_404
7665,nypl.org,http_200
7667,cbre.com,http_403
7674,bp.com,http_403
7677,mxpnl.com,ENOTFOUND
7679,baidu-itm.com,ENOTFOUND
7507,gov.ru,timeout
7686,nic.es,http_404
7689,war.gov,http_403
7691,t-static.ru,ENOTFOUND
7687,azure.cn,http_200
7698,btttag.com,http_404
7692,lithium.com,CERT_HAS_EXPIRED
7704,nexters.team,ENOTFOUND
7706,novelupdates.com,http_403
7709,navi.com,http_403
7710,mobirise.com,http_404
7714,impactcdn.com,ENOTFOUND
7711,your-storagebox.de,http_200
7651,fly.dev,timeout
7717,vzbi.com,ENOTFOUND
7726,awsdns-27.net,ENOTFOUND
7727,vivint.ai,ECONNRESET
7729,whatnot.com,http_403
7731,opendsp.ru,http_404
7735,sisal.it,http_403
7738,pdscrb.com,ENOTFOUND
7611,namequery.com,timeout
7618,revolve.com,timeout
7744,edmentum.com,http_404
7627,up.gov.in,timeout
7749,kazanexpress.ru,http_403
7752,dnsitalia.net,ENOTFOUND
7755,bongacams.com,http_403
7761,fdj.fr,http_403
7763,auappservice.com,ENOTFOUND
7764,zg-api.com,http_502
7773,taxtelecom.net,ENOTFOUND
7774,egais.ru,http_403
7725,ks-live.com,ENOTFOUND
7776,chocolateplatform.com,http_200
7666,wi.gov,timeout
7781,cdnwidget.com,ERR_TLS_CERT_ALTNAME_INVALID
7780,jr-odekake.net,http_404
7787,awsdns-54.net,ENOTFOUND
7793,bancoestado.cl,http_200
7796,mi-fds.com,ENOTFOUND
7797,awsdns-33.co.uk,ENOTFOUND
7799,awsdns-41.co.uk,ENOTFOUND
7795,cust-service.com,http_403
7801,awsdns-15.co.uk,ENOTFOUND
7739,contaboserver.net,ENOTFOUND
7803,mcas.ms,http_200
7800,fineartamerica.com,http_403
7806,jet.su,http_403
7810,betterstackdata.com,http_200
7814,awsdns-22.co.uk,ENOTFOUND
7794,cntv.cn,http_200
7813,fastpic.ru,http_404
7817,skole.hr,ECONNREFUSED
7819,googlepages.com,ECONNRESET
7827,snai.it,http_403
7832,confluent.cloud,http_200
7836,archiveofourown.gay,http_403
7840,mailspike.net,http_200
7838,alibabachengdun.com,ERR_TLS_CERT_ALTNAME_INVALID
7848,awsdns-35.co.uk,ENOTFOUND
7845,apps.chrome,http_200
7844,gotoresolve.com,http_200
7855,vatanbilgisayar.com,http_404
7858,ui-dns.biz,ENOTFOUND
7857,uquiz.com,http_403
7861,99acres.com,http_403
7865,observeit.net,ENOTFOUND
7864,metunic.com.tr,http_404
7867,labanquepostale.fr,http_200
7868,olympic.org,http_404
7869,ohio-state.edu,ENOTFOUND
7872,portaldasfinancas.gov.pt,http_404
7874,coinmaster.com,http_404
7877,usbrowserspeed.com,ENOTFOUND
7876,vervegroup.cloud,ENOTFOUND
7866,planethoster.net,http_200
7870,ky.gov,ERR_SSL_UNSUPPORTED_PROTOCOL
7882,royalbank.com,ECONNREFUSED
7892,a47b.com,ERR_TLS_CERT_ALTNAME_INVALID
7888,vasdgame.com,ENOTFOUND
7894,azet.sk,http_200
7900,awsdns-10.co.uk,ENOTFOUND
7901,awsdns-37.net,ENOTFOUND
7909,yieldlab.net,http_404
7903,stitcher.com,http_200
7914,smartytouch.co,ENOTFOUND
7913,gocache.net,ENOTFOUND
7923,ltguevmavv.com,ENOTFOUND
7922,manual.canon,ENOTFOUND
7926,linodeusercontent.com,ENOTFOUND
7928,awsdns-47.co.uk,ENOTFOUND
7932,enuygun.com,http_403
7815,btinternet.com,timeout
7934,amazon-dss.com,ENOTFOUND
7935,awsdns-16.co.uk,ENOTFOUND
7742,gdt.gov.vn,timeout
7940,anzu-us.com,ENOTFOUND
7942,therange.co.uk,http_403
7943,unirioja.es,http_403
7946,disquscdn.com,ENOTFOUND
7945,cdn-net.com,http_403
7947,skai.gr,http_403
7931,fout.jp,http_200
7953,awsdns-60.net,ENOTFOUND
7955,awsdns-08.co.uk,ENOTFOUND
7948,zdn.vn,http_404
7958,awsdns-25.co.uk,ENOTFOUND
7957,intersport.fr,http_403
7959,ukg.net,ENOTFOUND
7954,netcraze.net,UNABLE_TO_GET_ISSUER_CERT_LOCALLY
7964,awsdns-26.net,ENOTFOUND
7965,marvel.com,http_403
7968,depop.com,http_403
7969,imolive2.com,ENOTFOUND
7970,aspnetcdn.com,ENOTFOUND
7925,dropboxstatic.com,http_404
7971,kinsta.cloud,http_200
7976,wwiops.io,ENOTFOUND
7974,imtwjwoasak.com,http_403
7978,cdn-vk.net,ENOTFOUND
7979,shaparak.ir,http_200
7980,abv.bg,http_403
7984,croma.com,http_403
7986,clouddatahub.net,ENOTFOUND
7993,perfdrive.com,ENOTFOUND
7997,awsdns-46.net,ENOTFOUND
7996,dnsservice.net,ERR_SSL_WRONG_VERSION_NUMBER
8003,mpsuadv.ru,http_404
8008,wsj.net,http_401
8007,audioeye.com,http_429
8011,sfdc.cl,ENOTFOUND
8012,dienmayxanh.com,http_500
7828,tci.ir,timeout
8027,mangooutlet.com,http_429
8024,dafiti.com.br,UND_ERR_SOCKET
8031,c212.net,http_404
8032,we-stats.com,ENOTFOUND
8037,falabella.com.pe,http_403
8043,zeronaught.com,http_404
8042,scarabresearch.com,ECONNRESET
7988,publictracker.xyz,timeout
7990,de17a.com,timeout
8047,bcdnx.com,ENOTFOUND
8059,cylance.com,http_200
8068,dagospia.com,http_404
7915,tokyodisneyresort.jp,timeout
8075,bio-link.se,http_200
8078,axonixgrid.com,ENOTFOUND
8082,poe.ninja,http_404
8079,usaid.gov,http_200
8085,awsdns-00.net,ENOTFOUND
8088,chsi.com.cn,http_412
8096,teams-msedge.net,ENOTFOUND
8098,4dvertible.com,ENOTFOUND
8084,xinnet.com,http_403
7963,lahuashanbx.com,timeout
8094,meitudata.com,CERT_HAS_EXPIRED
8097,zblogcn.com,http_404
8115,superproxy.io,ENOTFOUND
8117,icc-cricket.com,http_403
8103,digilocker.gov.in,http_403
8121,aade.gr,http_403
8127,cudaops.com,ENOTFOUND
8129,personio.com,http_429
8138,arabam.com,http_403
8143,yzwtz.com,http_404
8146,awsdns-28.net,ENOTFOUND
7994,novotelecom.ru,timeout
8123,pixnet.net,http_404
8151,citrixworkspacesapi.net,ENOTFOUND
8153,bio.site,http_404
8156,l-cdn.com,ENOTFOUND
8134,wurflcloud.com,http_200
8163,awsdns-31.net,ENOTFOUND
8164,tvpixel.com,ERR_TLS_CERT_ALTNAME_INVALID
8166,ns14.net,ENOTFOUND
8160,servicenow.com,http_403
8168,netmarble.com,http_200
8176,totogaming.am,http_403
8017,esic.gov.in,timeout
8186,deakin.edu.au,http_403
8195,dynatracelabs.com,ENOTFOUND
8196,ngl.link,http_404
8200,thepure.app,ENOTFOUND
8203,awsdns-32.net,ENOTFOUND
8199,megapath.com,ERR_SSL_DH_KEY_TOO_SMALL
8110,nitori-net.jp,ENOTFOUND
8208,toongod.org,http_403
8116,healthfusionclaims.com,ENOTFOUND
8209,iqzonertb.live,ERR_TLS_CERT_ALTNAME_INVALID
8210,stoiximan.gr,http_403
8213,creative-serving.com,ENOTFOUND
8220,elstc.co,ENOTFOUND
8223,porno666.nl,http_403
8224,appdomain.cloud,ENOTFOUND
8227,psiphon.ca,http_200
8228,pornobolt.in,http_200
8225,ilportaledellautomobilista.it,http_200
8231,awsdns-56.co.uk,ENOTFOUND
8232,rtb-oveeo.com,UND_ERR_SOCKET
8221,rudderlabs.com,ERR_TLS_CERT_ALTNAME_INVALID
8235,hkirc.net.hk,ENOTFOUND
8239,ou.edu,http_404
8238,kuiniuca.com,ENOTFOUND
8244,yad2.co.il,http_403
8246,frhiys.com,http_404
8229,esocial.gov.br,http_404
8247,car.gr,http_403
8257,awsdns-11.co.uk,ENOTFOUND
8263,brightree.net,http_404
8267,hdfilmcehennemi.nl,http_403
8260,cbse.gov.in,http_403
8274,chime.aws,http_200
8276,de-tencentclb.com,ENOTFOUND
8222,poly.com,http_200
8278,awmcdn.net,ENOTFOUND
8285,iccku.com,http_404
8284,allwyn.cz,http_403
8157,maurices.com,timeout
8159,mponline.gov.in,timeout
8294,photonengine.io,ENOTFOUND
8169,martianinc.co,timeout
8298,livechatenterprise.com,http_200
8293,etisalatdomains.ae,ERR_SSL_TLSV1_UNRECOGNIZED_NAME
8253,rakuten-bank.co.jp,ERR_TLS_CERT_ALTNAME_INVALID
8301,homedepot.com.mx,http_403
8300,archive-digger.com,http_404
8310,soinluck.com,CERT_HAS_EXPIRED
8313,bom.gov.au,http_403
8322,kisskh.do,http_200
8324,awsdns-14.co.uk,ENOTFOUND
8329,privateinternetaccess.com,http_404
8331,googlecode.com,http_404
8337,dxtech.ai,ENOTFOUND
8338,awsdns-44.co.uk,ENOTFOUND
8336,singaporeair.com,http_404
8340,kulichki.net,ECONNREFUSED
8343,shopier.com,http_403
8346,goldbet.it,http_403
8353,pushy.me,http_404
8252,gem.gov.in,ECONNREFUSED
8359,etsystatic.com,ENOTFOUND
8366,awsdns-02.co.uk,ENOTFOUND
8367,geodns.me,ENOTFOUND
8368,cheqzone.com,ENOTFOUND
8369,hentaicity.com,http_403
8365,eki-net.com,http_403
8377,showroomprive.com,http_200
8379,badoocdn.com,http_200
8381,onward.co.jp,http_404
8386,sail-personalize.com,ENOTFOUND
8261,bodis.com,timeout
8314,upsc.gov.in,http_403
8391,news-cdn.site,ENOTFOUND
8393,extremereach.io,ENOTFOUND
8382,cwa.gov.tw,http_404
8396,wireguard.com,http_404
8398,inaproc.id,http_403
8406,saksfifthavenue.com,http_403
8410,kw.com,http_403
8409,hot-sex-tube.com,http_200
8330,mgstage.com,http_403
8414,javlibrary.com,http_403
8269,maybank2u.com.my,timeout
8428,digialm.com,http_400
8423,v9r2yhjg.com,http_403
8434,convertexperiments.com,ENOTFOUND
8435,javxxx.me,http_403
8403,intsig.net,http_200
8440,rule34.xyz,ENOTFOUND
8442,manhuaus.com,http_403
8436,sena.edu.co,http_500
8433,iti.br,ENOTFOUND
8444,zstaticcdn.com,UNABLE_TO_GET_ISSUER_CERT_LOCALLY
8443,isna.ir,http_200
8461,lel.asia,ENOTFOUND
8469,homecenter.com.co,http_403
8471,ndtv.in,http_403
8468,mykronos.com,http_403
8451,21cn.com,http_200
8476,awsdns-07.co.uk,ENOTFOUND
8479,lesta.ru,http_404
8474,r-line.ru,http_411
8482,tamin.ir,http_403
8315,mandmdirect.com,timeout
8496,shinigami.asia,http_403
8498,lura.live,ENOTFOUND
8502,impactradius-event.com,http_403
8506,pla3.com,http_404
8497,temple.edu,http_200
8512,usemessages.com,ENOTFOUND
8489,onlinesbi.sbi,http_404
8515,sodimac.cl,http_403
8509,imss.gob.mx,http_403
8513,shonenjumpplus.com,http_404
8521,erothots1.com,http_429
8524,multiscreensite.com,http_404
8518,xnhau.shop,http_404
8543,ovhnextmillmedia.com,ENOTFOUND
8545,moviezwap.love,ENOTFOUND
8547,brilliantchap.com,ENOTFOUND
8548,awsdns-36.co.uk,ENOTFOUND
8550,coupahost.com,ENOTFOUND
8539,dnsexit.com,http_200
8556,ketchjs.com,ENOTFOUND
8554,gismeteo.by,UND_ERR_SOCKET
8561,awsdns-53.co.uk,ENOTFOUND
8564,steamrip.com,http_403
8529,qcloudcdn.com,ERR_TLS_CERT_ALTNAME_INVALID
8558,loilonote.app,http_404
8573,gs.com,http_403
8570,tohotheater.jp,http_404
8557,world.co.jp,http_200
8579,slon4.at,ENOTFOUND
8582,drogariasaopaulo.com.br,http_403
8577,mez.ink,http_200
8583,mediaplex.com,http_503
8593,wowscale.com,ENOTFOUND
8586,deviantart.net,http_404
8597,linksys.com,http_200
8592,apkmodjoy.net,http_404
8603,vorwerk-digital.com,ECONNREFUSED
8604,redcdn.pl,ENOTFOUND
8602,1377x.to,http_200
8610,ampaeservices.com,ENOTFOUND
8494,p6sai.com,timeout
8613,petco.com,http_403
8611,anandabazar.com,http_403
8617,awsdns-40.co.uk,ENOTFOUND
8605,bcv.org.ve,UNABLE_TO_VERIFY_LEAF_SIGNATURE
8520,equant.net,timeout
8631,awsdns-48.co.uk,ENOTFOUND
8634,rtblab.net,ENOTFOUND
8620,sbrf.ru,SELF_SIGNED_CERT_IN_CHAIN
8636,awsdns-12.co.uk,ENOTFOUND
8447,pluxee.app,timeout
8549,zadn.vn,timeout
8646,lottomatica.it,http_403
8639,wvu.edu,http_403
8651,hentairead.com,http_403
8644,namirial.it,http_403
8656,sefon.pro,http_403
8658,nya5.com,http_404
8650,ezoicns.com,ERR_TLS_CERT_ALTNAME_INVALID
8648,tpmn.io,http_404
8662,awsdns-05.co.uk,ENOTFOUND
8668,parkingcrew.net,CERT_HAS_EXPIRED
8675,allen.in,http_202
8673,sucursalelectronica.com,http_403
8678,search-redirect.com,http_404
8682,cdnstream1.com,ENOTFOUND
8684,roeyecdn.com,ECONNRESET
8690,lecturas.com,http_403
8688,qwen.ai,http_200
8702,futurecdn.net,http_200
8696,sfndns.cn,ENOTFOUND
8704,ilbe.com,http_403
8705,traveltowngame.com,http_404
8713,heap-api.com,ENOTFOUND
8715,crocobet.com,http_403
8707,gigabyte.com,http_403
8709,gammaplatform.com,http_204
8721,claspws.tv,ENOTFOUND
8720,loteriasyapuestas.es,http_403
8722,awsdns-49.co.uk,ENOTFOUND
8727,awsdns-23.co.uk,ENOTFOUND
8729,rakuten-card.co.jp,http_403
8733,cfe.mx,UNABLE_TO_VERIFY_LEAF_SIGNATURE
8740,zooplus.net,ENOTFOUND
8563,holadns.com,timeout
8743,streamrail.com,ENOTFOUND
8745,bqstreamer.com,http_404
8750,anl.gov,http_403
8757,jugabet.cl,http_403
8759,rawstory.com,http_403
8760,onlinejobs.ph,http_403
8762,fortunebusinessinsights.com,http_403
8616,nykaafashion.com,timeout
8763,vhostgo.com,ENOTFOUND
8768,snplow.net,ENOTFOUND
8769,talon-sec.com,http_200
8737,ernet.in,UNABLE_TO_VERIFY_LEAF_SIGNATURE
8777,yellowpages.com,http_403
8638,upsdc.gov.in,timeout
8775,huyatvns.com,ENOTFOUND
8783,myna.go.jp,http_403
8663,sinn.ru,timeout
8771,ufmg.br,http_200
8787,questionablequesting.com,http_404
8790,netfirms.com,http_403
8794,awsdns-51.co.uk,ENOTFOUND
8801,channelexco.com,ENOTFOUND
8793,milli.gold,err
8806,vidmate-official.com,http_404
8805,chmfin.com,http_403
8815,awsdns-34.co.uk,ENOTFOUND
8813,benesse.ne.jp,http_404
8719,giize.com,timeout
8819,beta-bank.ru,ENOTFOUND
8827,animesonlinecc.to,http_403
8826,dns.tw,ENOTFOUND
8833,adjarabet.am,http_200
8840,scayle.cloud,ENOTFOUND
8845,bet88.ph,http_403
8852,awsdns-20.co.uk,ENOTFOUND
8857,babesource.com,http_403
8848,unisa.ac.za,http_404
8842,dotnxdomain.net,http_404
8861,awsdns-62.net,ENOTFOUND
8748,kunlunhuf.com,timeout
8858,patagonia.com,http_404
8873,hentaiheroes.com,http_404
8878,cdnbasket.net,ENOTFOUND
8871,gismeteo.kz,http_502
8877,animeheaven.me,http_404
8886,cuerpomente.com,http_403
8885,cdnhwcljk104.com,ENOTFOUND
8897,gzone.ph,http_403
8898,gree.net,http_404
8908,prehrajto.cz,http_200
8912,tube8.fr,http_403
8909,184.in-addr.arpa,ENOTFOUND
8767,christies.com,timeout
8922,amazonses.com,http_404
8928,vivastreet.co.uk,http_403
8927,reliancedigital.in,http_403
8930,ksycdn.cn,ENOTFOUND
8935,startech.com.bd,http_403
8934,takarakuji-official.jp,http_200
8936,rwsgateway.com,CERT_HAS_EXPIRED
8946,baycrews.jp,http_403
8948,otakudesu.blog,http_403
8944,orange.mg,http_404
8952,ctolabperfstats.com,ENOTFOUND
8954,tanishq.co.in,http_403
8956,pink.rs,http_200
8959,yaeby.work,ENOTFOUND
8851,packetsdk.xyz,timeout
8963,hentaimama.io,http_404
8856,bata.com,timeout
8868,packetsdk.io,timeout
8929,gsxt.gov.cn,http_521
8970,nguoiquansat.vn,http_403
8966,dopa.go.th,http_403
8980,jenkins.io,http_404
8890,packetsdk.net,timeout
8982,jc-gs.com,http_403
8981,sdna.gr,http_403
8992,codmwest.com,ENOTFOUND
8895,choicehotels.com,timeout
8994,ncore.pro,http_200
8988,ensighten.com,http_200
9000,eleadcrm.com,http_404
8984,genieesspv.jp,http_403
9001,datacamp.com,http_403
9002,mintmanga.com,http_404
8953,pawwalls.com,timeout
8999,pjn.gov.ar,http_200
9014,allhen.online,http_404
9020,hsforms.net,ENOTFOUND
9025,iot-dns.com,ENOTFOUND
9023,bids.ws,http_403
9028,ygles.com,ENOTFOUND
9029,bellemaison.jp,http_403
9030,panda.org,http_403
9033,dizibox.live,http_403
9032,glorioushop.com,http_200
9039,samqaicongen.com,ENOTFOUND
9043,dnevno.hr,http_403
9045,playfootball.games,http_404
9050,awsdns-46.co.uk,ENOTFOUND
9049,starwars.com,http_403
9051,betflag.it,http_403
9052,qxbroker.com,http_403
9053,w-x.co,ENOTFOUND
9038,samsungpass.com,ENOTFOUND
9058,gwdg.de,http_404
9057,semana.es,http_403
9071,snaptube.com,http_200
9075,atrustdns.com,ENOTFOUND
9074,leolist.cc,http_403
8977,k-manga.jp,timeout
9082,fastebridge.com,ENOTFOUND
9077,evotor.ru,http_403
9090,sageone.co.za,http_403
9094,pornolandia.xxx,http_403
9092,tubidy.cool,http_403
9097,aviso.bz,http_404
9087,eonet.ne.jp,http_404
8998,poste.dz,ENOTFOUND
9102,theplatform.com,CERT_HAS_EXPIRED
9109,awsdns-50.co.uk,ENOTFOUND
9111,doramy.club,http_200
9115,asianwiki.com,http_403
9121,yahoo.cloud,ENOTFOUND
9118,nongnu.org,http_404
9126,firstpost.com,http_403
9127,tracookiepixel.xyz,http_404
9135,s7.ru,http_403
9138,p7cloud.net,ENOTFOUND
9145,rtcxyz.com,ENOTFOUND
9144,millipiyangoonline.com,http_403
9149,shopifyapps.com,ENOTFOUND
9150,ninthdecimal.com,ERR_SSL_TLSV1_ALERT_INTERNAL_ERROR
9152,mergesigma.com,ENOTFOUND
9129,proteantech.in,http_404
9155,chochox.com,http_403
9146,esuteru.com,CERT_HAS_EXPIRED
9153,anwap.media,ENOTFOUND
9166,szerencsejatek.hu,http_404
9170,awsdns-03.co.uk,ENOTFOUND
9171,awsdns-52.co.uk,ENOTFOUND
9160,jianshu.com,http_403
9179,24xxxx.win,ENOTFOUND
9183,shop-shimamura.com,http_403
9174,ntp.org.cn,ENOTFOUND
9187,bet365.it,http_403
9188,notebookcheck.net,http_403
9176,tpmn.co.kr,http_200
9191,seg-social.gob.es,ENOTFOUND
9192,supersportbet.com,http_403
9143,cvte.com,http_200
9194,modal.host,ENOTFOUND
9195,lto.gov.ph,http_403
9200,bamper.by,http_403
9196,sorrisi.com,http_200
9207,wo-cloud.com,http_404
9209,nontonanimeid.boats,ENOTFOUND
9220,lettuceclub.net,http_200
9224,awsdns-28.co.uk,ENOTFOUND
9223,muscache.com,ENOTFOUND
9222,sinajs.cn,ENOTFOUND
9016,missyusa.com,timeout
9239,news-img.site,ENOTFOUND
9165,planetwin365.it,http_403
9243,claveunica.gob.cl,http_200
9248,deepika.com,http_200
9070,imd.gov.in,timeout
9252,coinmastergame.com,ENOTFOUND
9251,corppn.ru,http_404
9255,becloudby.tech,ENOTFOUND
9201,samsungdive.com,timeout
9256,dns2.co.za,ECONNREFUSED
9266,tsdtocl.com,http_200
9271,egov.uz,http_404
9274,c-srv.de,ERR_TLS_CERT_ALTNAME_INVALID
9275,filedownload-csw-lenovo.com,CERT_HAS_EXPIRED
9279,samarth.ac.in,http_404
9250,supportview.com,timeout
9282,itorrents-igruha.org,http_403
9254,hsex.tv,timeout
9193,belluna.jp,timeout
9285,tile-api.com,ENOTFOUND
9283,hostcocoa.com,ENOTFOUND
9288,awsdns-18.co.uk,ENOTFOUND
9202,csc.gov.in,timeout
9293,sbb.rs,http_404
9292,fastretailing.com,http_404
9296,amazoncognito.com,ENOTFOUND
9286,jamb.gov.ng,http_404
9300,gfpxw.com,http_404
9302,garotacomlocal.com,http_403
9309,komiku.asia,http_403
9310,search-sprint.com,http_404
9313,detyep.com,http_404
9304,shopch.jp,http_200
9317,manhwa-online.com,http_403
9318,javrate.com,http_403
9229,my.gov.ir,timeout
9268,drecom.jp,timeout
9322,userapi.dev,ENOTFOUND
9234,lpsnmedia.net,timeout
9319,cedock.com,ERR_TLS_CERT_ALTNAME_INVALID
9236,mhrs.gov.tr,timeout
9325,saviyntcloud.com,DEPTH_ZERO_SELF_SIGNED_CERT
9333,vpsvc.com,ENOTFOUND
9323,suning.com,http_404
9342,cv666.net,http_200
9350,etstur.com,http_403
9353,awsdns-54.co.uk,ENOTFOUND
9343,colaboraread.com.br,http_403
9245,pearson-intl.com,timeout
9377,zi-scripts.com,ENOTFOUND
9352,pje.jus.br,http_404
9384,moviesda30.com,ENOTFOUND
9382,filmyfly.camp,http_200
9387,qvc.de,http_418
9390,awsdns-29.co.uk,ENOTFOUND
9394,awsdns-42.co.uk,ENOTFOUND
9380,ib-game.jp,http_404
9398,ros.ie,http_404
9388,tv-tokyo.co.jp,http_200
9399,samsungweather.com,ENOTFOUND
9403,search-io.com,http_404
9405,mydesi2.net,http_403
9308,dns1.co.za,timeout
9407,afun.mx,http_403
9420,brcashypro.com,ENOTFOUND
9422,kantimehealth.net,http_403
9428,thumbtack.com,http_202
9431,brawlstarsgame.com,ENOTFOUND
9429,osym.gov.tr,http_200
9389,kdreams.jp,http_200
9438,familyclub.jp,http_403
9439,tapatalk.com,http_403
9436,huyamba.name,CERT_HAS_EXPIRED
9441,mcdvoice.com,http_404
9446,sushida.net,http_404
9452,rednotecdn.com,ENOTFOUND
9450,nan-net.com,http_404
9457,awsdns-00.co.uk,ENOTFOUND
9458,cimalight.co,http_403
9459,goraggio.com,UNABLE_TO_VERIFY_LEAF_SIGNATURE
9406,publicstuff.com,http_403
9468,openfpcdn.io,http_404
9469,bytedns.com,ENOTFOUND
9470,arenaplus.ph,http_403
9463,udiseplus.gov.in,http_404
9417,chimpstatic.com,timeout
9330,natrohost.com,timeout
9474,toolmatrix.plus,ENOTFOUND
9473,state.co.us,ECONNREFUSED
9479,bet365.bet.ar,http_403
9483,oaed.gr,err
9348,fonts.net,timeout
9486,escortsandbabes.com.au,http_403
9430,lightboxcdn.com,http_400
9480,smartinmate.com,http_404
9362,sassa.gov.za,timeout
9492,zazaza.me,http_404
9498,rfihub.net,ENOTFOUND
9501,filesdl.top,ENOTFOUND
9505,winner.bet,http_403
9506,vercomicsporno.com,http_403
9507,ktrmr.com,http_200
9512,leroymerlin.com,http_503
9514,mercdn.net,ENOTFOUND
9519,pddpic.com,ENOTFOUND
9516,finance.gov.bd,ENOTFOUND
9524,juan365.com,http_403
9525,i993.com,http_404
9526,goodnotes-devops.com,ENOTFOUND
9471,marketo.net,timeout
9528,myshopline.com,http_404
9541,adobeccstatic.com,ENOTFOUND
9537,sps-system.com,ENOTFOUND
9543,awsdns-21.co.uk,ENOTFOUND
9529,dord.gov.in,http_403
9477,yuanshen.com,http_404
9546,awsdns-63.net,ENOTFOUND
9547,bigboss.rodeo,ENOTFOUND
9548,stps.gob.mx,http_404
9549,cairn.info,http_403
9545,shop-pro.jp,http_200
9544,banesconline.com,http_404
9495,relaysteering.com,timeout
9532,minsa.gob.pe,http_404
9552,telmexla.net.co,ENOTFOUND
9568,69shuba.tw,http_403
9570,e-jumbo.gr,http_403
9578,truyenqqko.com,http_403
9580,pixocial.com,http_200
9586,ericsson.com,http_404
9587,jcplatform.dev,ENOTFOUND
9588,fairyanime.net,http_403
9589,johnpyeauctions.co.uk,http_403
9583,sourcefire.com,http_200
9592,com.se,http_200
9590,netapp.com,http_403
9600,tdnsdl1.cn,ENOTFOUND
9601,delta-executor.com,http_403
9603,paygrid.world,ENOTFOUND
9489,indianoil.in,ETIMEDOUT
9610,plumenet.io,ENOTFOUND
9609,gamemania.co.ke,http_403
9617,citapreviadnie.es,http_404
9620,tecnomat.it,http_403
9628,ichancy.com,http_403
9627,zzpxy.top,ECONNREFUSED
9604,bkn.go.id,http_200
9630,gobid.co.za,http_403
9556,smartnews.net,timeout
9633,service.one,ENOTFOUND
9634,novavexis.com,http_404
9640,insiad.com,ENOTFOUND
9643,microworkers.com,http_404
9594,egramswaraj.gov.in,ECONNRESET
9654,miku-doujin.com,http_403
9651,betting.co.zw,http_403
9660,utoon.net,http_404
9665,dochord.com,http_403
9521,upsssc.gov.in,timeout
9657,d-deltanet.com,http_403
9670,playinmatch99.com,http_202
9675,awsdns-01.co.uk,ENOTFOUND
9656,eprocure.gov.bd,http_200
9678,elmaz.com,http_403
9677,au.dk,http_404
9674,melbet-419270.pro,DEPTH_ZERO_SELF_SIGNED_CERT
9680,can.az,http_403
9681,baji999.in,http_403
9688,dns.nl,ENOTFOUND
9684,uppcl.org,http_403
9666,cas.cn,http_404
9691,animeruka.com,http_403
9692,awsdns-06.co.uk,ENOTFOUND
9553,shad.ir,timeout
9702,vk-apps.com,http_404
9635,this-domain-for-sale.com,timeout
9706,slatic.net,ENOTFOUND
9705,downloadwella.com,http_200
9697,playtime.ph,http_200
9711,jdwel.com,http_403
9714,a2dns.com,ENOTFOUND
9659,esm1.net,timeout
9722,bravesoftware.com,http_401
9720,educacao.sp.gov.br,http_202
9725,everlastting.com,ENOTFOUND
9730,bplay.bet.ar,http_403
9736,goseries4k.com,http_403
9704,optusnet.com.au,timeout
9738,tnebnet.org,http_404
9741,wizards.com,http_200
9740,shcilestamp.com,UND_ERR_SOCKET
9752,bet30.host,http_403
9753,leroymerlin.com.br,http_403
9679,tatasteel.co.in,timeout
9690,avsee.ru,timeout
9754,warau.jp,http_200
9759,teamstoday.com,http_404
9760,celuapuestas.bond,http_403
9766,idealmedia.io,http_400
9701,heyvagroup.com,timeout
9764,79king1.com,http_403
9769,8888.porn,ENOTFOUND
9773,sonicsads.com,ENOTFOUND
9775,skcrtxr.com,http_404
9777,epicgamescdn.com,ENOTFOUND
9779,kalshi.com,http_429
9768,nankankeiba.com,http_404
9785,downloadpage.xyz,ENOTFOUND
9707,wo.cn,timeout
9794,masuknih.com,ENOTFOUND
9717,mil.ru,timeout
9795,sengokuixa.jp,http_404
9801,imssms.org,http_404
9803,heovl.im,http_403
9721,cashparking.com,timeout
9800,microad.jp,http_200
9807,samsungvisioncloud.com,ENOTFOUND
9757,fortiddns.com,ENOTFOUND
9805,arpanet.jp,ENOTFOUND
9812,chinacloudapi.cn,ENOTFOUND
9814,mybsn.com.my,http_404
9818,remotewd.com,ENOTFOUND
9819,pornobatsa.org,ENOTFOUND
9739,supercp.com,timeout
9815,tnpds.gov.in,http_404
9824,jappy.com,http_200
9808,set.gov.py,http_200
9826,absoluporn.com,ECONNREFUSED
9832,ganamosco.org,http_403
9833,alpha-hen.com,http_403
9835,mlazemna.com,http_403
9830,pgsgames.games,http_404
9845,awsdns-38.co.uk,ENOTFOUND
9851,yieldlove-ad-serving.net,ENOTFOUND
9797,my-control-panel.com,timeout
9843,upbhulekh.gov.in,http_404
9859,elephantbet.co.mz,http_403
9860,55bmw6.com,http_403
9867,tatilbudur.com,http_403
9758,punjabpolice.gov.pk,timeout
9865,tdnsv8.com,ENOTFOUND
9878,ratutogelidr.com,ENOTFOUND
9881,pornozak.shop,ERR_TLS_CERT_ALTNAME_INVALID
9888,keiba.go.jp,http_404
9894,mangolibreria.com,ENOTFOUND
9895,caddyserver.com,http_404
9896,orekou.net,http_404
9879,sh.gov.cn,http_404
9906,ladyxena.com,http_403
9907,conforama.fr,http_403
9910,bpexch.com,http_403
9788,jetstar.com,timeout
9913,kaixo.com,UNABLE_TO_VERIFY_LEAF_SIGNATURE
9922,iprom.net,http_404
9924,skyvegas.com,http_403
9926,sidrachain.com,http_404
9914,zing.vn,http_200
9927,buddyns.com,http_404
9928,lucky3357.com,http_200
9925,pruebat.org,http_200
9806,moe.gov.jo,timeout
9930,zmaal.net,http_200
9931,ssiloc.com,ENOTFOUND
9932,adstk.io,ENOTFOUND
9934,hentaivietsub.com,http_403
9937,arabx88.mobi,ENOTFOUND
9940,awsdns-31.co.uk,ENOTFOUND
9942,masteredu.ai,http_404
9943,sat.co.id,http_404
9945,kanamic.net,ENOTFOUND
9944,eghrmis.gov.my,UNABLE_TO_VERIFY_LEAF_SIGNATURE
9831,sanofi-synthelabo.com,timeout
9949,gujgov.edu.in,UNABLE_TO_VERIFY_LEAF_SIGNATURE
9956,mobile-tracker-free.com,http_404
9837,kemensos.go.id,timeout
9842,comcastbusiness.net,timeout
9968,metabet.tv,http_403
9969,hentaiz.bot,http_403
9970,pagalnew.com,http_403
9974,digiform.ir,http_403
9989,franceconnect.gouv.fr,http_404
9991,hdhub4u.glass,http_200
9992,poshantracker.in,http_403
9998,5movierulz.forsale,http_200
9997,5movierulz.church,http_200
9941,echosat.net,ENOTFOUND
9996,cmpassport.com,http_404
9900,gucci.com,timeout
9952,allpanelexch9.co,ENOTFOUND
9915,analog.com,timeout
9964,fullcast.jp,timeout
9976,itemmania.com,timeout
10002,app-us1.com,http_530
10013,mir-chitki.ru,ENOTFOUND
10010,pubgmobile.com,http_404
10019,seks.ws,http_200
10020,ebharatgas.com,http_403
10014,educationportal3.in,http_404
10021,adamieva.info,http_403
10015,gotchamall.com,http_200
10029,sepe.gob.es,ENOTFOUND
10026,xepay1.com,http_200
10037,5movierulz.soccer,http_200
10044,shkolo.bg,http_403
10047,settingshelper.com,ENOTFOUND
10041,4dmoon.com,http_200
10050,realizationnewestfangs.com,http_200
10042,nta.nic.in,http_200
10060,lectio.dk,http_403
10063,mamtpo.com,http_410
10068,sayouth.mobi,http_404
10069,aaapay1.com,http_200
10071,administracionespublicas.gob.es,ERR_TLS_CERT_ALTNAME_INVALID
10074,66lottery.vip,http_200
10051,tumadouga.jp,http_404
10077,huan.tv,http_200
10087,doujin-freee.cc,http_403
10088,glocentra.com,ENOTFOUND
10090,skokka.com.pe,http_403
10040,xsrv.jp,timeout
10083,razest.net,http_200
10095,mxplayer.in,http_200
10094,tvspix.com,http_404
10100,cmbchina.com,http_200
10106,citycenteronline.bet.ar,http_403
10107,yellowpages.ca,http_403
10103,mensnet.jp,http_404
10109,officedepot.com,http_200
10108,sportsplus.ph,http_403
10111,megoplan.ru,ENOTFOUND
10091,tuma.jp,http_404
10116,rushpay.cc,ENOTFOUND
10121,ripley.com.pe,http_403
10122,pornokk.com,http_403
10125,jedolo.com,http_403
10049,dg-datenschutz.de,timeout
10130,entrust.com,http_403
10128,uberinternal.com,http_404
10134,awsdns-13.co.uk,ENOTFOUND
10135,healmate.jp,http_403
10061,tnresults.nic.in,timeout
10131,finalfantasyxiv.com,http_404
10139,jugarbet1.com,http_403
10136,operacoes.sp.gov.br,http_404
10143,babel.com,http_200
10144,edu.gob.sv,ENOTFOUND
10120,ncert.nic.in,http_404
10073,onboardicafe.com,timeout
10154,1gb.ru,http_200
10147,embedly.com,http_404
10168,vsbroyal.com,http_403
10169,scribdassets.com,http_500
10167,bet2africa.ml,ENOTFOUND
10174,han-solo.net,http_404
10184,listrakbi.com,http_404
10186,popin-minus.com,ENOTFOUND
10187,cloudcrs.xyz,ENOTFOUND
10190,lover938.net,http_403
10185,delhigovt.nic.in,CERT_HAS_EXPIRED
10191,movacal.net,http_404
10194,survey-z.com,http_404
10197,xvideos69.xxx,http_403
10198,uxzw.club,ENOTFOUND
10203,castlebet.com.na,http_404
10204,denticon.com,http_200
10205,anythinktech.com,ENOTFOUND
10118,bokepsurga.com,timeout
10209,avanture.net,http_404
10210,wetransfer.net,ERR_SSL_SSL/TLS_ALERT_HANDSHAKE_FAILURE
10119,sacbee.com,timeout
10211,pubeasy.io,http_404
10218,bhavyabiharhealth.in,ECONNREFUSED
10207,tantora.jp,http_200
10219,cdnhwchcg02.com,ENOTFOUND
10225,awsdns-32.co.uk,ENOTFOUND
10222,abdelmaaboud.com,http_200
10227,libguides.com,http_404
10233,mundo-co.com,http_403
10231,playinjeet.com,http_202
10241,sattaking-ghaziabad.com,http_200
10244,cricbet99.black,http_404
10247,winss.net,ENOTFOUND
10250,nexus.vin,http_403
10249,iha.ee,http_404
10254,q4cdn.com,ERR_SSL_SSL/TLS_ALERT_HANDSHAKE_FAILURE
10253,logicmonitor.com,http_403
10260,xit.az,http_200
10259,smartmovepro.net,http_404
10263,cqpay.io,ENOTFOUND
10255,yonogamekiduniya.com,http_200
10266,kryptex.network,ECONNREFUSED
10272,capsrution.com,http_403
10270,atcpulsa.live,http_404
10273,diwa-pay.com,ENOTFOUND
10271,bbgg6688.com,http_200
10158,bodycontact.com,timeout
10277,gece.az,http_403
10279,instamatch365.com,http_405
10276,funinrace365.com,http_202
10284,lotus365exch.win,http_404
10285,maxwinexch365.com,ENOTFOUND
10287,navima.jp,http_404
10288,nnppffccddggdd.com,ENOTFOUND
10289,ns2121cc.com,http_403
10189,gtplsaathi.com,timeout
10290,playinhorse.com,http_405
10295,shillongteerground.com,http_200
10296,surveyenquete.net,ENOTFOUND
10297,tiger365.pro,http_403
10299,uonohubone.com,ENOTFOUND
10302,gupy.io,http_404
10306,lepoint.fr,http_403
10310,radwarecloud.net,ENOTFOUND
10312,ukyuh.tech,ENOTFOUND
10311,xnhau.ing,http_404
10313,amung.us,http_200
10319,5movierulz.camera,http_200
10318,cinepolis.com,http_200
10317,bharian.com.my,http_403
10321,atcpulsa.store,http_404
10324,mp4moviez.care,ENOTFOUND
10326,sbxh1.com,http_200
10327,xnhau.bet,http_404
10330,adglare.net,ERR_TLS_CERT_ALTNAME_INVALID
10333,awsdns-19.co.uk,ENOTFOUND
10336,devvit.net,http_404
10338,server-he.de,ECONNREFUSED
10340,o3t.ru,ENOTFOUND
10258,securefuturepolicy.com,timeout
10262,myutiitsl.com,timeout
10264,hamraazmp8.gov.in,timeout
10346,onezapp.com,EHOSTUNREACH
10348,nuancemobility.net,ENOTFOUND
10354,samsungmdec.com,ENOTFOUND
10362,vaultdcr.com,http_404
10368,isharing-gps.com,ENOTFOUND
10347,mext.go.jp,http_404
10365,sourceforge.io,http_200
10274,esdnevnik.rs,timeout
10361,cdnhwc1.cn,ENOTFOUND
10275,funinjeet.com,timeout
10376,idlixku.com,ENOTFOUND
10379,awsdns-04.co.uk,ENOTFOUND
10381,proxytg.ink,ENOTFOUND
10378,nuance.com,http_200
10384,att-idns.net,ENOTFOUND
10372,geetest.com,http_404
10387,bhvrdbd.com,ENOTFOUND
10388,awsdns-26.co.uk,ENOTFOUND
10383,piojm.tech,http_404
10393,awsdns-17.co.uk,ENOTFOUND
10391,cato.org,http_403
10395,awsdns-24.co.uk,ENOTFOUND
10396,zencdn.net,ENOTFOUND
10399,bendingspoons.com,http_200
10398,naverncp.com,ENOTFOUND
10401,iesdev.com,ENOTFOUND
10403,ftpub.net,ENOTFOUND
10404,dnsnode.net,ENOTFOUND
10412,ondigitalocean.com,http_200
10416,awsdns-27.co.uk,ENOTFOUND
10424,luca.com.tr,http_404
10426,adsensecustomsearchads.com,http_404
10427,googleoptimize.com,http_404
10428,arcpublishing.com,http_200
10389,fr.ru,err
10435,awsdns-58.co.uk,ENOTFOUND
10440,awsdns-62.co.uk,ENOTFOUND
10442,roeye.com,http_403
10439,thebalance.com,ERR_TLS_CERT_ALTNAME_INVALID
10445,nic.rs,ENOTFOUND
10449,taptapnetworks.com,ERR_SSL_TLSV1_ALERT_INTERNAL_ERROR
10454,mdhv.io,ECONNRESET
10460,sympla.com.br,http_403
10461,krxd.net,ENOTFOUND
10462,melolostatic.com,ENOTFOUND
10464,atmtd.com,ENOTFOUND
10463,fujitv.co.jp,http_404
10468,mempool.space,http_200
10469,awsdns-57.co.uk,ENOTFOUND
10373,pavv.co.kr,timeout
10472,clashofclans.com,http_200
10377,dtln.ru,timeout
10473,oxcs.net,http_404
10483,searchspring.io,ENOTFOUND
10487,gdatasecurity.de,http_404
10488,windowsazure.com,http_200
10489,nielsencollections.com,ENOTFOUND
10455,hostwindsdns.com,timeout
10494,apl-alexa.com,ENOTFOUND
10430,zapto.org,timeout
10431,hopto.org,timeout
10499,srmdata-us.com,http_404
10504,visitor-analytics.io,http_404
10503,gamcare.org.uk,UND_ERR_HEADERS_OVERFLOW
10437,adliran.ir,timeout
10508,yahoosandbox.net,ERR_TLS_CERT_ALTNAME_INVALID
10506,wixapps.net,http_404
10507,intensedebate.com,http_200
10505,msn.cn,http_404
10513,cocacola.co.jp,http_200
10476,xiaoyi.com,http_200
10484,asianet.co.th,ENOTFOUND
10517,zadns.vn,ENOTFOUND
10510,iptv2022.com,ECONNRESET
10520,awsdns-37.co.uk,ENOTFOUND
10523,youngle.tech,ENOTFOUND
10518,ipv6-test.com,ECONNRESET
10530,palmst0re.com,ENOTFOUND
10531,wpeproxy.com,ENOTFOUND
10534,diginetica.net,ENOTFOUND
10536,vegalb.com,ENOTFOUND
10529,zndns.com,http_404
10540,pidetupop.com,ENOTFOUND
10541,jreast.co.jp,http_403
10547,realmadrid.com,http_200
10548,wikispaces.com,ENOTFOUND
10545,nothingtech.link,http_403
10553,fsapi.com,ENOTFOUND
10550,copilot.com,http_200
10501,yeahtargeter.com,timeout
10556,muckrack.com,http_403
10554,skcdn.net,ENOTFOUND
10559,open.ac.uk,http_403
10565,okcupid.com,http_403
10563,geniex.com,http_200
10558,convio.net,ERR_TLS_CERT_ALTNAME_INVALID
10570,mq.edu.au,http_403
10581,confirmit.com,http_200
10586,gid.ru,http_505
10590,airbnb.net,ENOTFOUND
10584,plyr.io,http_404
10595,takbet.com,http_403
10587,airtrfx.com,ERR_TLS_CERT_ALTNAME_INVALID
10599,pango-cloud.com,http_200
10522,queniuco.com,ENOTFOUND
10600,cjb.net,ENOTFOUND
10601,cordkit.online,ECONNREFUSED
10583,pib.gov.in,http_403
10592,ndcimgs.com,CERT_HAS_EXPIRED
10602,indeed.tech,http_200
10615,awsdns-61.co.uk,ENOTFOUND
10616,appnexusgslb.com,ENOTFOUND
10618,blazingcdn.net,ENOTFOUND
10617,ebxcdn.com,ERR_TLS_CERT_ALTNAME_INVALID
10620,supremevalues.com,http_404
10625,ray-ban.com,http_403
10622,yahooapis.jp,ENOTFOUND
10626,gaming-sdk.com,http_404
10629,springerlink.com,ECONNREFUSED
10632,bestwestern.com,http_403
10633,appiancloud.com,http_404
10636,on24.com,http_403
10638,vestiairecollective.com,http_403
10637,yusercontent.com,ERR_TLS_CERT_ALTNAME_INVALID
10641,discourse-cdn.com,ENOTFOUND
10640,fivethirtyeight.com,http_200
10645,exitgames.com,http_200
10512,udmr.ru,timeout
10648,proximabeta.com,ENOTFOUND
10647,bc0a.com,http_404
10651,t-bank-app.su,ERR_SSL_TLSV1_ALERT_INTERNAL_ERROR
10654,ngtv.io,ENOTFOUND
10657,qualcomm-inc.com,ENOTFOUND
10656,tcl.com,http_403
10665,ws-hp.com,ENOTFOUND
10664,coles.com.au,http_200
10661,dfmc.com.cn,http_404
10670,framerusercontent.com,http_403
10611,bigpond.net.au,timeout
10613,my-imcloud.com,timeout
10672,grammarlyaws.com,ENOTFOUND
10673,betplay.com.co,http_403
10627,kpcdn.net,timeout
10676,mercusyscloud.com,ENOTFOUND
10678,voltaxam.com,ENOTFOUND
10679,mobilegamestats.com,ENOTFOUND
10682,zd-dns.com,ENOTFOUND
10689,bdstatic.com,ERR_TLS_CERT_ALTNAME_INVALID
10693,grainger.com,http_200
10695,sverigesradio.se,http_403
10697,zepp.com,http_200
10688,tpgi.com.au,ERR_TLS_CERT_ALTNAME_INVALID
10694,fatsecret.com,http_404
10699,spadsync.com,http_404
10702,vbrickrev.com,ERR_SSL_SSL/TLS_ALERT_HANDSHAKE_FAILURE
10700,vcu.edu,http_200
10704,rbwtech.net,ECONNREFUSED
10696,fudan.edu.cn,http_404
10707,fingerhi.net,ENOTFOUND
10667,dpdns.org,timeout
10709,line.biz,http_204
10713,lovense-api.com,http_404
10716,cdnlah.net,ENOTFOUND
10614,gleeze.com,timeout
10718,notvpn.io,http_404
10722,sutochno.ru,http_403
10724,mydomain.com,http_403
10725,unimi.it,http_403
10726,whatspos.com,http_403
10727,hexagon-analytics.com,http_404
10715,netcoresmartech.com,http_500
10732,decibelinsight.net,ENOTFOUND
10736,ggff.net,ERR_TLS_CERT_ALTNAME_INVALID
10659,tx163.com,timeout
10737,nha.gov.in,SELF_SIGNED_CERT_IN_CHAIN
10740,diymysite.com,http_404
10745,themsic.com,ENOTFOUND
10747,clara.es,http_403
10748,xiaohei.com,http_404
10754,jailatm.com,http_404
10755,bid-algorix.com,ENOTFOUND
10756,mediago.com,http_200
10760,aabdw.com,http_404
10763,awsdns-59.co.uk,ENOTFOUND
10768,bloomreach.com,http_200
10739,55hl.net,ENOTFOUND
10701,trvdp.com,timeout
10771,soundcloud.cloud,ENOTFOUND
10773,sesupdate.com,ENOTFOUND
10775,floors.dev,http_404
10777,sybo.net,http_404
10779,moonactive.net,http_200
10772,93soso.com,DEPTH_ZERO_SELF_SIGNED_CERT
10717,rosenergo.com,timeout
10778,tmn141246.ru,ENOTFOUND
10784,wemod.com,http_404
10785,telesco.pe,http_404
10783,activehosted.com,http_404
10788,bki-okb.ru,http_200
10787,uchi.ru,http_200
10758,startappelb.com,timeout
10786,myshn.net,http_404
10794,allianz.com,http_403
10793,www.gov.il,http_403
10798,publico.pt,http_403
10728,dotvndns.com,timeout
10729,mgmresorts.com,timeout
10805,trueachievements.com,http_403
10797,qbox.me,ENOTFOUND
10806,boxcdn.net,http_404
10811,senkodns.net,http_403
10816,ballotpedia.org,http_202
10819,imagedelivery.net,http_400
10820,mahacet.org,http_200
10824,at-o.net,ENOTFOUND
10826,pingdom.net,http_525
10833,hsappstatic.net,http_200
10821,iam.gov.sa,http_200
10841,iesnare.com,ERR_SSL_TLSV1_ALERT_INTERNAL_ERROR
10845,ddddns.net,ERR_TLS_CERT_ALTNAME_INVALID
10848,sberkassa.site,http_404
10825,belta.by,http_503
10849,pangle-ads.com,ENOTFOUND
10759,en25.com,timeout
10851,rtesvc.com,ENOTFOUND
10852,myinsales.ru,http_404
10855,iberia.com,http_403
10854,miguvideo.com,http_403
10857,udyamregistration.gov.in,http_404
10864,gmx.com,http_404
10862,fireoscaptiveportal.com,http_404
10869,pa1mstore.com,ENOTFOUND
10868,inditex.com,http_200
10871,l-msedge.net,ENOTFOUND
10867,cloudhub.io,http_502
10866,728.team,UND_ERR_SOCKET
10878,bannerflow.net,ENOTFOUND
10879,pubunit.net,http_530
10882,cloudns.com,http_200
10885,tmobile-digital.com,ENOTFOUND
10884,flashscore.ninja,http_404
10886,freeservers.com,ECONNREFUSED
10892,userpilot.io,http_404
10790,akbars.ru,timeout
10894,impervasecuredns.net,ENOTFOUND
10895,kpn.net,http_200
10896,square-enix.com,http_404
10898,lojasrenner.com.br,http_403
10901,homeconnecthca.com,ENOTFOUND
10902,catsonictp.com,ENOTFOUND
10905,lokomotivan.com,ECONNREFUSED
10906,apitd.net,ENOTFOUND
10907,arcgisonline.com,http_200
10909,whitetrafsa.com,http_403
10911,snigelweb.com,http_200
10893,teletalk.com.bd,http_404
10915,titan.co.in,http_403
10916,optimise.net,http_500
10917,fireeye.com,http_530
10919,k2.cloud,http_403
10839,n0c.com,timeout
10924,desikamababa.com,http_403
10840,sigmaaldrich.com,timeout
10929,cdn-sw.net,ENOTFOUND
10925,nginx.net,ERR_SSL_TLSV1_UNRECOGNIZED_NAME
10933,qcinternal.io,ENOTFOUND
10932,homegate.ch,http_403
10936,px-cdn.net,ENOTFOUND
10937,labkas.com,ENOTFOUND
10935,omni-dex.io,http_200
10934,hetzner.de,http_404
10944,kmv.ru,http_404
10946,intellij.net,http_200
10861,nameserverservice.de,timeout
10951,mypurecloud.de,http_500
10953,ielove.jp,ENOTFOUND
10952,pgportal.gov.in,http_404
10957,dowjones.io,ENOTFOUND
10955,xperia-gaming.site,ENOTFOUND
10877,tax.gov.ir,timeout
10958,hubble.in,ENOTFOUND
10962,xxxjmp.com,http_403
10960,cerdas.com,http_200
10968,vudu.com,http_200
10969,inecnigeria.org,UNABLE_TO_VERIFY_LEAF_SIGNATURE
10971,flagcounter.com,http_404
10973,gjhyss.com,ENOTFOUND
10975,enphaseenergy.com,http_404
10978,linuxmint.com,http_404
10982,ntvpforever.com,http_404
10983,fastpic.org,http_404
10986,hsn.com,http_403
10989,search-porn-videos.com,ENOTFOUND
10990,zoomdev.us,http_403
10985,tiktok-minis.us,http_404
10988,outlook.cn,ENOTFOUND
10992,prebid-server.com,ENOTFOUND
10991,cloudn.co.kr,ENOTFOUND
10998,smartytech.io,ERR_TLS_CERT_ALTNAME_INVALID
10999,storage.money,http_404
11002,photopea.com,http_404
10914,mshome.net,timeout
11006,robin-flow.com,ENOTFOUND
11008,okstate.edu,http_403
10945,amurobl.ru,timeout
11003,bigpond.com,http_200
11018,meteofor.lt,http_420
10950,rcn.net,timeout
11026,ono.com,ENOTFOUND
11028,web.com,http_403
11030,hosted-by-discourse.com,ENOTFOUND
10959,hsmedia.ru,timeout
10961,idaho.gov,timeout
11037,salesforce-dns.com,ENOTFOUND
11000,dnsmeasurement.com,ECONNREFUSED
11042,kanoon.ir,http_200
11045,bronze.systems,ENOTFOUND
11046,dtignite.com,ENOTFOUND
11049,fn-pz.com,ENOTFOUND
11044,hapseemate.cn,http_404
11036,kra.go.ke,http_404
11050,tcafe21.com,http_200
11063,fqnovel.com,ENOTFOUND
11061,usdoj.gov,http_200
11055,xrea.com,http_404
11066,omni.ru,http_200
11071,origin.com,http_200
11074,jagex.network,ENOTFOUND
11075,allsex.xxx,ENOTFOUND
11077,aistrm.net,ENOTFOUND
11065,remote-service-pf.com,http_200
11078,aliyunga0019.com,ENOTFOUND
11073,daiwa.co.jp,http_404
11079,chipotle.com,http_404
11081,grubhub.com,http_200
11084,slickdeals.net,http_403
11083,ventusky.com,http_200
11085,yields.site,ENOTFOUND
11088,192.in-addr.arpa,ENOTFOUND
11086,loopnet.com,http_403
11076,omappapi.com,http_501
11091,revparts.net,http_200
11087,rtm.gov.my,ENOTFOUND
11094,huoma-cname.shop,ENOTFOUND
11098,arc-dns.net,ENOTFOUND
11097,hwclouds-dns.com,ENOTFOUND
11041,home.ne.jp,ENOTFOUND
11099,anandtech.com,http_200
11106,ad-m.net,ENOTFOUND
11107,monetate.net,http_404
11012,seniat.gob.ve,timeout
11109,stocktwits.com,http_403
11112,moeys.gov.kh,http_200
11113,everestop.io,http_521
11103,zju.edu.cn,http_404
11059,xdrtc.com,ENOTFOUND
11110,my3w.com,ENOTFOUND
11117,yomeno.xyz,http_526
11064,queniulf.com,ENOTFOUND
11118,gxcorner.games,http_200
11120,infopanel.jp,http_404
11126,sovcombank.group,ENOTFOUND
11132,googl.com,ERR_TLS_CERT_ALTNAME_INVALID
11135,dialmyapp.com,http_202
11137,shoptoshop.co.za,http_403
11140,twitpic.com,http_200
11142,ivaws.com,ENOTFOUND
11139,vietjetair.com,http_200
11146,worldfcdn2.com,ENOTFOUND
11145,cairo.gov.eg,http_404
11148,psiphon.news,http_200
11153,rfb.ac,CERT_HAS_EXPIRED
11141,tange365.com,http_200
11154,ghost.io,http_200
11108,yunray.ai,err
11156,javsub.blog,http_403
11159,maptons.com,http_403
11157,raptivecdn.com,http_403
11161,coach.com,http_403
11163,wholebodieswholeminds.com,http_200
11166,byd3c3.com,ENOTFOUND
11165,rotld.ro,http_404
11171,linkpenidabet.com,http_403
11124,acsechocaptiveportal.com,timeout
11173,backend-hypertube-app.com,ENOTFOUND
11176,mesh.ad.jp,ENOTFOUND
11179,bassthalk.com,http_403
11182,wikaba.com,ERR_SSL_WRONG_VERSION_NUMBER
11096,okamiboss.com,timeout
11191,pm-serv.co,ERR_TLS_CERT_ALTNAME_INVALID
11192,e-tesda.gov.ph,http_404
11104,aidata.io,timeout
11195,foundationdns.com,http_200
11197,perfops.net,http_404
11200,maharashtracet.org,http_404
11196,arttrk.com,http_404
11203,audacityteam.org,http_404
11204,173.in-addr.arpa,ENOTFOUND
11155,uqmobile.jp,http_200
11206,ecitizen.go.ke,http_403
11217,gtimg.cn,EHOSTUNREACH
11215,educacao.go.gov.br,http_404
11220,voltaxservices.io,ENOTFOUND
11219,gryphline.com,http_404
11199,qzz.io,timeout
11170,kunlunar.com,timeout
11174,betman.co.kr,timeout
11225,mxplay.com,http_200
11226,videymyca.online,http_404
11221,bellsouth.net,timeout
11231,awsdns-63.co.uk,ENOTFOUND
11232,y-tun.com,ENOTFOUND
11230,lgeapi.com,ENOTFOUND
11233,lek-manga.net,http_403
11234,proboards.com,http_404
11242,sexvietdam.blog,http_403
11244,yourdomain.com,ERR_TLS_CERT_ALTNAME_INVALID
11247,ingos.ru,http_403
11248,bromium-online.com,http_200
11202,ddnsgeek.com,timeout
11260,edgetcdn.net,ENOTFOUND
11210,uffmaal.com,timeout
11262,adnami.io,http_403
11266,game-mode.net,ENOTFOUND
11267,cineby.at,http_200
11216,aktu.ac.in,timeout
11268,mof.go.th,http_403
11272,ns.gov,ENOTFOUND
11270,sogirl.so,ENOTFOUND
11254,manakonline.in,http_404
11271,mine.nu,ECONNREFUSED
11277,topgai.net,http_403
11275,thedrive.com,http_403
11278,webnode.page,http_404
11274,telegraphindia.com,http_403
11281,psdops.com,ENOTFOUND
11282,sgsnssdk.com,ENOTFOUND
11286,axonix.com,http_403
11290,col-jugabet.com,http_403
11276,babybus.com,http_404
11288,nso.ru,http_403
11296,6ctuslwqz.com,ENOTFOUND
11294,astm.org,http_403
11291,meusitehostgator.com.br,ENOTFOUND
11222,hef.co.ke,timeout
11304,testuk.org,ENOTFOUND
11299,mt.gov,http_404
11301,nrega.nic.in,http_404
11308,rokuapi.net,ENOTFOUND
11310,bnbstatic.com,ENOTFOUND
11312,justvideohub.org,http_404
11313,daumcdn.net,ENOTFOUND
11306,seduc.ce.gov.br,UNABLE_TO_VERIFY_LEAF_SIGNATURE
11320,dobaklife24.com,ENOTFOUND
11323,adn.cloud,http_525
11224,saralharyana.gov.in,timeout
11322,carrierzone.com,http_404
11328,adsappier.com,ENOTFOUND
11330,devtesting.live,ENOTFOUND
11333,yagong91.com,http_200
11335,bigrockservers.com,ENOTFOUND
11337,f6.security,http_403
11339,looker.com,http_200
11305,xxphims.blog,timeout
11338,kooora-sia.com,ERR_SSL_TLSV1_UNRECOGNIZED_NAME
11340,sexylib.com,http_200
11344,kpdcl.net,ENOTFOUND
11343,earnpalsolutions.com,http_404
11345,mountain-portal.co.uk,http_403
11348,upi9.pro,ENOTFOUND
11349,pointmediatracker.com,ENOTFOUND
11347,sat.box,DEPTH_ZERO_SELF_SIGNED_CERT
11303,ele.me,err
11353,effirst.com,http_404
11356,gd.gov.cn,http_404
11357,honey.io,ERR_TLS_CERT_ALTNAME_INVALID
11359,vinted.net,ENOTFOUND
11361,motherless.xxx,ENOTFOUND
11362,osd.mil,ENOTFOUND
11369,screwfix.com,http_403
11370,nsc.ru,CERT_HAS_EXPIRED
11298,internetat.tv,timeout
11375,klarnacdn.net,ENOTFOUND
11373,epichosted.com,ECONNREFUSED
11364,football360.ir,ENOTFOUND
11311,dyndns.info,timeout
11377,footprint.net,ENOTFOUND
11384,player.fm,http_403
11382,taboola-display.com,ERR_TLS_CERT_ALTNAME_INVALID
11381,nextersglobal.com,http_200
11316,pfms.nic.in,timeout
11350,ns0.com,timeout
11387,ftc.ru,ECONNREFUSED
11391,xxxtophd.com,http_404
11390,allsaints.tv,ENOTFOUND
11400,navdmp.com,http_403
11401,spov-dc-msedge.net,ENOTFOUND
11402,unicomcdn.com.cn,ENOTFOUND
11397,keio.ac.jp,http_404
11412,paginegialle.it,http_403
11405,narwaltech.com,ENOTFOUND
11415,youborafds01.com,ENOTFOUND
11417,lfscnp.com,ENOTFOUND
11411,glotgrx.com,http_404
11416,brightline.tv,http_200
11420,ngrok-free.app,http_200
11425,becdn.net,ERR_TLS_CERT_ALTNAME_INVALID
11426,wholefoodsmarket.com,ENOTFOUND
11427,greenvideo.io,http_200
11432,ozonusercontent.com,ENOTFOUND
11430,echofungames.com,http_403
11441,volccdn.com,ENOTFOUND
11431,itc.cn,ERR_TLS_CERT_ALTNAME_INVALID
11428,aastocks.com,http_403
11453,jfit.co,http_200
11457,ncsl.org,http_403
11448,xiaomiwear.com,http_404
11459,studilka.ru,ENOTFOUND
11466,tkpusjc86.com,ENOTFOUND
11465,polimi.it,http_200
11463,d-53.info,ENOTFOUND
11469,rapidshare.com,ENOTFOUND
11470,stretchoid.com,http_404
11474,7tv.app,http_200
11475,browser-intake-us3-datadoghq.com,http_403
11482,skypeassets.com,ENOTFOUND
11486,portaltemponovo.com.br,http_403
11414,pacbell.net,timeout
11496,wusum.com,http_404
11498,infeng.site,ENOTFOUND
11499,pdst.fm,http_404
11506,melia.com,http_403
11500,aternity.com,http_200
11504,ck444app.net,http_200
11507,cleverwebserver.com,http_200
11509,openssp.ru,ENOTFOUND
11514,etrusted.com,http_200
11520,oakley.com,http_403
11523,templatemonster.com,http_403
11519,mitelis.cc,ENOTFOUND
11524,tmiaf.ru,http_404
11525,7tv.io,http_404
11532,intsmarthub.com,ENOTFOUND
11534,se-platform.com,ENOTFOUND
11535,zdoiodhtqahjizqq.net,http_444
11528,mediav.com,http_404
11461,sharepoint.us,timeout
11529,ustc.edu.cn,http_404
11542,yotpoapi.com,ENOTFOUND
11539,abercrombie.com,http_404
11544,area120.com,http_404
11541,cdngtm.com,ENOTFOUND
11550,nebulalive.com,ENOTFOUND
11553,deriv.com,http_404
11554,erne.co,http_404
11558,logmeininc.com,http_200
11559,catonet.works,ENOTFOUND
11563,transsion-message.com,ENOTFOUND
11566,wpadmngr.com,ENOTFOUND
11567,toutiaoapi.com,ENOTFOUND
11560,uzbmb.uz,UNABLE_TO_VERIFY_LEAF_SIGNATURE
11570,clienttons.com,ENOTFOUND
11501,3gl.net,timeout
11572,cloud-fdc.com,ENOTFOUND
11577,100.in-addr.arpa,ENOTFOUND
11564,une.net.co,ERR_TLS_CERT_ALTNAME_INVALID
11580,iot334.com,ENOTFOUND
11579,vaginke.site,ENOTFOUND
11581,f0113.com,ENOTFOUND
11587,reasonlabsapi.com,ENOTFOUND
11583,doppiostreams.com,http_404
11582,lgsmartplatform.com,ENOTFOUND
11589,coral.co.uk,http_403
11593,srmdata-eur.com,http_404
11447,disneylandparis.com,timeout
11596,attdns.com,ENOTFOUND
11600,rdatasrv.net,ENOTFOUND
11590,auction.co.kr,http_403
11602,mediawallahscript.com,ENOTFOUND
11601,eppo.cloud,http_200
11597,wechatpay.cn,http_200
11606,aqara.com,http_200
11609,denic.de,http_404
11607,librepelota.su,ENOTFOUND
11611,solaredge.com,http_403
11614,microsoftonline-p.com,ENOTFOUND
11610,survicate-cdn.com,http_200
11605,junkemailfilter.com,UNABLE_TO_VERIFY_LEAF_SIGNATURE
11613,rokt-api.com,ERR_TLS_CERT_ALTNAME_INVALID
11624,sparkpostmail.com,http_200
11627,verint-cdn.com,ENOTFOUND
11626,huaweicloud-dns.net,ENOTFOUND
11631,haisoft.net,http_404
11622,samsodisha.gov.in,UNABLE_TO_VERIFY_LEAF_SIGNATURE
11623,cnolnic.net,http_404
11632,simplepart.net,ERR_TLS_CERT_ALTNAME_INVALID
11642,metricswpsh.com,http_404
11643,ru.nl,http_404
11647,truefitcorp.com,ENOTFOUND
11651,adjust.io,ERR_TLS_CERT_ALTNAME_INVALID
11654,pbworks.com,http_404
11653,dvrlists.com,http_404
11658,decipherinc.com,ENOTFOUND
11659,joomcdn.net,ENOTFOUND
11664,typicode.com,http_530
11663,nic.one,ERR_SSL_SSL/TLS_ALERT_HANDSHAKE_FAILURE
11546,axinntus.com,timeout
11665,sc.gov,http_403
11667,atcpulsa.net,http_404
11672,healthgrades.com,http_403
11678,douyinliving.com,ENOTFOUND
11679,biahosted.com,ENOTFOUND
11685,tages.dev,http_404
11693,twibida.com,http_200
11695,rum-ingress-coralogix.com,ENOTFOUND
11696,calldorado.com,http_404
11699,mavrtracktor.com,http_403
11700,cdn-fc.com,http_403
11702,itsfogo.com,ERR_TLS_CERT_ALTNAME_INVALID
11705,uberns.com,ENOTFOUND
11706,eizzih.com,http_403
11708,mosreg.ru,http_403
11709,radar.io,http_530
11711,rusoska.to,ENOTFOUND
11712,opoxv.com,ENOTFOUND
11713,mimecastprotect.com,ENOTFOUND
11716,starrydyn.com,http_404
11719,capndr.com,ENOTFOUND
11718,cnzz.com,http_404
11725,bseindia.com,http_403
11646,ntp.se,http_200
11729,goodimpressioncrboost.com,http_404
11728,case-battle.tel,http_404
11733,ferrari.com,http_403
11731,kugou.net,http_404
11736,figshare.com,http_202
11737,pvvstream.pro,ERR_TLS_CERT_ALTNAME_INVALID
11738,ply.gg,http_200
11740,isp.sky,ENOTFOUND
11741,intlgame.com,ERR_TLS_CERT_ALTNAME_INVALID
11697,hikops.com,ENOTFOUND
11739,adb.org,http_200
11744,rbx.com,http_403
11746,caracuan.info,ENOTFOUND
11747,betmgm.com,http_403
11748,vivintsky.com,http_404
11753,transportation.gov,http_403
11755,vwg-connect.com,ENOTFOUND
11756,la.gov,http_403
11757,vtexassets.com,http_429
11758,gvt.net.br,ERR_SSL_SSL/TLS_ALERT_HANDSHAKE_FAILURE
11749,morganstanleyhongkong.net,ERR_TLS_CERT_ALTNAME_INVALID
11751,mamba.ru,err
11764,rajatogelidr.com,ENOTFOUND
11730,dmrtb.com,timeout
11767,atlanticcouncil.org,http_200
11770,global.fujitsu,http_429
11765,rubrik.com,http_403
11769,orlandosentinel.com,http_403
11776,samsungdmroute.com,ENOTFOUND
11780,doppiocdn.media,ENOTFOUND
11686,alibabausercontent.com,timeout
11784,pulaujudinx.com,http_403
11781,ibispaint.com,http_404
11787,skyscannerplatform.net,ENOTFOUND
11785,etagi.com,http_423
11793,blncvpn4u.cc,ENOTFOUND
11795,svcmot.com,ENOTFOUND
11794,avianca.com,http_403
11715,gastecnologia.com.br,timeout
11796,dbankedge.net,http_403
11802,kubiobuilder.com,http_404
11720,izatcloud.net,timeout
11801,biz.ua,ENOTFOUND
11805,extremecloudiq.com,http_404
11807,pangle-b.io,ENOTFOUND
11808,apply-csbc.com,ENOTFOUND
11811,trongrid.io,http_404
11806,xiaomiev.com,http_404
11819,iflscience.com,http_403
11824,asnapieu.com,ENOTFOUND
11798,openjdk.org,timeout
11830,5egytucuw.com,ENOTFOUND
11759,sharkia.gov.eg,timeout
11827,gdtimg.com,http_418
11834,modarteaccessories.com,http_404
11836,hingeaws.net,ENOTFOUND
11846,mir24.tv,http_403
11845,ugdtimg.com,http_418
11816,fiservapps.com,timeout
11848,avastbrowser.com,http_200
11851,hubspotfeedback.com,ENOTFOUND
11853,pureapk.com,http_404
11783,banglarshiksha.gov.in,timeout
11856,habit.yoga,http_200
11861,qprod2.net,ENOTFOUND
11866,nereserv.com,http_404
11869,tjk-njk.com,http_404
11873,asahibeer-cp.jp,http_404
11874,cdnhwc10.cn,ENOTFOUND
11872,movies4u.finance,ENOTFOUND
11876,keymachine.de,http_404
11799,gamblingtherapy.org,timeout
11881,uupaid.com,ENOTFOUND
11883,easysyncr.io,http_200
11888,ttcache.com,http_200
11893,emb-japan.go.jp,ENOTFOUND
11891,ais-idc.com,ENOTFOUND
11898,hulustream.com,ENOTFOUND
11812,qantas.com,timeout
11894,dota2.com,http_200
11904,canireachthe.net,http_403
11908,tayming.com,http_410
11909,whmpanels.ro,ECONNREFUSED
11912,ssgujarat.org,http_404
11913,trahkino.life,ENOTFOUND
11914,wsglb0.info,ENOTFOUND
11922,skeepers.io,http_403
11831,partners-show.com,timeout
11924,grandbet88claw.com,http_403
11923,igg.com,http_404
11926,starkgames.app,ENOTFOUND
11928,bitmovin.com,http_403
11929,naga-89.xyz,ENOTFOUND
11933,hgoose.com,http_403
11934,pb8majujaya.com,http_403
11902,ath.cx,timeout
11938,traincdn.com,ENOTFOUND
11919,dns.com.cn,http_404
11939,goodreels.com,http_404
11951,ubianet.com,http_404
11943,coolkit.cc,UNABLE_TO_VERIFY_LEAF_SIGNATURE
11955,otenet.gr,http_404
11959,snooguts.net,ENOTFOUND
11957,pythonhosted.org,http_404
11956,vk.me,http_403
11964,connect.aws,ENOTFOUND
11960,bblmw.com,http_404
11961,domob.cn,http_200
11972,apicgate.com,ENOTFOUND
11976,dashapi.com,ENOTFOUND
11974,sputnik.ru,http_404
11887,furbo.co,timeout
11978,playhubconnect.com,http_403
11979,disney-plus.net,ENOTFOUND
11982,salute.ru,http_502
11966,eastday.com,http_403
11907,harry.lu,timeout
11910,wiz.world,timeout
11998,constellix.net,ERR_TLS_CERT_ALTNAME_INVALID
12003,guildwars2.com,http_404
12010,spaceship.net,ECONNREFUSED
12012,arconazure.com,ENOTFOUND
12007,cocolog-nifty.com,http_404
12008,softlayer.com,http_200
12016,forgecdn.net,ENOTFOUND
12015,petfinder.com,http_403
12019,funet.fi,http_200
12018,ada.gov,http_200
12011,360buyimg.com,http_200
12023,steamusercontent.com,ENOTFOUND
12021,v21zone.org,http_403
12025,sncf-connect.com,http_403
12028,icondrawer.com,ENOTFOUND
12031,ads-tinyorbit.com,ENOTFOUND
12029,merit.net,ERR_TLS_CERT_ALTNAME_INVALID
12032,test-ipv6.com,http_404
12036,swymrelay.com,http_404
12039,golpredictor.com,http_404
11986,99taxis.mobi,timeout
12041,pingtest.net,http_404
12024,autonavi.com,http_200
12043,wal.co,http_404
12045,bluexad.ai,http_200
12035,musinsa.com,http_200
12052,q0.ru,ECONNREFUSED
12054,edgedns.ru,ENOTFOUND
12057,linodeobjects.com,ENOTFOUND
12055,nsatc.net,ENOTFOUND
12062,msocdn.com,ENOTFOUND
12066,instamatch99.com,http_405
12069,weather2024.com,http_404
12068,flipkart.net,ERR_TLS_CERT_ALTNAME_INVALID
12071,fairplay.pink,http_404
12077,indeed.net,http_403
12081,ubembed.com,ENOTFOUND
12082,kumulos.com,http_200
12079,goatsports.xyz,http_200
12088,mp4moviez.latino,ENOTFOUND
12085,advlion.com,http_200
12091,samsung-dict.com,ENOTFOUND
11985,swift.com,timeout
12089,glddns.com,http_200
12097,order.online,http_403
12095,blogspot.com.au,http_404
12100,capcutcdn-us.com,ENOTFOUND
12101,jsmsat.com,ENOTFOUND
12103,ucoz.com,http_404
12096,xoilaclinkwc2026.tv,ERR_SSL_TLSV1_UNRECOGNIZED_NAME
12099,myflorida.com,http_404
12106,laicaipisang123.com,http_403
12107,1tamilmv.durban,ENOTFOUND
12109,dsname.ru,ENOTFOUND
12110,msbte.ac.in,http_404
12115,crcldu.com,http_403
12123,travel-assets.com,ENOTFOUND
12119,rax.io,http_403
12121,moviezwap.llc,ENOTFOUND
12127,iphmx.com,ENOTFOUND
12126,royaltotox55.com,http_403
12129,pangolin-sdk-toutiao.com,ENOTFOUND
12130,usg.edu,http_404
12134,publix.com,http_403
12139,poiy.online,ERR_TLS_CERT_ALTNAME_INVALID
12135,lmco.com,http_200
12144,alexistogel.tips,ENOTFOUND
12146,kickoffo.site,ENOTFOUND
12034,kunlunso.com,timeout
12147,kingdomtotox67.com,http_403
12145,google.dev,http_404
12149,futbolslibre-tv.co,ENOTFOUND
12037,wisconsin.gov,timeout
12154,wildlife.io,http_404
12159,mplat-ppcprotect.com,ENOTFOUND
12158,bpcyber.com,ENOTFOUND
12161,yako10.com,ENOTFOUND
12157,rackspacecloud.com,http_404
12160,vegamovie.sl,ENOTFOUND
12105,wareztv.io,ERR_SSL_TLSV1_ALERT_INTERNAL_ERROR
12168,l-err.biz,ENOTFOUND
12165,arvixe.com,http_200
12170,rajabandotdamai63.com,ENOTFOUND
12048,rospotrebnadzor.ru,timeout
12167,1password.eu,http_200
12172,tokekwinrajin.com,http_403
12171,siiiiir.tv,http_200
12180,blueduckredapple.com,http_521
12181,servicepipe.tech,http_403
12179,galaxycloud.ru,http_404
12184,alexistogel.link,ENOTFOUND
12185,alexistogel.team,ENOTFOUND
12188,jogemoa05.com,ENOTFOUND
12186,bampt4.com,http_404
12196,wfwf471.com,http_200
12191,rojadirectastream.com,http_200
12131,dattobackup.com,timeout
12202,alexistogel.news,ENOTFOUND
12203,alexistogel.red,ENOTFOUND
12204,alexisyoudo.com,ENOTFOUND
12201,alexistogel.mobi,ENOTFOUND
12212,live-soccer.tv,http_200
12218,movies4u.as,ENOTFOUND
12223,rajabandotdamai61.com,ENOTFOUND
12224,sati.sex,ERR_SSL_TLSV1_UNRECOGNIZED_NAME
12225,sbxh4.com,http_200
12227,sexmotergem.com,ERR_SSL_TLSV1_UNRECOGNIZED_NAME
12228,sexmotrjem.com,ENOTFOUND
12229,sexsatti.com,ERR_SSL_TLSV1_UNRECOGNIZED_NAME
12231,sultantotop3.com,http_403
12245,videyx.click,ENOTFOUND
12248,yako06.com,ENOTFOUND
12246,watchmovierulz.mba,http_200
12251,graph.org,http_404
12255,cardinalcommerce.com,http_200
12253,lenreg.ru,ENOTFOUND
12254,ipip.net,http_404
12258,redfast.com,http_200
12260,wbcontent.net,ENOTFOUND
12261,dollargeneral.com,http_403
12266,ousaqb.tech,ENOTFOUND
12273,sprint.com,http_403
12274,consentframework.com,http_200
12280,cyberghostvpn.com,http_404
12283,wpstr.tv,ENOTFOUND
12284,strpssts-ana.com,ENOTFOUND
12286,clashroyale.com,http_200
12279,click-nrse.net,http_404
12289,proofdns.net,ERR_TLS_CERT_ALTNAME_INVALID
12294,worldbyte.net,http_404
12243,tvwiki27.net,timeout
12296,imggaming.com,ECONNRESET
12297,spectraguard.net,ENOTFOUND
12298,flixcart.com,ENOTFOUND
12295,appsmb.com,ENOTFOUND
12153,theworkpc.com,timeout
12304,newcastle.edu.au,http_403
12305,kettledroopingcontinuation.com,http_200
12308,dtag.de,ERR_TLS_CERT_ALTNAME_INVALID
12309,seatgeek.com,http_403
12307,synxis.com,http_200
12311,paypalinc.com,ENOTFOUND
12313,jksolapp.com,ENOTFOUND
12314,intlscdn.com,ENOTFOUND
12317,anuytzc.xyz,ENOTFOUND
12316,crptech.ru,ERR_TLS_CERT_ALTNAME_INVALID
12318,olx.kz,http_403
12211,lifeinsuranceexpertise.com,timeout
12320,whoisdomain.kr,ERR_TLS_CERT_ALTNAME_INVALID
12322,getui.net,ERR_TLS_CERT_ALTNAME_INVALID
12327,wikia-services.com,http_530
12330,hostarmada.net,http_404
12292,hot.net.il,err
12226,seksati.com,timeout
12339,escholarship.org,http_403
12340,perf1.com,http_404
12342,netpulse.com,http_200
12344,xplosion.de,http_200
12350,ctobsnssdk.com,ENOTFOUND
12326,sinica.edu.tw,http_404
12352,alarmnet.com,ENOTFOUND
12349,warcraftlogs.com,http_403
12355,dns-redirect.com,ERR_TLS_CERT_ALTNAME_INVALID
12351,fengkongcloud.com,http_404
12358,wnacloud.com,ENOTFOUND
12361,hearstapps.com,ENOTFOUND
12364,myworkdaycdn.com,http_403
12360,crushblocks.com,http_200
12367,nh.gov,http_403
12370,ihrhls.com,ENOTFOUND
12372,mearicloud.com,ENOTFOUND
12363,ufsc.br,http_404
12374,yarnpkg.com,http_404
12371,ajcloud.net,http_404
12369,rabby.io,http_404
12380,rent.com,http_429
12293,at.ua,timeout
12382,solodcdn.com,ENOTFOUND
12378,12377.cn,http_404
12383,dcloudlive.com,ENOTFOUND
12375,gsspat.jp,http_404
12385,betterttv.net,http_200
12300,cmegroup.com,timeout
12388,antibanads.com,ENOTFOUND
12389,grabcad.com,http_403
12390,segmentapis.com,ENOTFOUND
12391,thecas.xyz,http_401
12395,calldorado-api.com,ENOTFOUND
12401,klarnaevt.com,ENOTFOUND
12399,rttv.ru,http_200
12410,eu-4-id5-sync.com,ENOTFOUND
12409,ksyuncs.com,ENOTFOUND
12415,zcvh.net,ENOTFOUND
12417,thedd.online,ENOTFOUND
12425,surfnet.nl,http_200
12419,vlibras.gov.br,http_404
12373,za.com,ENOTFOUND
12416,elong.com,http_200
12430,sun-sentinel.com,http_403
12429,globalsign.net,http_404
12431,locknewslab.com,http_404
12434,nic.team,ERR_TLS_CERT_ALTNAME_INVALID
12427,varonis.io,http_404
12437,ajay.app,http_404
12438,lifeyosso.fun,ECONNREFUSED
12332,rfn.ru,timeout
12441,workdeadlinededicate.com,http_200
12445,zoologyfibre.com,http_200
12338,is74.ru,timeout
12453,schoology.com,http_200
12455,proofdns.com,ERR_TLS_CERT_ALTNAME_INVALID
12449,coolzcloud.com,http_404
12459,sh-tencentclb.com,ENOTFOUND
12461,amzn.eu,http_404
12463,escapefromtarkov.com,http_403
12465,fuseplatform.net,ENOTFOUND
12464,shortpixel.ai,http_200
12466,spendsdetachment.com,http_200
12458,z.com,http_200
12475,centralnic-dns.com,http_404
12472,strmd.st,ENOTFOUND
12474,dnsv3.com,ENOTFOUND
12481,domru.biz,DEPTH_ZERO_SELF_SIGNED_CERT
12485,forscprts.com,http_403
12489,libreview.io,ENOTFOUND
12486,constantcontactpages.com,ERR_TLS_CERT_ALTNAME_INVALID
12490,buffbuff.top,ENOTFOUND
12493,thecatmachine.com,http_521
12496,cdn4dd.com,ENOTFOUND
12498,plateau.com,ECONNREFUSED
12500,nc0.co,ENOTFOUND
12494,mstea.ms,http_403
12439,golabs.io,timeout
12497,tudou.com,http_200
12454,trendmicro.co.jp,http_200
12509,imgbb.com,http_200
12514,proxiesfood.com,http_200
12508,hapsee.cn,http_404
12503,ndrc.gov.cn,http_403
12519,stardusttime.com,http_404
12518,8slp.net,ENOTFOUND
12516,qmul.ac.uk,http_403
12522,cdnhwcxcy07.com,ENOTFOUND
12524,dnsenable.com,ECONNREFUSED
12527,vista.com,http_200
12533,connectedpdf.com,http_404
12536,rhinternal.net,ENOTFOUND
12534,anycastdns.cz,ENOTFOUND
12537,ring.net,http_403
12539,grandstream.com,http_200
12538,careerbuilder.com,http_403
12544,cariad.digital,ENOTFOUND
12546,yandex.fi,http_404
12526,tyc.edu.tw,http_404
12549,cloudfilter.net,http_200
12551,volcvod.com,ENOTFOUND
12554,sharethis.net,ENOTFOUND
12557,pbbl.co,http_403
12556,sicoob.com.br,http_403
12545,mohrss.gov.cn,http_200
12560,wheelroot.com,http_404
12559,voeazul.com.br,http_403
12563,booksamillion.com,http_403
12530,umengcloud.com,ENOTFOUND
12562,mykeeta.com,http_451
12568,rubrik-lab.com,ENOTFOUND
12573,sc-apps.com,ENOTFOUND
12579,htlbid.com,http_403
12580,_wildcard_.com.ph,ERR_SSL_TLSV1_ALERT_INTERNAL_ERROR
12548,tplinkcloud.com.cn,ECONNREFUSED
12583,g.globo,ECONNREFUSED
12584,funmora.com,ENOTFOUND
12586,cloudflareok.com,http_404
12585,hc360.com,ENOTFOUND
12588,heytapimage.com,http_200
12594,postimg.org,ENOTFOUND
12593,lum-sdk.io,http_200
12596,bitmaster.ru,http_404
12535,dizinc.com,timeout
12572,adaptytech.com,timeout
12601,fti.net,ENOTFOUND
12540,bmw.com,timeout
12604,hobbylobby.com,http_403
12603,prodns.com.br,http_401
12608,ecombdimg.com,ENOTFOUND
12606,luxcdn.com,http_200
12609,drdrab.com,http_404
12612,tunefindforfans.com,ENOTFOUND
12616,surbl.org,http_404
12614,avlyun.com,http_200
12618,pareci.net,ENOTFOUND
12619,measurementlab.net,http_404
12620,bwajeffwashere.buzz,ENOTFOUND
12622,astockcdn.net,ENOTFOUND
12625,lacoste.com,http_403
12628,pitaya-clientai.com,ENOTFOUND
12599,soika.site,timeout
12633,jads.co,http_200
12577,net-a-porter.com,timeout
12578,microsoftonline.cn,timeout
12636,extcam.com,ERR_TLS_CERT_ALTNAME_INVALID
12641,hathitrust.org,http_403
12605,samr.gov.cn,http_404
12637,nec.com,http_403
12645,adelion.com,http_200
12642,tiktokshop.com,http_200
12647,123tor.ru,http_403
12653,oracleinfinity.io,ENOTFOUND
12655,threadless.com,http_403
12643,action-media.ru,http_200
12662,poki-cdn.com,ENOTFOUND
12664,ezforview.com,ENOTFOUND
12666,etoote.com,ECONNREFUSED
12669,snaptube.app,ENOTFOUND
12672,vonage.com,http_403
12663,ucd.ie,http_403
12679,oszar.com,http_403
12681,biliapi.net,ENOTFOUND
12670,amazon.cn,http_200
12682,tidio.co,http_200
12691,comfylink.com,http_200
12693,clixsight.com,ENOTFOUND
12687,jpush.io,DEPTH_ZERO_SELF_SIGNED_CERT
12640,u5fgb.com,ENOTFOUND
12699,gbitt.info,http_200
12702,theplanet.com,ENOTFOUND
12703,midasplayer.net,ENOTFOUND
12694,trafficmanager.cn,ENOTFOUND
12705,xfinityhome.com,CERT_HAS_EXPIRED
12707,translasion.com,ENOTFOUND
12710,gawker.com,http_404
12709,dm-event.net,ERR_TLS_CERT_ALTNAME_INVALID
12711,coolacloud.com,http_404
12713,36kr.com,http_200
12716,oprah.com,http_403
12722,happ.su,http_404
12723,upcloudlb.com,ENOTFOUND
12719,dangdang.com,http_200
12725,sudrf.ru,http_403
12631,vibra.best,timeout
12728,badambiz.com,http_404
12718,huji.ac.il,http_404
12731,gaohuaassetmanagement.cn,ENOTFOUND
12734,urbanoutfitters.com,http_403
12735,nascar.com,http_403
12649,cathaypacific.com,timeout
12737,mentamob.com,http_200
12706,cdn20.info,ENOTFOUND
12744,nrel.gov,ENOTFOUND
12741,avma.org,http_200
12738,wavebrowserbase.com,http_404
12747,acscdn.com,http_403
12746,wskwai.com,ENOTFOUND
12745,plannedparenthood.org,http_403
12753,transparency.org,http_404
12757,cdn4image.com,http_404
12760,playsimple.games,http_404
12677,health.gov.au,timeout
12764,five64dmv.com,ENOTFOUND
12683,viralize.tv,timeout
12766,sat.gob.mx,http_403
12768,d-53.net,ENOTFOUND
12769,pglstatp-toutiao.com,ENOTFOUND
12771,ei.aero,ENOTFOUND
12775,centertel.pl,ERR_TLS_CERT_ALTNAME_INVALID
12777,bancopan.com.br,http_403
12774,ptc.com,http_403
12778,appcpi.net,ENOTFOUND
12780,sptpub.com,ENOTFOUND
12784,ottera.tv,http_404
12782,yingt.fun,ENOTFOUND
12786,mailgun.org,http_404
12758,boc.cn,http_200
12790,ultradns2.org,ENOTFOUND
12789,com.ru,ECONNREFUSED
12791,ghe.com,http_200
12798,servarr.com,ENOTFOUND
12788,cdn-go.cn,http_404
12800,mof.gov.cn,http_404
12796,sovcloud.cn,ERR_TLS_CERT_ALTNAME_INVALID
12806,netlifyglobalcdn.com,http_404
12810,metacafe.com,ENOTFOUND
12814,plx.im,http_404
12816,atidevs.com,ENOTFOUND
12820,elliemae.io,ENOTFOUND
12803,hearstnp.com,ERR_TLS_CERT_ALTNAME_INVALID
12819,cnbcfm.com,CERT_HAS_EXPIRED
12821,hollisterco.com,http_404
12822,anthropologie.com,http_403
12817,dnofd.com,ECONNREFUSED
12832,athena.io,ENOTFOUND
12834,tokopedia-static.net,ENOTFOUND
12831,vteximg.com.br,http_429
12826,mobiri.se,http_200
12835,justservingfiles.net,ENOTFOUND
12836,ungrounded.net,http_503
12840,ksearchnet.com,ENOTFOUND
12843,eu-3-id5-sync.com,ENOTFOUND
12839,eye4cloud.com,ENOTFOUND
12848,nic.so,ENOTFOUND
12730,ntlworld.com,timeout
12852,wiselg.com,ENOTFOUND
12847,linecorp.com,http_403
12858,byteintl.com,ENOTFOUND
12857,pagesperso-orange.fr,ENOTFOUND
12859,thdstatic.com,http_503
12860,cdnhwcoem01.com,ENOTFOUND
12850,r10s.jp,ENOTFOUND
12866,appgenradio.com,ENOTFOUND
12867,qznovelvod.com,ENOTFOUND
12862,liveleak.com,UNABLE_TO_VERIFY_LEAF_SIGNATURE
12865,yantp.net,ENOTFOUND
12873,tapioni.com,ENOTFOUND
12876,108.in-addr.arpa,ENOTFOUND
12879,ping.cloud,ENOTFOUND
12880,flepquix.com,http_404
12883,youngle.site,ENOTFOUND
12888,bytegsdk.com,ENOTFOUND
12875,cncdn.com,DEPTH_ZERO_SELF_SIGNED_CERT
12890,dciwx.com,ENOTFOUND
12891,amazon.eu,http_200
12841,easytomessage.com,timeout
12896,intuitcdn.net,ENOTFOUND
12844,wfcdn.com,timeout
12894,lystit.com,http_404
12885,qwps.cn,http_200
12897,universiteitleiden.nl,http_200
12903,zenno.services,http_403
12904,rarbg.to,ERR_TLS_CERT_ALTNAME_INVALID
12905,trueconf.ru,http_200
12907,adrtun.ru,ECONNREFUSED
12912,texelkit.shop,ECONNREFUSED
12920,bytetos.com,ENOTFOUND
12910,posterous.com,ERR_TLS_CERT_ALTNAME_INVALID
12923,sgs.com,http_403
12925,nefta.app,ENOTFOUND
12928,mizulina.top,ENOTFOUND
12930,aiee1.com,ENOTFOUND
12924,iyfubh.com,UNABLE_TO_VERIFY_LEAF_SIGNATURE
12878,itoolabs.net,timeout
12937,sgmbocast.com,ENOTFOUND
12935,nvcam.net,ENOTFOUND
12929,q1.com,http_404
12945,pubadx.one,ENOTFOUND
12940,uni-mainz.de,http_200
12944,saser.tw,ENOTFOUND
12950,elcompanies.com,http_403
12941,samsungrm.net,ERR_TLS_CERT_ALTNAME_INVALID
12952,clvrads.com,http_525
12955,cdnga.net,ENOTFOUND
12951,aki-game.net,ENOTFOUND
12957,atlassian-dev.net,ENOTFOUND
12960,elastic.dev,ENOTFOUND
12959,azurestaticapps.net,http_404
12963,storify.com,ENOTFOUND
12965,bnxz.net,ENOTFOUND
12962,twdx.net,ERR_TLS_CERT_ALTNAME_INVALID
12966,gojekapi.com,ENOTFOUND
12971,spoonflower.com,http_403
12975,dramaverses.com,ENOTFOUND
12976,coolblue.nl,http_403
12977,hzmklvdieo.com,ENOTFOUND
12972,xg4ken.com,http_200
12973,tianwenca.com,ERR_TLS_CERT_ALTNAME_INVALID
12982,bcc-ads.com,ERR_TLS_CERT_ALTNAME_INVALID
12984,music-name-servers.com,ENOTFOUND
12981,china.org.cn,ECONNREFUSED
12988,phonefactor.net,ERR_TLS_CERT_ALTNAME_INVALID
12987,digmawifi.com,UNABLE_TO_GET_ISSUER_CERT_LOCALLY
12992,nordcdn.com,ENOTFOUND
13001,kambicdn.com,ENOTFOUND
12999,i-mobile.co.jp,http_200
13009,homeconnectegw.com,ENOTFOUND
13010,scispace.com,http_403
12887,managed-protection.com,timeout
13012,canalplus.com,http_403
13008,yunxinfw.com,ERR_TLS_CERT_ALTNAME_INVALID
13014,iconfinder.com,http_403
13018,bendingspoonsapps.com,http_200
13015,nic.icu,http_200
13025,extremetech.com,http_403
13023,f5clouddns.com,ENOTFOUND
13028,xiti.com,ENOTFOUND
13026,rabobank.nl,http_403
13020,imo.org,err
12902,lemanapro.ru,timeout
13035,myteksi.net,ENOTFOUND
13037,ambitionbox.com,http_403
13039,lookout.com,http_403
13040,inshot.cc,http_404
13044,hwrn.net,ENOTFOUND
13045,hotminidrama.com,http_404
13046,manitu.net,ERR_TLS_CERT_ALTNAME_INVALID
13049,moneris.com,http_403
13050,hik-online.com,ENOTFOUND
13057,bytens.net,http_404
13059,moveaws.com,ENOTFOUND
13060,jsuol.com.br,http_404
13062,jit.si,ENOTFOUND
12956,aternos.me,timeout
13022,fillr.com,http_403
13074,ezdnscenter.com,ENOTFOUND
13076,blog.jp,http_404
13079,nu.com.mx,http_403
13083,hexawall.ru,http_403
13086,postimages.org,http_200
13027,sonyentertainmentnetwork.com,http_200
13091,edna.id,ECONNREFUSED
13093,clients.site,http_200
13094,arkansas.gov,http_410
13096,sublimetext.com,http_404
13098,pangolin-sdk-toutiao1.com,ENOTFOUND
13100,5h1pm3n7.com,ENOTFOUND
13108,unifi.it,http_403
13110,fastwebnet.it,ENOTFOUND
13112,ns.at,ENOTFOUND
13111,bahnhof.net,http_200
13103,xinqiucc.com,ERR_TLS_CERT_ALTNAME_INVALID
13114,plutotv.net,http_200
13115,psbank.ru,SELF_SIGNED_CERT_IN_CHAIN
13123,swannsecurity.com,ERR_TLS_CERT_ALTNAME_INVALID
13119,shopeepay.com.br,http_200
13127,ultradns.org,ECONNREFUSED
13130,internetest.vip,ENOTFOUND
13136,frankerfacez.com,http_404
13140,xiaomixiaoai.com,ENOTFOUND
13141,gslb.com,ENOTFOUND
13143,yangyi19.com,ENOTFOUND
13051,bittor.pw,timeout
13144,jhkkjkj.com,ECONNREFUSED
13146,ggwhitehawk.com,ENOTFOUND
13145,sprinthost.net,http_404
13066,kunlunca.com,timeout
13148,hga050.com,http_404
13150,qiezibenpao.com,ERR_TLS_CERT_ALTNAME_INVALID
13149,ato.gov.au,http_403
13153,bytepluscdn.com,ENOTFOUND
13152,cmecloud.cn,http_503
13159,arloxcld.com,ENOTFOUND
13077,mybigcommerce.com,timeout
13165,mitel.io,ENOTFOUND
13161,zviewcloud.com,ENOTFOUND
13162,levect.com,http_200
13087,rtbsuperhub.com,timeout
13172,storjshare.io,ENOTFOUND
13170,hrblock.com,http_403
13175,ren.tv,ENOTFOUND
13177,skyegloup.com,ENOTFOUND
13174,laredoute.fr,http_403
13176,coolccloud.com,http_404
13181,hosting-cloud.net,http_404
13184,terraform.io,http_200
13185,realsrv.com,ENOTFOUND
13188,mediaroom.com,http_200
13163,weathercn.com,http_200
13192,cloudflarecp.com,http_404
13189,nic.life,ERR_TLS_CERT_ALTNAME_INVALID
13194,resy.com,http_200
13193,jpn.org,ENOTFOUND
13196,verticalrack.click,ENOTFOUND
13197,koshkaproxy.shop,ENOTFOUND
13195,authy.com,http_404
13200,cloudedge360.com,ENOTFOUND
13198,agoda.net,http_200
13201,flvcdn.net,ENOTFOUND
13203,renfe.com,http_200
13206,epik.com,http_404
13129,name-servers.ch,ENOTFOUND
13208,doppiocdn.net,ENOTFOUND
13209,colnsedge.com,http_404
13211,hrsa.gov,http_403
13214,homeaffairs.gov.au,http_403
13212,dyna-ns.net,ENOTFOUND
13215,wall-box.com,ENOTFOUND
13217,mediadelivery.net,ENOTFOUND
13222,bentoo.net,ENOTFOUND
13219,percipio.com,http_403
13225,blogspot.com.br,http_404
13228,justhost.com,http_403
13230,thenorthface.com,http_403
13227,globe.com.ph,http_403
13229,appleiphonecell.com,http_200
13235,myclientip.com,ENOTFOUND
13238,nettvservices.com,http_404
13138,ja.net,timeout
13239,iql.ru,http_404
13249,byteeffecttos.com,ENOTFOUND
13252,vishavideo.com,http_404
13254,securestudies.com,http_404
13256,byteigtm-us.com,ENOTFOUND
13255,fbi.com,ENOTFOUND
13257,dotster.com,http_403
13259,via.net,http_404
13260,nordhold.net,ENOTFOUND
13258,rada.gov.ua,http_200
13264,ngenix-dns.net,ENOTFOUND
13262,stats.gov.cn,http_404
13274,qualcomm.cn,ECONNREFUSED
13276,papaki.gr,http_200
13173,carriersignal.info,timeout
13273,aicdn.com,ERR_SSL_TLSV1_ALERT_INTERNAL_ERROR
13283,cdnhwcick110.com,ENOTFOUND
13282,naiadsystems.com,ENOTFOUND
13285,sendibm1.com,ENOTFOUND
13288,moack.co.kr,http_403
13287,siteground.net,ERR_TLS_CERT_ALTNAME_INVALID
13292,theinformation.com,http_403
13294,allegroimg.com,http_404
13284,fmprc.gov.cn,http_200
13295,jet.amazon,ENOTFOUND
13297,tcllauncher.com,ENOTFOUND
13296,radikal.ru,ENOTFOUND
13300,hypic.com,http_404
13302,fivem.net,http_404
13307,goodwe-power.com,http_200
13305,qut.edu.au,http_403
13312,helpme.net,http_403
13224,saacon.net,timeout
13309,qservers.net,http_200
13316,astrumnival.com,ENOTFOUND
13313,thains.co.th,http_404
13317,tacdn.com,ENOTFOUND
13318,clouddevice.io,ENOTFOUND
13320,szn.cz,http_200
13244,mailobj.net,timeout
13325,icg-in.com,ENOTFOUND
13323,just-eat.com,http_403
13289,fos5echocaptiveportal.com,timeout
13332,inhostedns.com,ENOTFOUND
13331,websense.com,http_200
13334,o7.com,CERT_HAS_EXPIRED
13263,solidworks.com,timeout
13337,cashstar.com,http_403
13340,mkb.ru,SELF_SIGNED_CERT_IN_CHAIN
13338,worldtimeapi.org,ECONNRESET
13342,webvisor.org,ENOTFOUND
13344,meeshoapi.com,ENOTFOUND
13346,synologyupdate.com,ENOTFOUND
13350,belka-games.com,http_200
13278,government.ru,timeout
13355,fortisase.com,http_403
13354,hiaiabc.com,http_500
13358,dishanywhere.com,http_200
13360,walletconnect.org,http_200
13347,bunnydns.com,timeout
13363,devicetrust.com,http_404
13366,swisssign.net,http_200
13370,doppiocdn.org,ENOTFOUND
13373,redbubble.net,ENOTFOUND
13314,uhaul.com,timeout
13372,wordunscrambler.net,http_404
13375,drogaraia.com.br,http_403
13315,kansascity.com,timeout
13382,splashthat.com,http_403
13388,jet-external.com,ENOTFOUND
13390,napps-2.com,http_403
13389,mozillazine.org,http_404
13333,kunlunle.com,timeout
13394,bdydns.cn,ENOTFOUND
13393,razerapi.com,http_503
13399,euskadi.eus,SELF_SIGNED_CERT_IN_CHAIN
13398,jiashule.com,ENOTFOUND
13345,cachenetworks.com,timeout
13400,quiknode.pro,http_401
13364,viaprog.eu,timeout
13404,ccwu.cc,http_404
13402,tsite.jp,http_404
13406,myip.com,http_404
13409,orbsrv.com,ENOTFOUND
13396,tisnet.net.tw,ERR_TLS_CERT_ALTNAME_INVALID
13411,anony.nl,CERT_HAS_EXPIRED
13412,agh.edu.pl,http_403
13418,tiktokeu-cdn.com,ENOTFOUND
13413,tennoudai.net,ENOTFOUND
13422,onkakao.net,ENOTFOUND
13421,plaync.com,http_500
13414,qidian.com,http_202
13424,nakamacloud.io,CERT_HAS_EXPIRED
13427,riotvpn.eu,http_404
13426,mirconnect.ru,ENOTFOUND
13431,123rutor.su,http_200
13432,loopmertb.com,ENOTFOUND
13433,sitelabweb.com,ENOTFOUND
13384,shuzilm.cn,http_200
13436,huaweicloud-dns.ru,ENOTFOUND
13438,vk-cdn.net,ENOTFOUND
13435,zaq.ne.jp,http_404
13441,edgegslb.com,ENOTFOUND
13437,g-cloud.by,ENOTFOUND
13444,crazydomains.com,http_403
13447,ftcdn.net,ENOTFOUND
13450,grabpay.com,ENOTFOUND
13429,qy.net,http_200
13454,vesti.ru,ENOTFOUND
13451,rierra-ads.com,http_200
13455,backend-capital.com,ENOTFOUND
13457,iec.ch,http_403
13459,skybet.com,http_403
13462,pewinternet.org,http_404
13466,boxcloud.com,http_404
13471,turner.com,ERR_TLS_CERT_ALTNAME_INVALID
13472,cortana.ai,ENOTFOUND
13407,ashentajir.site,timeout
13475,storjapi.io,ENOTFOUND
13477,suspilne.media,http_403
13481,careem-engineering.com,ERR_SSL_SSL/TLS_ALERT_HANDSHAKE_FAILURE
13480,axex.ru,CERT_HAS_EXPIRED
13376,ycxrl.com,timeout
13485,soundestlink.com,http_404
13489,unito.it,http_403
13490,tokopediax.com,ENOTFOUND
13492,alhapi.com,http_404
13484,yoyo.org,http_404
13494,grindr.mobi,http_403
13496,dns24.hu,http_403
13502,uma.es,http_404
13504,64.in-addr.arpa,ENOTFOUND
13505,company.site,http_403
13509,uminho.pt,ENOTFOUND
13516,workdaysuvcareers.com,ENOTFOUND
13503,pximg.net,http_200
13519,skipthedishes.com,http_403
13518,evidence.com,http_200
13521,azure-devices-provisioning.net,ENOTFOUND
13524,e911cloud.com,ENOTFOUND
13526,ename.net,http_403
13531,kwikdns.com,ENOTFOUND
13534,wetvinfo.com,DEPTH_ZERO_SELF_SIGNED_CERT
13500,starlink.in,timeout
13537,skypeforbusiness.com,ERR_TLS_CERT_ALTNAME_INVALID
13446,bmo.com,timeout
13542,saasexch.info,ENOTFOUND
13515,privatesocks5.com,ERR_TLS_CERT_ALTNAME_INVALID
13461,personaly.bid,timeout
13545,belk.com,http_403
13547,cdtx.co,ENOTFOUND
13554,akadns88.net,ENOTFOUND
13556,xx1t.com,ENOTFOUND
13558,movoto.com,http_403
13559,huntington.com,http_403
13561,zooplus.io,ENOTFOUND
13560,podium.com,http_200
13474,vtr.net,timeout
13566,eromecdn.com,ENOTFOUND
13564,mex.com,http_200
13567,braveglobal.tv,ECONNREFUSED
13570,vrchat.cloud,ENOTFOUND
13573,g.cn,http_404
13572,centauro.com.br,http_403
13576,videomate.mobi,http_404
13583,lendingtree.com,http_403
13584,ib-ibi.com,ENOTFOUND
13590,bloomreach.co,ENOTFOUND
13538,relativity.one,ENOTFOUND
13593,mirostatic.com,http_403
13512,connextra.com,timeout
13594,fortunecity.com,ERR_TLS_CERT_ALTNAME_INVALID
13597,hashnode.dev,http_404
13599,bonusnun.com,http_404
13600,tiktokpangle-b.us,ENOTFOUND
13601,6chcdn.com,ENOTFOUND
13605,amnupower.com,ENOTFOUND
13606,maff.go.jp,http_403
13607,zapimoveis.com.br,http_403
13610,typescriptlang.org,http_404
13614,ihuoshanlive.com,ENOTFOUND
13528,irandns.com,timeout
13619,targetimg1.com,ENOTFOUND
13615,threatseeker.com,ENOTFOUND
13620,bloomingdales.com,http_403
13623,huoshanlive.com,ENOTFOUND
13616,unext.jp,http_200
13626,nike.com.br,http_403
13625,begambleaware.org,http_403
13585,taleo.net,http_403
13589,ksmobile.com,timeout
13587,muji.com,ECONNRESET
13632,ns247.net,ECONNREFUSED
13636,fuck-rkn.xyz,http_404
13637,interpol.int,http_200
13635,wdckeystone.com,http_403
13631,cargill.com,http_403
13648,unilever.com,http_403
13646,level3.net,CERT_HAS_EXPIRED
13654,dynamic-m.com,ENOTFOUND
13644,regulations.gov,http_403
13656,macmillan.com,UNABLE_TO_VERIFY_LEAF_SIGNATURE
13662,autonews.com,http_403
13658,aerdns.ru,ERR_SSL_SSL/TLS_ALERT_HANDSHAKE_FAILURE
13664,edgecdn.co,ERR_SSL_TLSV1_ALERT_INTERNAL_ERROR
13671,h-cdn.com,ENOTFOUND
13666,marketplace.org,http_403
13670,bcs.ru,http_403
13679,publicdnsservice.com,ENOTFOUND
13683,f-1-g-h.com,ENOTFOUND
13685,loveprogram.tech,ENOTFOUND
13686,awsapps.com,http_403
13574,coocan.jp,timeout
13684,wscvdns.com,ENOTFOUND
13688,luarmor.net,http_403
13692,1cmycloud.com,http_404
13695,microsoft-int.com,ECONNRESET
13689,closeli.com,http_404
13701,cybersource.com,http_403
13698,siteprotect.com,ENOTFOUND
13702,monash.edu.au,http_403
13708,v-tun.com,ENOTFOUND
13709,beacondb.net,http_404
13710,tingot.com,ENOTFOUND
13711,mobshark.net,http_404
13715,evraz.com,http_200
13716,palmpay.app,ECONNREFUSED
13717,pizzahut.com,http_403
13722,inforcloudsuite.com,ENOTFOUND
13724,imimg.com,ENOTFOUND
13718,inn.ru,http_502
13727,apktorrents.com,ENOTFOUND
13729,aftvrsys.com,ENOTFOUND
13668,hik-connectru.com,http_200
13734,woolworths.com.au,http_403
13736,cdnhwcbzj102.com,ENOTFOUND
13677,arixo.shop,timeout
13741,foundit.in,http_403
13618,aliant.net,timeout
13743,stvidtest.net,ENOTFOUND
13745,trackwilltrk.com,ENOTFOUND
13746,chime.com,http_403
13749,u-strasbg.fr,ENOTFOUND
13754,hyperotics.com,ENOTFOUND
13750,cloud.globo,ECONNREFUSED
13706,urbanint.net,timeout
13756,adtech.ink,DEPTH_ZERO_SELF_SIGNED_CERT
13753,infoweb.ne.jp,ENOTFOUND
13758,fqnovelpic.com,ENOTFOUND
13755,payu.com,http_200
13766,bc-sys.com,ENOTFOUND
13767,hr-link.ru,http_403
13771,crunchyrollcdn.com,ENOTFOUND
13772,kochglobalservices.com,ENOTFOUND
13776,bpgslb007.com,ENOTFOUND
13770,yksdks.com,http_500
13777,bfi.org.uk,http_404
13778,nameself.com,ENOTFOUND
13782,wanfangdata.com.cn,http_404
13785,hingenexus.com,ENOTFOUND
13786,kombinat.digital,ENOTFOUND
13787,mail.microsoft,ENOTFOUND
13789,dumb1.com,ERR_SSL_WRONG_VERSION_NUMBER
13705,treas.gov,timeout
13797,ipapi.is,http_404
13801,netshort.net,ENOTFOUND
13802,peers.tv,http_502
13800,cloudbees.io,http_200
13807,nwsource.com,http_200
13816,piratbit.fun,http_403
13813,eu.cc,ERR_SSL_WRONG_VERSION_NUMBER
13737,ngic.com,timeout
13819,az.gov,http_403
13817,dns.net.nz,ENOTFOUND
13823,myexternalip.com,http_404
13824,nextdirect.com,http_403
13833,kbs.co.kr,http_200
13804,parktons.com,timeout
13768,hyper-torrent.com,timeout
13835,bytednsdoc.com,ENOTFOUND
13836,wroc.pl,ENOTFOUND
13808,mktdns.com,http_200
13839,swypeconnect.com,ENOTFOUND
13841,capcutshare.com,ENOTFOUND
13842,scite.ai,http_403
13843,castorama.pl,http_403
13847,pomxd.com,ENOTFOUND
13849,neimanmarcus.com,http_403
13845,kuwo.cn,http_404
13783,bounceme.net,timeout
13852,tribuneindia.com,http_404
13784,writeablog.net,timeout
13856,rtus.dev,ENOTFOUND
13858,weerrhoop.cc,ECONNREFUSED
13863,mod.uk,ECONNREFUSED
13864,whitei.net,http_200
13867,serverfault.com,http_418
13848,saude.gov.br,http_200
13866,gopuff.com,http_403
13830,zwtianshangm.com,ENOTFOUND
13869,dstud.io,ENOTFOUND
13832,netvision.net.il,timeout
13871,tlxbw.xyz,http_403
13875,ypncdn.com,ENOTFOUND
13876,k-img.com,ENOTFOUND
13879,panoramio.com,http_404
13880,131913.xyz,ENOTFOUND
13881,your-objectstorage.com,http_200
13884,adguard.org,ENOTFOUND
13885,cian.tech,http_403
13887,xoalt.com,ENOTFOUND
13888,dc-msedge.net,ENOTFOUND
13886,popcap.com,http_200
13891,viadata.store,http_404
13854,vietel.com.vn,ECONNRESET
13860,verisign-grs.com,ENOTFOUND
13892,roonlabs.net,http_200
13899,hpanalytics.net,ENOTFOUND
13900,trace-flow.ru,http_404
13901,6sense.com,http_403
13895,vermont.gov,http_403
13903,6-q-r-s.com,ENOTFOUND
13904,bcbd123.com,ENOTFOUND
13870,zj.gov.cn,ENOTFOUND
13906,ru.net,ECONNREFUSED
13907,chevrolet.com,http_403
13910,swi-rc.com,ENOTFOUND
13908,gov.hu,ENOTFOUND
13868,sima-land.ru,timeout
13916,71edge.com,ENOTFOUND
13911,ojsbdjn.com,ECONNREFUSED
13924,socure.io,ENOTFOUND
13882,list-manage2.com,timeout
13925,zproxy.org,http_200
13936,skyrock.com,http_200
13944,myqnapcloud.io,ENOTFOUND
13893,premierinn.com,timeout
13949,xssl.net,http_404
13894,gtdinternet.com,timeout
13943,wwstat.com,http_404
13953,normbot.ru,ECONNREFUSED
13957,i-mo.de,ERR_TLS_CERT_ALTNAME_INVALID
13959,trees4sale.net,ENOTFOUND
13946,dataprocess.one,ERR_SSL_SSL/TLS_ALERT_HANDSHAKE_FAILURE
13963,versus.com,http_403
13964,tagdeliver.com,http_404
13958,ansible.com,http_200
13968,bytegle.site,ENOTFOUND
13969,urioy.com,ENOTFOUND
13973,optvz.com,ENOTFOUND
13974,indiankanoon.org,http_403
13975,powerappsportals.com,ENOTFOUND
13977,zenon.net,http_404
13972,doc.gov,http_403
13978,global.gc.ca,ENOTFOUND
13987,rtcplus.com,ENOTFOUND
13914,opentrackr.org,timeout
13990,rmhfrtnd.com,http_403
13915,intelbrasp2p.com.br,timeout
13992,surrit.com,http_403
13997,wildixin.com,ENOTFOUND
13995,premiumtag.net,http_200
13994,datawire.net,ERR_TLS_CERT_ALTNAME_INVALID
13996,ihost.com,ENOTFOUND
14000,ktfpkjt.com,ENOTFOUND
14001,irobotapi.com,ENOTFOUND
13991,localitymanagement.us,http_200
14006,lieferando.de,http_403
14008,megaupload.com,ENOTFOUND
14007,blog.com,CERT_HAS_EXPIRED
14005,astrazeneca.com,http_403
14009,cloudflare-ech.com,http_404
14003,getgocdn.com,ECONNRESET
14010,coocaa.asia,ENOTFOUND
14014,ydns.eu,ERR_TLS_CERT_ALTNAME_INVALID
14016,baicdnx.com,ECONNREFUSED
14023,rmbl.ws,http_404
14029,pixlates.com,ENOTFOUND
14019,f.cx,DEPTH_ZERO_SELF_SIGNED_CERT
14031,tokbox.com,http_403
14032,ss2.us,ENOTFOUND
14035,iqolsys.com,ENOTFOUND
14036,eftydns.com,http_404
14037,fmonline.app,ECONNRESET
14038,dtic.mil,UNABLE_TO_GET_ISSUER_CERT_LOCALLY
14027,viettelidc.com.vn,http_200
14033,vpngate2.jp,ERR_TLS_CERT_ALTNAME_INVALID
14044,yandex-net.ru,ENOTFOUND
14047,agilent.com,http_404
14053,kskwai.com,ENOTFOUND
14054,nortonalto.com,ENOTFOUND
14046,submitdata.top,ENOTFOUND
14055,ademe.fr,http_403
14057,lxdns.info,ENOTFOUND
14045,asadal.net,CERT_HAS_EXPIRED
14051,aon.com,http_200
14069,volia.net,ENOTFOUND
14004,elluciancloud.com,timeout
14067,arenabg.com,http_403
14059,chevron.com,http_403
14076,tacticalrmm.io,ENOTFOUND
14077,a-b-c-8.com,ENOTFOUND
14075,azurecr.io,ERR_TLS_CERT_ALTNAME_INVALID
14080,sharesdns.com,ENOTFOUND
14079,f1.com.tw,ERR_SSL_UNSUPPORTED_PROTOCOL
14073,exhera.com,ERR_TLS_CERT_ALTNAME_INVALID
14088,unleash-hosted.com,http_200
14087,opengroup.org,http_200
14091,azurewebsites.us,ENOTFOUND
14095,cloudways.com,http_403
14094,brandeis.edu,http_403
13981,bigw.com.au,timeout
14098,ansi.org,http_403
14099,storagexhd.com,ERR_TLS_CERT_ALTNAME_INVALID
14102,mbl.is,http_403
14104,laprovence.com,http_200
14107,atoma.cloud,ENOTFOUND
14109,windows-ppe.net,ENOTFOUND
14110,williams-sonoma.com,http_200
14111,beanywhere.com,ENOTFOUND
14112,ntv.io,ENOTFOUND
14115,smoxycdn.net,ENOTFOUND
14113,luminatesec.com,ERR_TLS_CERT_ALTNAME_INVALID
14116,btc-net.bg,ENOTFOUND
14119,teamspeak.com,http_404
14122,brinkpos.net,ENOTFOUND
14121,nmsu.edu,http_404
14124,starott.com,ENOTFOUND
14126,a2z.eu,ENOTFOUND
14085,zamcs.com,http_404
14128,nic.kz,http_200
14130,gcr.io,http_200
14131,cpanel.site,ENOTFOUND
14133,chatgpt.site,http_200
14136,summerbeestest.work,ENOTFOUND
14137,mi-dun.com,ENOTFOUND
14103,leet-tracker.moe,DEPTH_ZERO_SELF_SIGNED_CERT
14139,wswebcdn.info,ENOTFOUND
14135,batmanapollo.ru,http_403
14138,powerautomate.com,http_200
14141,sonic.net,ECONNREFUSED
14145,gearupportal.com,ENOTFOUND
14070,cbphe.com,timeout
14147,spd-mgts.ru,ENOTFOUND
14151,bscscan.com,http_200
14081,kunlunea.com,timeout
14153,q4web.com,http_403
14082,dynssl.com,timeout
14156,bd33fgabh.com,ENOTFOUND
14155,inbox.lv,http_403
14161,servicio-online.net,CERT_HAS_EXPIRED
14160,lumtest.com,http_404
14169,sezane.com,http_403
14173,ycyd123.com,ENOTFOUND
14174,bjs.com,http_403
14175,x-y-2-z.com,ENOTFOUND
14178,adobeoobe.com,ENOTFOUND
14180,wbinsights.com,UNABLE_TO_VERIFY_LEAF_SIGNATURE
14183,dns.sa,ENOTFOUND
14108,permkrai.ru,timeout
14185,bidin-ad.com,ENOTFOUND
14181,court.gov.cn,http_200
14146,hivebedrock.network,timeout
14197,campaign-archive1.com,ERR_TLS_CERT_ALTNAME_INVALID
14191,otzo.com,ERR_SSL_WRONG_VERSION_NUMBER
14152,kill-bot.ru,timeout
14208,yundunwaf5.com,ENOTFOUND
14209,pandadoc.com,http_429
14205,compuserve.com,http_200
14214,gfycat.com,ENOTFOUND
14206,viafoura.net,ECONNRESET
14218,betrad.com,ENOTFOUND
14219,o365filtering.com,ENOTFOUND
14220,europa.eu.int,ENOTFOUND
14221,ns.ie,ENOTFOUND
14223,fastly-insights.com,http_204
14226,exs.pl,http_200
14216,gsupport.support,ENOTFOUND
14230,tdc.net,ENOTFOUND
14224,food.com,http_200
14232,kabutoservices.com,ENOTFOUND
14235,foxkitcloud.ru,ENOTFOUND
14239,transunion.com,http_403
14244,palworldgame.com,ENOTFOUND
14247,doubanio.com,ENOTFOUND
14248,nooncdn.com,ENOTFOUND
14150,lightspeed.app,timeout
14251,viki.io,ENOTFOUND
14254,lowescdn.com,http_404
14266,initff.com,ENOTFOUND
14267,dollartree.com,http_403
14222,mlcdn.com.br,ENOTFOUND
14271,2.ip6.arpa,ENOTFOUND
14268,cbd.int,http_404
14275,y-medialink.com,ENOTFOUND
14276,thieme-connect.com,http_200
14279,brsrvr.com,ENOTFOUND
14274,imsowiwiwiwiwi.com,ECONNRESET
14282,g2afse.com,ENOTFOUND
14284,okiloveyoupleasedonttouchme.net,ECONNRESET
14289,mygames.tools,ENOTFOUND
14292,azurefd.us,http_404
14295,mmscloudtest.com,ENOTFOUND
14294,westlaw.com,http_403
14297,businesstech.co.za,http_403
14193,samsung.co.kr,timeout
14304,primark.com,http_403
14300,windows.us,ERR_TLS_CERT_ALTNAME_INVALID
14302,clip-studio.com,http_403
14303,thespacemachines.st,ECONNRESET
14310,fortigslb.com,ENOTFOUND
14311,c1.statefarm,ENOTFOUND
14312,vwgroup.io,ENOTFOUND
14313,itbakit.com,ENOTFOUND
14203,express.dhl,timeout
14314,dns.ws,ENOTFOUND
14306,ulikecam.com,http_200
14321,hostpapavps.net,ENOTFOUND
14323,selstorage.ru,ENOTFOUND
14319,cloudtrax.com,http_404
14325,5ka.ru,http_403
14337,appfolio.net,ENOTFOUND
14338,brightspotcdn.com,ENOTFOUND
14333,pb.com,http_526
14335,nic.lk,http_404
14342,scarmaca.com,http_404
14346,plsleavemealone.com,ECONNRESET
14241,samregion.ru,timeout
14299,zer0day.ch,timeout
14353,zocdoc.com,http_403
14359,axiom.trade,UND_ERR_HEADERS_OVERFLOW
14339,newfold-dev.site,ERR_SSL_TLSV1_ALERT_INTERNAL_ERROR
14360,fotocdn.net,ECONNREFUSED
14364,cyberprotector.online,http_200
14366,packtpub.com,http_403
14340,zdusercontent.com,timeout
14371,mtmeprod.com,ENOTFOUND
14372,ntt.com,http_403
14377,cineca.it,http_403
14354,a-dns.pl,timeout
14382,21wiz.com,http_200
14322,ddns-intelbras.com.br,timeout
14386,helius-rpc.com,ENOTFOUND
14389,spcsdns.net,ENOTFOUND
14387,prod-infinitum.com.mx,ENOTFOUND
14344,timbrasil.com.br,timeout
14397,fgv.br,http_404
14379,j-dns.pl,timeout
14352,optus.com.au,timeout
14402,spribegaming.com,http_200
14383,b-dns.pl,timeout
14358,klm.com,timeout
14403,eagleeyenetworks.com,http_200
14401,ecnl.ru,ENOTFOUND
14407,t-ru.org,ENOTFOUND
14406,ilikecircumcised.com,ECONNRESET
14410,iloveusomuch.to,ECONNRESET
14411,iloveyourweewee.bz,ECONNRESET
14413,ctacdn.cn,ENOTFOUND
14419,suntory.co.jp,http_403
14369,amur-cit.ru,timeout
14418,freedns.si,http_404
14424,hetrixtools.net,http_520
14427,idea-connect.net,ENOTFOUND
14428,citizen.co.za,http_403
14426,nissan.co.jp,http_404
14433,mewe.com,http_200
14400,d-dns.pl,timeout
14432,dcloudstc.com,ENOTFOUND
14437,bluetrafficstream.com,http_403
14435,nic.microsoft,http_404
14404,f-dns.pl,timeout
14443,myshoptet.com,http_200
14405,h-dns.pl,timeout
14449,infomatix.tech,ENOTFOUND
14448,bepress.com,http_200
14451,rbi.org.in,http_418
14450,bodegaaurrera.com.mx,http_200
14454,domain.name,ENOTFOUND
14460,hostiservices.com,ERR_TLS_CERT_ALTNAME_INVALID
14462,epson.net,ENOTFOUND
14464,edge-9d7c.com,ENOTFOUND
14463,wechatos.net,EHOSTUNREACH
14458,aaronweintraubfromcogent.com,ECONNRESET
14465,mywhc.ca,CERT_HAS_EXPIRED
14470,clashroyaleapp.com,ENOTFOUND
14469,mckesson.com,http_403
14473,gfsrv.net,ERR_TLS_CERT_ALTNAME_INVALID
14468,mailshell.net,http_404
14475,dolfindns.net,ECONNREFUSED
14425,cy-isp.com,timeout
14477,mycloud.com,http_404
14398,gcs-web.com,timeout
14483,gluops.com,ENOTFOUND
14493,refinitiv.com,http_200
14491,ruckus.cloud,http_200
14495,apps.mil,ENOTFOUND
14499,pb06e2-resources.com,ENOTFOUND
14486,opengw.net,ERR_TLS_CERT_ALTNAME_INVALID
14502,ngaagslb.net,ENOTFOUND
14508,216.in-addr.arpa,ENOTFOUND
14510,sway-extensions.com,http_400
14511,dnsalias.net,ECONNREFUSED
14509,ludia.net,ERR_TLS_CERT_ALTNAME_INVALID
14512,dovendi.com,http_404
14516,qub.ac.uk,http_403
14514,onthestage.ru,ENOTFOUND
14474,aaronweintraubwantstobecyberpolice.com,timeout
14521,yaml.org,http_404
14519,knightlab.com,http_200
14439,zenithly.best,timeout
14489,dontworry.su,timeout
14532,ya-content.ru,ENOTFOUND
14526,expirenotification.com,ENOTFOUND
14534,dyupbydns.com,ENOTFOUND
14536,bidberry.net,http_400
14540,redspell.ru,http_403
14542,sail-horizon.com,ENOTFOUND
14546,deepernetworks.org,ENOTFOUND
14544,commerce.gov,http_403
14528,bbtgz.cn,DEPTH_ZERO_SELF_SIGNED_CERT
14550,tjx.com,http_404
14553,courant.com,http_403
14557,bidgx.com,http_200
14558,tencentcos.cn,EHOSTUNREACH
14561,framer.website,http_200
14564,personio.de,http_429
14565,globalprivacycontrol.org,http_404
14568,p2bld.vip,ENOTFOUND
14562,x24hr.com,ERR_SSL_WRONG_VERSION_NUMBER
14567,anotepad.com,CERT_HAS_EXPIRED
14566,rocket-cdn-eu.com,ENOTFOUND
14575,campaign-archive2.com,ERR_TLS_CERT_ALTNAME_INVALID
14578,perf1.fr,http_404
14582,trudvsem.ru,http_460
14571,tapjoy.com,http_200
14586,cultura.com,http_403
14585,ofcom.org.uk,http_403
14587,dns-expired.com,ENOTFOUND
14588,hostia.name,UNABLE_TO_VERIFY_LEAF_SIGNATURE
14589,online.fr,http_404
14595,iana-servers.net,ENOTFOUND
14596,000webhost.com,http_403
14597,octo25.me,http_503
14593,jungleheart.com,ERR_SSL_WRONG_VERSION_NUMBER
14608,tiktok-minis.com,ENOTFOUND
14573,hol.gr,ENOTFOUND
14616,nytrng.com,http_404
14619,ebizautos.net,http_200
14569,fepoth.com,timeout
14577,nagopore.com,timeout
14637,myip.link,http_200
14638,ttu.edu,http_404
14620,customs.gov.cn,ENETUNREACH
14640,digital-services.solutions,http_404
14646,fastpeoplesearch.com,http_403
14647,roszdravnadzor.ru,ERR_TLS_CERT_ALTNAME_INVALID
14633,pcauto.com.cn,http_200
14607,tracktor.in,timeout
14653,rover.com,http_403
14658,telia.net,ENOTFOUND
14663,apsystemsema.com,http_404
14668,escapistmagazine.com,http_403
14666,theplatform.eu,CERT_HAS_EXPIRED
14672,nintendolife.com,http_403
14673,artlist.io,http_403
14671,catb.org,ERR_TLS_CERT_ALTNAME_INVALID
14674,rtbwave.com,http_404
14676,equalweb.com,http_403
14670,hasbro.com,http_200
14677,bpltm.com,ENOTFOUND
14679,matrix.to,http_200
14669,cnolnic.com,http_200
14683,nitrocdn.com,http_404
14634,upiral.com,timeout
14684,aiotsecu.com,ECONNREFUSED
14635,xepith.com,timeout
14688,amsoveasea.com,ENOTFOUND
14694,xzcs3zlph.com,ENOTFOUND
14661,surfsharkstatus.com,err
14692,snapfish.com,http_200
14702,now.sh,http_200
14706,rootsweb.com,http_403
14704,sierraclub.org,http_403
14710,azazie.com,http_403
14709,okex.org,http_403
14714,ngrok-agent.com,ENOTFOUND
14715,myqdevice.com,ENOTFOUND
14707,trustlook.com,http_404
14712,deped.gov.ph,http_403
14719,qikunc168.com,http_401
14724,nsset.be,ENOTFOUND
14732,vans.com,http_403
14734,spamhaus.net,http_403
14736,51.in-addr.arpa,ENOTFOUND
14735,crowsember.com,http_400
14738,thewsoral.com,http_400
14731,eganet.go.tz,ENOTFOUND
14742,speedsonar.com,http_404
14737,safeway.com,http_403
14749,report-uri.com,http_403
14753,nsa.gov,http_403
14755,bigrock.com,http_403
14757,stellantis.com,http_403
14758,accountkit.com,ERR_TLS_CERT_ALTNAME_INVALID
14748,ou2sv.com,DEPTH_ZERO_SELF_SIGNED_CERT
14770,guess.eu,http_403
14774,svmkinfra.com,ENOTFOUND
14776,6p71hs.top,ENOTFOUND
14763,instanthq.com,ERR_SSL_WRONG_VERSION_NUMBER
14780,ffbbbdc6d3c353211fe2ba39c9f744cd.com,ENOTFOUND
14746,bt.net,http_200
14785,amctheatres.com,http_403
14743,alpen-group.jp,http_404
14790,truecallerstatic.com,ENOTFOUND
14791,tailscale.io,ENOTFOUND
14787,infojobs.com.br,http_403
14795,themuse.com,http_503
14793,edelman.com,http_403
14686,pixellog.io,timeout
14799,mercola.com,http_403
14798,se.net,http_200
14803,axc.nl,ERR_TLS_CERT_ALTNAME_INVALID
14806,launchpadcontent.net,ERR_TLS_CERT_ALTNAME_INVALID
14767,uscg.mil,http_403
14812,zpatwo.net,ENOTFOUND
14797,cafe24data.com,ERR_TLS_CERT_ALTNAME_INVALID
14815,semrush.net,ENOTFOUND
14816,heatmapcore.com,ENOTFOUND
14820,tophost.ch,http_404
14821,tunnex.xyz,ENOTFOUND
14825,tanx.com,http_200
14813,shinyapps.io,http_404
14829,ax4z.com,ENOTFOUND
14828,aviationweather.gov,http_404
14833,puicdn.com,ENOTFOUND
14834,cheetahces.com,ENOTFOUND
14824,kyushu-u.ac.jp,http_404
14837,monitoring360.io,http_404
14836,nearlyfreespeech.net,http_200
14823,nodecast.com,http_523
14841,toolforge.org,http_200
14845,unblog.fr,ECONNREFUSED
14751,postheaven.net,timeout
14853,dea.gov,http_403
14868,sermonaudio.com,http_403
14870,otidapi.com,ENOTFOUND
14871,webland.ch,http_404
14826,cvtapi.com,err
14873,haaretz.co.il,http_403
14872,oed.com,http_200
14844,mitiendanube.com,http_410
14875,winudf.com,http_404
14878,bbva.es,http_403
14877,mzona.net,ERR_SSL_TLSV1_ALERT_INTERNAL_ERROR
14782,odisha.gov.in,timeout
14880,pushnotifs.com,ENOTFOUND
14882,nic.bg,ENOTFOUND
14889,vodupload.com,ENOTFOUND
14891,irena.org,http_404
14893,velocify.com,ENOTFOUND
14855,stripst.com,timeout
14890,nhc.gov.cn,http_404
14898,cao.go.jp,http_404
14904,emu-dns.com,ENOTFOUND
14906,gearpatrol.com,http_403
14910,vividshort.com,http_404
14838,kunlunpi.com,timeout
14913,adecco.com,http_404
14916,clarocdn.com.br,ENOTFOUND
14897,yottaa.net,ENOTFOUND
14925,adobeconnect.com,http_200
14921,hospedagemdesites.ws,ERR_TLS_CERT_ALTNAME_INVALID
14929,tfbnw.net,ENOTFOUND
14857,nat.gov.tw,timeout
14928,oghost.com.br,ENOTFOUND
14932,crateandbarrel.com,http_403
14900,qrstuvwxyzab.com,timeout
14934,knipp.de,http_404
14935,nice-incontact.com,ENOTFOUND
14931,t.cn,http_404
14937,aph.gov.au,http_403
14943,capynode.com,ENOTFOUND
14952,kinepolis.fr,http_403
14953,khl.ru,http_403
14885,hscdn.com,timeout
14956,cdn.ir,http_404
14960,smart321.com,ENOTFOUND
14923,51cto.com,http_200
14970,hubspot-at-test.com,ENOTFOUND
14971,rsgsv.net,ECONNREFUSED
14972,pccomponentes.com,http_403
14973,crtrcloud.com,CERT_HAS_EXPIRED
14907,banorte.com,timeout
14978,igdb.com,http_403
14979,wealthsimple.com,http_403
14983,excite.com,http_404
14957,beezlepongmad.com,timeout
14958,zippypongbee.com,timeout
14988,gda.pl,ERR_TLS_CERT_ALTNAME_INVALID
14990,internic.at,http_404
14926,uscc.net,timeout
14968,minutemediacdn.com,timeout
15000,snapdeal.com,http_403
14999,virtuaserver.com.br,http_404
14945,goznak.ru,timeout
14982,stnet.ad.jp,ENOTFOUND
14987,zingpingbees.com,timeout
14991,beepityping.com,timeout
14985,etihad.com,timeout
15006,wbagora.com,ENOTFOUND
15001,artfiles.de,http_404
15007,native-instruments.com,http_403
15011,slack-imgs.com,http_400
15013,mvasuper.click,ENOTFOUND
15016,74.in-addr.arpa,ENOTFOUND
15018,bid.cars,http_403
15014,u-blox.com,UND_ERR_HEADERS_OVERFLOW
15030,uillinois.edu,http_403
15029,rtbhouse.net,ENOTFOUND
15002,dns04.com,ERR_SSL_WRONG_VERSION_NUMBER
15028,sberbank.com,SELF_SIGNED_CERT_IN_CHAIN
15033,polargrizzly.com,ENOTFOUND
15035,informs.org,http_403
15037,dns.ar,ENOTFOUND
15042,proz.com,http_403
15031,ctgcdn.com,ENOTFOUND
15038,one.audi,http_400
15058,servogram.io,ENOTFOUND
15060,carezen.net,ENOTFOUND
15059,freilassing.ru,ERR_SSL_TLSV1_ALERT_INTERNAL_ERROR
15061,nic.run,ERR_TLS_CERT_ALTNAME_INVALID
15063,tildaapi.com,ENOTFOUND
15068,mam.dev,ENOTFOUND
15062,fartit.com,ERR_SSL_WRONG_VERSION_NUMBER
15067,bitmoji.com,http_404
15070,fctg.cloud,ENOTFOUND
15073,icpublic.com,ENOTFOUND
15069,switch.ch,http_404
15074,tuvsud.com,http_403
15076,rpdns.net,ENOTFOUND
15078,openstreetmap.de,http_404
15072,tencentscf.com,EHOSTUNREACH
15090,byte-test.com,ENOTFOUND
15065,nic.club,http_200
15086,jtexpress.com.cn,http_200
15094,collegedunia.com,http_403
15105,uned.es,http_200
15119,atlastunnel.com,ENOTFOUND
15120,sptag2.com,ENOTFOUND
15121,langame.ru,http_404
15116,bookoff.co.jp,http_404
15123,dcloud.net.cn,http_404
15081,volganet.ru,UNABLE_TO_GET_ISSUER_CERT_LOCALLY
15128,pscrb.fm,http_400
15131,ui-dns.org,ENOTFOUND
15010,cgocable.net,timeout
15118,gabia.co.kr,ERR_TLS_CERT_ALTNAME_INVALID
15136,redintelligence.net,http_404
15138,rabo.cloud,ENOTFOUND
15135,huffingtonpost.ca,http_404
15132,mbc.net,http_404
15143,lokalise.co,ENOTFOUND
15144,adipolo.live,ENOTFOUND
15142,alabama.gov,UNABLE_TO_VERIFY_LEAF_SIGNATURE
15146,qtlcdn.com,ENOTFOUND
15153,webexcontent.com,ENOTFOUND
15154,sdiapi.com,ECONNRESET
15155,esimdiscovery.com,ENOTFOUND
15158,cloudflare-eth.com,http_404
15159,tostarsbuilding.com,ENOTFOUND
15165,whaledb.io,ENOTFOUND
15161,ruten.com.tw,http_200
15175,perekrestok.ru,http_403
15176,moviead55.ru,ERR_SSL_TLSV1_UNRECOGNIZED_NAME
15170,bdimg.com,ERR_TLS_CERT_ALTNAME_INVALID
15180,dairyqueen.com,http_403
15178,rdstation.com.br,http_403
15181,gazzettaufficiale.it,http_404
15185,cbsi.com,http_200
15080,zenwriting.net,timeout
15193,w3n7z2qt.top,http_403
15188,garena.vn,http_403
15200,weblio.jp,http_404
15206,de-nserver.de,http_404
15212,csdata3.com,ENOTFOUND
15209,oxforddictionaries.com,http_200
15214,amzndns.com,ENOTFOUND
15198,cninfo.com.cn,http_404
15211,nortoncdn.com,ERR_TLS_CERT_ALTNAME_INVALID
15217,annualcreditreport.com,http_403
15219,wbd.ms,http_200
15225,servicecdn.ru,ERR_SSL_TLSV1_ALERT_INTERNAL_ERROR
15227,vb1kivdlvc.com,ENOTFOUND
15223,domaineasy.com,http_404
15230,tcsbank.ru,http_404
15233,yieldoptimizer.com,ENOTFOUND
15235,ivanticloud.com,http_523
15172,4cun.com,ENOTFOUND
15238,twnodes.com,ENOTFOUND
15240,crimsoncascadeview.com,http_404
15245,ebay-kleinanzeigen.de,http_410
15243,grnet.gr,http_404
15246,spbu.ru,http_403
15249,cienradios.com,http_404
15253,mitvos.com,ENOTFOUND
15259,softether.net,http_404
15266,ulxarenth.info,http_404
15264,glancecdn.net,http_503
15269,gbqofs.io,ENOTFOUND
15271,8989c.net,ENOTFOUND
15270,uni-saarland.de,http_403
15278,whiteboard.ms,http_200
15283,azuredatabricks.net,http_200
15285,indrive.tech,ENOTFOUND
15177,cloudpit.de,timeout
15287,nska.net,UNABLE_TO_VERIFY_LEAF_SIGNATURE
15288,exploratorium.edu,http_403
15290,trione.cc,ENOTFOUND
15184,cikrf.ru,timeout
15256,wakwak.com,http_200
15295,ymaws.com,ENOTFOUND
15224,ok.gov,timeout
15297,potterybarn.com,http_200
15298,lpl.com,http_403
15300,fitorf.ru,CERT_HAS_EXPIRED
15302,pushlycdn.com,http_404
15304,yethoro.xyz,ENOTFOUND
15305,ancestry.com.au,http_403
15242,lot-online.ru,timeout
15310,namesilo.com,http_403
15313,voodoo-adn.com,ENOTFOUND
15314,nld.com.vn,http_404
15318,sd-rtn.com,http_404
15323,ru.actor,ENOTFOUND
15326,mgp.ninja,ENOTFOUND
15327,ignimgs.com,http_500
15329,adjust.world,ENOTFOUND
15331,myhuaweicloud.ru,ENOTFOUND
15324,cnpq.br,http_200
15282,rddrnpnyytcax.net,timeout
15337,bybdc6.com,ENOTFOUND
15284,yoox.com,timeout
15340,adelement.com,http_200
15342,alphashareit.works,ENOTFOUND
15346,hetvomaug.com,ENOTFOUND
15289,cgg.gov.in,timeout
15355,azure-apim.net,ENOTFOUND
15357,urban.org,http_403
15358,fab.com,http_403
15354,nsu.ru,http_403
15291,tommy.com,timeout
15362,goairgap.com,http_404
15359,rolex.com,http_404
15293,abs-cbnip.tv,timeout
15366,displayio.cloud,CERT_HAS_EXPIRED
15376,foxdor.cc,ENOTFOUND
15368,iperceptions.com,http_200
15378,mcdlv.net,ECONNREFUSED
15380,guim.co.uk,http_404
15384,gogl9.com,ENOTFOUND
15379,megaleo.com,http_200
15389,qconcursos.com,http_403
15387,telegram.dog,http_404
15388,erothots.co,http_429
15394,a-b-3-d.com,ENOTFOUND
15392,iolo.net,SELF_SIGNED_CERT_IN_CHAIN
15396,cprapid.com,ENOTFOUND
15402,recode.net,http_500
15404,souh6.com,ENOTFOUND
15405,ubaoli.com,http_429
15407,vk-proxy.com,ENOTFOUND
15398,telecom.net.ar,ENOTFOUND
15410,bringe.net,http_200
15411,oastatic.com,ERR_TLS_CERT_ALTNAME_INVALID
15413,herokuspace.com,ENOTFOUND
15417,nfnpx.online,ECONNREFUSED
15406,in.gov.br,UND_ERR_SOCKET
15424,c1oudfront.com,ENOTFOUND
15419,kerio.com,http_404
15429,sistema.gov.br,http_403
15428,pixelswhirl.com,http_404
15349,servicenowservices.com,timeout
15435,txtensatorxgyt.xyz,ENOTFOUND
15421,latrobe.edu.au,http_403
15436,hostgatorwebservers.com,ENOTFOUND
15441,sysnov.cc,ENOTFOUND
15445,ya.com,ECONNREFUSED
15449,huedatastore.com,ENOTFOUND
15450,saglik.gov.tr,http_200
15452,jdsports.co.uk,http_404
15451,download.com,http_412
15444,barracudacentral.org,http_403
15457,lush.com,http_403
15456,odu.edu,http_404
15370,uc123.com,http_404
15467,gldmel.com,http_404
15469,libria.fun,ENOTFOUND
15473,starline.ru,http_404
15479,blogtalkradio.com,ENOTFOUND
15477,nordnet.fr,http_200
15465,longmusic.com,ERR_SSL_WRONG_VERSION_NUMBER
15484,mypinata.cloud,ENOTFOUND
15490,ics-vpn.de,http_200
15483,39.net,http_200
15494,gamma.nl,http_429
15500,sunet.se,http_404
15501,gameresourceshub.top,http_403
15506,louisiana.gov,http_403
15504,utas.edu.au,http_403
15509,tv5monde.com,http_403
15512,mikmak.ai,http_200
15508,bigcontent.io,http_403
15510,simcitybuildit.com,http_200
15516,sspinc.io,ECONNRESET
15521,s24cloud.net,ENOTFOUND
15522,eircom.net,ECONNREFUSED
15530,xvtest.net,ENOTFOUND
15533,net-perform.com,ENOTFOUND
15532,u69v85ecs.com,ENOTFOUND
15535,topgear.com,http_403
15527,most.gov.cn,http_404
15542,ecouser.net,http_200
15550,siege-amazon.com,ENOTFOUND
15547,rosatom.ru,http_403
15560,inhostedns.net,ENOTFOUND
15564,showvid.ws,http_403
15571,otpbank.ru,http_403
15568,xyyh.com.cn,http_404
15581,censys-scanner.com,ENOTFOUND
15579,mschosting.com,CERT_HAS_EXPIRED
15585,driftt.com,http_200
15464,flexjobs.com,timeout
15590,reutersmedia.net,ENOTFOUND
15591,rgpub.io,ENOTFOUND
15587,vegslb.com,ENOTFOUND
15597,doubleclick-cn.net,http_404
15602,98.in-addr.arpa,ENOTFOUND
15604,meshify.cloud,ENOTFOUND
15603,govtrack.us,http_403
15543,npc.gov.cn,timeout
15607,suzuki.co.jp,http_200
15613,pxlecdn.com,ERR_TLS_CERT_ALTNAME_INVALID
15606,whu.edu.cn,http_200
15615,digitalgov.gov,ENOTFOUND
15618,fwcdn3.com,ENOTFOUND
15619,indymedia.org,http_404
15620,thejeu.com,ENOTFOUND
15621,transacme.com,ERR_SSL_UNSUPPORTED_PROTOCOL
15623,nic.technology,ERR_TLS_CERT_ALTNAME_INVALID
15622,ecourts.gov.in,http_404
15626,cisco.io,ENOTFOUND
15627,delltechnologies.com,http_403
15629,xcoinsystem.com,ENOTFOUND
15630,amazoncrl.com,ENOTFOUND
15631,cdn-wal.net,ENOTFOUND
15633,dstatbot.win,ENOTFOUND
15634,samsungdis.com,ENOTFOUND
15632,poig.ru,ERR_TLS_CERT_ALTNAME_INVALID
15610,converteai.net,http_404
15641,ancestry.ca,http_403
15643,amazon-ads-attestation.com,ENOTFOUND
15646,iocnt.net,ENOTFOUND
15584,g-dns.com,timeout
15586,paradox-interactive.com,timeout
15650,igi-global.com,http_429
15651,awspopcap.com,ENOTFOUND
15653,zbiornik.com,http_200
15594,newsobserver.com,timeout
15648,dfcfw.com,http_200
15659,cadent.app,http_404
15662,vpweb.com,http_200
15668,eqoe.cn,http_429
15625,cnc.cn,ENOTFOUND
15665,sd.gov,http_200
15672,kuper.ru,http_403
15674,reservix.de,http_403
15670,selcdn.ru,http_200
15675,fedoq.com,http_404
15671,cdnhwcggk22.com,ENOTFOUND
15678,wurl.tv,ENOTFOUND
15673,playblackdesert.com,http_404
15682,globalresearch.ca,http_403
15676,procrustes.top,http_200
15605,culture.ru,timeout
15681,9news.com,http_200
15679,packet8.net,CERT_HAS_EXPIRED
15691,cadeau-a-la-carte.be,http_403
15693,gtflabs.io,ENOTFOUND
15694,extra.com.br,http_403
15699,brandcdn.com,http_200
15701,gainsightcloud.com,ENOTFOUND
15700,cdnhwc6.com,ENOTFOUND
15702,sncf.com,http_403
15704,32.in-addr.arpa,ENOTFOUND
15705,moniterly.com,ECONNRESET
15706,e4mc.link,http_404
15695,digitalstage.jp,http_200
15709,global.com,http_403
15708,nic.cfd,http_200
15712,acompli.net,ENOTFOUND
15718,hiservert.com,ECONNREFUSED
15717,fashioncadeau.be,http_403
15723,mcsv.net,ECONNREFUSED
15656,dti.ne.jp,ENOTFOUND
15725,anduril.dev,ENOTFOUND
15726,passportindia.gov.in,http_403
15736,infura.org,ENOTFOUND
15737,xvideos.net,http_200
15738,rackspace-cloud.com,ENOTFOUND
15742,content-square.net,ENOTFOUND
15745,skybroadband.com,http_200
15748,shangri-la.com,http_403
15744,statefarm.org,http_200
15696,ozon.kz,err
15754,digbearings.com,ENOTFOUND
15752,bainsx.cn,ECONNREFUSED
15759,art19.com,http_404
15757,queniuwk.cn,ENOTFOUND
15760,gusto.com,http_403
15764,bravesites.com,http_404
15762,rikunabi.com,http_503
15768,ogol.com.br,http_403
15769,foresee.com,http_200
15647,spdns.org,timeout
15772,connectrcs.com,ENOTFOUND
15771,claro.com.co,http_404
15763,ntpc.edu.tw,http_404
15781,publicationethics.org,http_403
15779,auchan.ru,http_403
15778,tgalileo.com,http_400
15786,p76prod.systems,ENOTFOUND
15787,digitalvideoplatform.com,ENOTFOUND
15789,remerge.events,http_404
15792,novatek.ru,http_200
15788,awsdns-cn-57.cn,ENOTFOUND
15800,thinkprogress.org,http_403
15798,herosite.pro,http_404
15804,elvebredd.com,http_403
15803,sqspcdn.com,ERR_SSL_TLSV1_ALERT_INTERNAL_ERROR
15739,mktoweb.com,timeout
15810,avads.net,http_404
15692,punjab.gov.pk,timeout
15814,tmgrup.com.tr,err
15818,optmarketshali.ru,ECONNREFUSED
15820,agenturserver.de,ENOTFOUND
15824,drudgereport.com,http_404
15822,bravehost.com,http_404
15765,blogfreely.net,timeout
15819,alpha-prm.jp,http_404
15832,hugoboss.com,http_403
15834,ad-m.asia,ENOTFOUND
15829,cit-23.ru,ECONNREFUSED
15839,bm-ads.io,http_403
15842,yemeksepeti.com,http_403
15843,nysenate.gov,http_403
15831,bnl.gov,http_200
15785,time.edu.cn,timeout
15848,liftyad.xyz,ENOTFOUND
15846,clever-tanken.de,http_404
15852,uniflowonline.com,http_404
15850,workdayspend.com,http_200
15853,htc.com,http_200
15856,brandenburg.de,http_404
15849,aralego.com,http_404
15858,dishtech.org,ENOTFOUND
15859,blip.tv,http_403
15861,viva88athenae.com,ENOTFOUND
15862,amperwave.net,http_403
15813,queniutc.com,ENOTFOUND
15872,transfermarkt.fr,http_200
15870,myfreshworks.com,http_403
15873,nameservice.at,ENOTFOUND
15874,xmodxvquvodns.com,ENOTFOUND
15879,metrics-bunny.net,http_404
15880,freeimages.com,http_404
15881,salute.gov.it,http_200
15891,apollohospitals.com,http_403
15871,ntc.net.np,http_404
15894,socialpointgames.com,http_403
15896,visual.ly,http_403
15897,8.in-addr.arpa,ENOTFOUND
15912,vultrusercontent.com,ENOTFOUND
15913,localnowapi.com,ENOTFOUND
15918,twomerge.com,ENOTFOUND
15827,affec.tv,timeout
15917,nsone.net.cn,ENOTFOUND
15885,ucnaming.net,timeout
15928,planday.cloud,ENOTFOUND
15929,phanet.de,http_503
15936,sports-reference.com,http_403
15940,ppcloudbackup.com,http_404
15943,adobejanus.com,ENOTFOUND
15944,zomans.com,ENOTFOUND
15946,ytdown.to,http_403
15947,portaleargo.it,http_403
15952,halifax-online.co.uk,http_200
15949,jcp.org,http_404
15957,splunkdns.net,ENOTFOUND
15950,oneconcord.net,ENOTFOUND
15959,9news.com.au,http_404
15962,models.dev,http_200
15968,canal-plus.com,ERR_SSL_TLSV1_UNRECOGNIZED_NAME
15867,efscloud.net,timeout
15970,placed.com,http_404
15972,tcdn.com.br,ENOTFOUND
15960,itemdb.com,ENOTFOUND
15978,s-cloud.fi,ENOTFOUND
15977,adlook.online,CERT_HAS_EXPIRED
15979,t-systems.com,http_200
15975,wadax-sv.jp,CERT_HAS_EXPIRED
15995,miginfo.net,ENOTFOUND
15890,vcdn.biz,timeout
15997,dyndns.biz,ECONNREFUSED
15990,rcn.com,http_200
15998,gopayapi.com,http_401
16001,ugwdevice.net,ENOTFOUND
16006,valuecommerce.com,ENOTFOUND
16009,ipma.pt,http_404
16011,www.gov.gr,http_403
16008,lactld.org,http_503
16010,sheinindia.in,http_403
16017,alpinelinux.org,http_404
16018,royalsociety.org,http_403
16022,dtvcdn.com,ENOTFOUND
16020,credit-suisse.com,http_200
16013,nju.edu.cn,http_404
16023,megapbx.ru,http_404
16028,regjeringen.no,http_403
16026,teamtailor.com,http_404
16029,wildred.tv,http_404
16032,hemnet.se,http_403
16035,omnisendlink.com,http_404
16037,setcache.com,ENOTFOUND
15988,interbusiness.it,timeout
16041,magnacom.net,http_404
15989,takashimaya.co.jp,ENOTFOUND
16048,prodgdc.com,ENOTFOUND
16050,sarenet.es,http_404
16056,mindspring.com,http_403
16059,jussieu.fr,ENOTFOUND
16062,gliastudios.com,ECONNRESET
16063,techinasia.com,http_403
16064,kuaishouzt.com,http_200
16068,mlbinfra.com,ENOTFOUND
16069,windows-int.net,ENOTFOUND
16070,ebaydesc.com,ENOTFOUND
16019,family.co.jp,http_404
16072,gssprt.jp,ENOTFOUND
16077,pmang.cloud,ENOTFOUND
16073,registry.qa,ENOTFOUND
16083,licensingstack.com,ENOTFOUND
16084,positivepsychology.com,http_403
16087,com.net,ENOTFOUND
15991,charlotteobserver.com,timeout
16079,25u.com,ERR_SSL_WRONG_VERSION_NUMBER
16089,blackrussian.games,http_403
16093,tedms.com,ENOTFOUND
16094,xvservice.net,ENOTFOUND
16095,ocsp-certum.com,ENOTFOUND
16099,cwi.re,http_404
16096,a16z.com,http_404
16101,gamer-network.uk,ENOTFOUND
16100,kdns.fr,http_503
16105,servicesadmedia.com,http_404
16053,qhimg.com,ENOTFOUND
16109,pond5.com,http_403
16115,junosaent.com,http_403
16116,hubspotlinks.com,ENOTFOUND
16122,legiscan.com,http_403
16118,didiwuxian.com,ENOTFOUND
16125,chng.it,http_404
16131,toastoven.net,ENOTFOUND
16129,awsdns-cn-39.com,ENOTFOUND
16030,mosmedzdrav.ru,timeout
16130,amazon.work,http_200
16137,apple-studies.com,ENOTFOUND
16139,sotoon53.com,ENOTFOUND
16143,gcprivacy.id,ENOTFOUND
16133,sej.co.jp,http_404
16144,myds.me,ENOTFOUND
16046,eqads.com,timeout
16157,bitflyer.com,http_403
16158,xmeye.net,http_404
16141,ozon.com,err
16153,livetv.sx,UNABLE_TO_VERIFY_LEAF_SIGNATURE
16166,lemonpi.io,ENOTFOUND
16169,tescocloud.com,ENOTFOUND
16168,malaysiakini.com,http_404
16173,bw9iawxlb3ro.com,ENOTFOUND
16174,scashwl.com,ERR_SSL_TLSV1_ALERT_INTERNAL_ERROR
16180,csof.net,ENOTFOUND
16184,conectiva.io,http_404
16177,captioncall.com,http_200
16188,dpd.ru,http_403
16191,wp-royal-themes.com,http_403
16190,lightinthebox.com,http_403
16195,menti.com,http_404
16192,netvibes.com,http_200
16085,dmed.kz,ENETUNREACH
16198,soriana.com,http_403
16207,routingsrvr.com,ENOTFOUND
16205,seetickets.com,http_403
16206,seetong.com,CERT_HAS_EXPIRED
16215,api-taboola.com,http_404
16220,palantirfoundry.com,ENOTFOUND
16222,wnba.com,http_403
16218,osticket.com,http_404
16227,lamontagne.fr,http_403
16225,kddi.ne.jp,ENOTFOUND
16229,tu-dortmund.de,http_200
16226,riken.jp,http_404
16233,ticketnew.com,http_200
16236,uni-paderborn.de,http_404
16240,chordify.net,http_403
16243,wv.gov,http_200
16244,iit.edu,http_404
16187,mohurd.gov.cn,ENOTFOUND
16247,birdeye.com,http_403
16257,wallethub.com,http_403
16259,fatcow.com,http_403
16260,nic.sh,http_404
16263,wandzapi.com,ENOTFOUND
16254,12306.cn,http_200
16231,naturacloud.com,timeout
16264,tyxcdn.com,ENOTFOUND
16267,loja.li,ENOTFOUND
16268,approovr.io,ENOTFOUND
16272,devin.ai,http_429
16279,simplecastaudio.com,ENOTFOUND
16282,zalando.net,ENOTFOUND
16193,ams1907.com,timeout
16283,ezinearticles.com,ENOTFOUND
16285,samsungcloudplatform.com,ENOTFOUND
16286,we-api.com,ENOTFOUND
16284,powells.com,http_403
16288,suny.edu,http_403
16294,bauhaus.info,http_403
16295,zahs.tv,http_404
16293,kan.org.il,http_403
16280,agoralab.co,http_200
16300,lacentrale.fr,http_403
16203,gazprom-neft.ru,timeout
16301,cbo.gov,http_403
16302,podchaser.com,http_404
16308,msidentity.us,ENOTFOUND
16311,1internet.tv,http_404
16310,myweb3id.io,http_403
16321,talkdeskapp.com,ENOTFOUND
16319,cdngc.net,ENOTFOUND
16323,sg-tencentclb.com,ENOTFOUND
16324,thinkgeek.com,http_403
16322,ksyunv5.com,ENOTFOUND
16331,clonodes.top,ENOTFOUND
16327,gannettdigital.com,http_200
16326,bytello.com,http_200
16336,klaviyodns.com,ENOTFOUND
16341,adsdcsp.com,ENOTFOUND
16335,sdu.edu.cn,http_404
16340,kantei.go.jp,http_404
16346,wpcdn.pl,http_404
16345,longmingdns.com,ENOTFOUND
16347,mobiauto.com.br,http_430
16333,technion.ac.il,http_200
16352,internet-filiale.net,ENOTFOUND
16349,0101.co.jp,http_200
16357,one-dns.ru,http_404
16364,cashappapi.com,ENOTFOUND
16366,aimatch.net,ENOTFOUND
16370,upbeatbut.com,http_404
16369,avasecurity.com,http_200
16375,nationwide.com,http_403
16376,creditonebank.com,http_403
16377,zprk.io,ENOTFOUND
16379,klarnaservices.com,ENOTFOUND
16382,dcbosf.com,http_404
16383,allaboutbirds.org,http_403
16385,smartcloudcon.com,http_404
16386,astrum.team,ENOTFOUND
16391,wpcomstaging.com,ENOTFOUND
16394,gorgias.help,http_200
16395,jneurosci.org,http_403
16388,onedumb.com,ERR_SSL_WRONG_VERSION_NUMBER
16365,sec-tunnel.com,timeout
16309,telus.net,timeout
16404,sch.uk,ENOTFOUND
16406,sciencedirectassets.com,ENOTFOUND
16408,fwpixel.com,ENOTFOUND
16412,festival-cannes.com,http_200
16415,docsend.com,http_403
16414,stratum2.ru,http_200
16413,alk.com,http_200
16419,kvaedit.site,ENOTFOUND
16416,jive.com,http_200
16343,loudtalks.com,timeout
16425,playticorp.com,ENOTFOUND
16421,whiru.cn,ENOTFOUND
16428,ubervoip.net,ENOTFOUND
16429,tendplatform.com,ENOTFOUND
16431,president.gov.ua,http_403
16435,hereglb.com,ENOTFOUND
16436,dragonpass.ca,ENOTFOUND
16437,vwapps.run,ENOTFOUND
16433,nic.digital,ERR_TLS_CERT_ALTNAME_INVALID
16444,inscloudgate.net,ENOTFOUND
16445,smartlook.cloud,ENOTFOUND
16362,natura.com.br,timeout
16448,parker.com,http_403
16451,arc-cdn.net,ENOTFOUND
16453,d41.co,http_403
16455,gold-usergeneratedcontent.net,ENOTFOUND
16458,roscap.com,ENOTFOUND
16459,hexagon.com,http_403
16461,startappnetwork.com,ENOTFOUND
16464,citibankonline.com,http_200
16472,condenastdigital.com,ENOTFOUND
16476,easynet.co.uk,ENOTFOUND
16474,aaos.org,UND_ERR_HEADERS_OVERFLOW
16483,drogariaspacheco.com.br,http_403
16485,2.in-addr.arpa,ENOTFOUND
16484,json.org,http_404
16486,qq-os.com,ENOTFOUND
16488,9gtb.com,http_525
16490,the-scientist.com,http_403
16497,superbet.com,http_451
16390,netim.net,timeout
16501,byabcde.com,ENOTFOUND
16503,confex.com,http_404
16507,cardiff.ac.uk,http_403
16513,samsung-news.com,http_403
16515,typesense.net,ENOTFOUND
16514,bestname.com.ua,ERR_TLS_CERT_ALTNAME_INVALID
16520,viasat.io,ENOTFOUND
16523,tencentyun.com,ENOTFOUND
16525,espacenet.com,http_403
16529,rfvgcross.com,ENOTFOUND
16531,gonewsvod.com,ENOTFOUND
16530,open.edu,http_403
16526,remote.management,ENOTFOUND
16411,belregion.ru,timeout
16535,rbk.ru,ERR_TLS_CERT_ALTNAME_INVALID
16534,matbao.com,http_200
16512,receitafederal.gov.br,http_200
16545,aexp.com,ENOTFOUND
16548,faceit-cdn.net,ENOTFOUND
16550,ovotech.org.uk,ENOTFOUND
16541,myfoscam.com,http_404
16552,demandware.net,ENOTFOUND
16551,webvisor.com,http_200
16555,pullandbear.com,http_403
16547,aimatch.com,http_200
16556,fortiedr.com,ERR_TLS_CERT_ALTNAME_INVALID
16538,customeriomail.com,ECONNRESET
16558,cloudflare.dev,http_200
16557,toronto.edu,http_403
16559,public-ns.com,ENOTFOUND
16562,audioboom.com,http_406
16565,aliyunga0017.com,ENOTFOUND
16496,mtu-net.ru,ENOTFOUND
16571,idealo.fr,http_403
16570,awsdns-cn-44.com,ENOTFOUND
16574,cbssports.cloud,http_404
16578,smyorm.site,ENOTFOUND
16580,pclead.co.uk,ENOTFOUND
16581,optifyr.com,http_404
16573,svrsstatus.com,http_403
16582,webuntis.com,http_200
16586,squiz.cloud,ENOTFOUND
16587,awsdns-cn-52.com,ENOTFOUND
16589,magsrv.com,ENOTFOUND
16593,armadaservers.com,ENOTFOUND
16594,mijndnsserver.nl,ENOTFOUND
16588,dsts.cloud,http_404
16592,duapps.com,ECONNREFUSED
16597,barco.com,http_404
16599,voxicheck.com,ENOTFOUND
16600,kaluzaplatform.net,ENOTFOUND
16590,valvesoftware.com,http_200
16603,zucks.net,ENOTFOUND
16598,arnet.com.ar,CERT_HAS_EXPIRED
16617,cdnhwccmz121.com,ENOTFOUND
16546,datacloudmail.ru,timeout
16620,alia-prod.com,ENOTFOUND
16626,usw-tencentclb.cloud,ENOTFOUND
16625,triptease.io,http_404
16618,startcomca.net,ERR_TLS_CERT_ALTNAME_INVALID
16630,vaz.ru,http_404
16632,weplayer.cc,ENOTFOUND
16634,t-3-g-0.com,ENOTFOUND
16639,tableausoftware.com,http_403
16502,ooguy.com,timeout
16635,azionedge.com,ERR_TLS_CERT_ALTNAME_INVALID
16640,ix1000.com,ECONNREFUSED
16648,scheels.com,http_403
16647,tld.pl,http_404
16649,dns.lv,ENOTFOUND
16650,tekioncloud.com,ENOTFOUND
16654,cdpred.services,ENOTFOUND
16656,smart.link,http_404
16651,tcs.com,http_403
16669,admob.com,http_200
16671,sailfishx.live,ENOTFOUND
16670,devmail.ru,ENOTFOUND
16673,emrata.top,ENOTFOUND
16672,isgaccess.com,http_404
16674,bts.gov,http_403
16677,attentionxyz.com,http_403
16680,real-debrid.com,http_403
16684,tomorrowland.com,http_404
16687,nebula.video,ENOTFOUND
16689,myclapper.com,ENOTFOUND
16690,fwdcdn.net,ENOTFOUND
16691,tiktoklinksafety.com,http_200
16629,zsttk.ru,ENETUNREACH
16697,a-dc-msedge.net,ENOTFOUND
16663,digitalarsenal.net,ENOTFOUND
16704,metrobyt-mobile.com,http_403
16612,assam.gov.in,timeout
16706,netdna-cdn.com,ENOTFOUND
16708,thefap.net,http_404
16709,falais.com,ENOTFOUND
16707,asana.biz,http_403
16711,komoot.net,ENOTFOUND
16714,cfx.re,http_404
16693,justdied.com,ERR_SSL_WRONG_VERSION_NUMBER
16712,griffith.edu.au,http_403
16717,elsevierhealth.com,http_404
16713,squidoo.com,ERR_TLS_CERT_ALTNAME_INVALID
16621,vidkern.shop,timeout
16722,auth0.net,ENOTFOUND
16720,nvts.co,ENOTFOUND
16725,99.in-addr.arpa,ENOTFOUND
16724,oebb.at,http_404
16729,robloxlabs.com,ENOTFOUND
16730,supersport.hr,http_403
16736,zattini.com.br,http_403
16719,fuse.net,timeout
16738,all.biz,http_403
16739,randewoo.ru,http_200
16726,ks.gov,timeout
16741,sportnginserver.com,ENOTFOUND
16743,ypcdn.com,ENOTFOUND
16688,hananet.net,timeout
16745,offshor.co.uk,ENOTFOUND
16747,geocities.ws,http_404
16735,espn.net,timeout
16750,atbmarket.com,http_403
16757,atudo.io,ENOTFOUND
16763,adplatform.io,http_404
16768,samsungsiminfo.com,ENOTFOUND
16769,quantadc.online,ENOTFOUND
16770,lstprod.net,ENOTFOUND
16772,palmmerchant.com,ENOTFOUND
16764,jiomart.com,http_200
16767,king5.com,http_200
16705,scannet2.dk,timeout
16783,stake.us,http_403
16781,cdn-cian.ru,ENOTFOUND
16782,faphouse4k.com,http_200
16785,calibre-ebook.com,http_404
16790,onclckstr.com,ENOTFOUND
16791,mytheresa.com,http_200
16787,myjiedian.com,http_200
16799,citilink.ru,http_429
16801,jw-cdn.org,ENOTFOUND
16723,webcollage.net,timeout
16804,icloseli.com,http_404
16808,ovgtm.com,ENOTFOUND
16806,vietjack.com,http_404
16812,businessofapps.com,http_403
16813,stableserver.net,http_404
16818,gn-dns.org,ENOTFOUND
16819,flutter.dev,http_404
16737,alicloudapi.com,timeout
16821,sky-vault.top,ENOTFOUND
16825,drivecentric.io,ENOTFOUND
16830,usp-vpn.store,DEPTH_ZERO_SELF_SIGNED_CERT
16834,hyp.net,ECONNREFUSED
16810,mtnl.net.in,ECONNREFUSED
16835,dkinternal.com,ENOTFOUND
16838,smartadhi.com,ENOTFOUND
16839,effectivecpmnetwork.com,http_200
16845,emailvision.net,ERR_TLS_CERT_ALTNAME_INVALID
16844,50megs.com,ECONNREFUSED
16847,polaris-iot.com,http_403
16843,gov.on.ca,http_200
16850,ris.promo,http_404
16855,conde.digital,ENOTFOUND
16856,lovetrue.co.uk,ENOTFOUND
16857,vol1.io,http_200
16849,umkc.edu,http_404
16854,nskorea.com,ECONNREFUSED
16859,stsci.edu,http_403
16861,peek-cloppenburg.de,http_403
16863,cadence.com,http_403
16864,haecdn.com,ENOTFOUND
16800,vnn.vn,timeout
16851,kddi.com,http_404
16867,zhimg.com,ENOTFOUND
16866,barclaycardus.com,http_404
16876,inhabitat.com,http_403
16877,noskomnadzor.co.uk,ENOTFOUND
16883,lookout-life.com,ENOTFOUND
16889,cakeisalie.co.uk,ENOTFOUND
16774,hosting.co.kr,timeout
16887,nick.com,http_200
16893,lunamedia.live,ENOTFOUND
16891,rstudio.com,http_200
16894,ul.pt,http_200
16890,usps.gov,http_200
16897,abs-cbn.com,http_403
16900,a3cloud.net,ENOTFOUND
16898,undip.ac.id,http_200
16902,basspro.com,http_403
16904,clipro.tv,http_404
16874,myovcloud.com,timeout
16909,fodors.com,http_403
16811,arrow.com,timeout
16885,advanced-web-analytics.com,ENOTFOUND
16920,univesalsrv.com,ENOTFOUND
16916,mihoyo.com,http_404
16921,exprealty.com,http_403
16923,sportsmans.com,http_403
16924,cdnhwczks109.com,ENOTFOUND
16927,63.in-addr.arpa,ENOTFOUND
16858,rts-tender.ru,timeout
16931,365lpodds.com,ENOTFOUND
16933,hubhc.com,http_404
16934,bbsecure.com,ENOTFOUND
16922,toranoana.jp,http_200
16940,idealo.com,http_200
16870,wsoversea.com,timeout
16945,apineural.com,ENOTFOUND
16949,guardian.ng,http_403
16932,sympatico.ca,http_200
16950,pollo.net.cn,http_404
16963,av.by,http_468
16964,aka700.net,ENOTFOUND
16895,loseyourip.com,timeout
16978,volcanic.cloud,http_200
16981,northgrum.com,ENOTFOUND
16983,fusion-platform.com,http_200
16988,musta.ch,http_200
16905,uhaul.net,timeout
16993,foxdoua.com,ENOTFOUND
16977,serveuser.com,ERR_SSL_WRONG_VERSION_NUMBER
17001,ppe-hosted.com,ENOTFOUND
17003,byteigtm.com,ENOTFOUND
17004,opentowers.net,ENOTFOUND
17005,lastwarapp.net,ENOTFOUND
17006,sgg.fi,ENOTFOUND
17011,rbxinfra.net,ENOTFOUND
17009,visiblemeasures.com,http_404
16970,polito.it,http_503
16972,adobecqms.net,timeout
17021,msmartlife.net,ENOTFOUND
17020,jwwb.nl,DEPTH_ZERO_SELF_SIGNED_CERT
17022,sail-track.com,ENOTFOUND
17026,gcprivacy.net,ENOTFOUND
17010,cdn-kaspi.kz,http_404
17023,no-ip.biz,ERR_TLS_CERT_ALTNAME_INVALID
17030,fhcdngroup.online,ENOTFOUND
17033,tcpshield.com,http_404
17037,cpx.to,ENOTFOUND
17038,6connect.com,http_200
17040,funcaptcha.com,ENOTFOUND
17041,streamonkey.net,http_200
17039,discuz.vip,http_200
17046,my-cima.net,http_403
16990,microsofttranslator.com,timeout
17050,supremedns.com,ERR_TLS_CERT_ALTNAME_INVALID
16942,ekiga.net,timeout
17053,hostneverdie.com,http_404
17056,black-russia.net,ENOTFOUND
17054,wenming.cn,http_404
17063,webrootanywhere.com,http_200
17061,allahabadhighcourt.in,http_404
17068,dun555.com,ENOTFOUND
17019,fjsdn.com,ENOTFOUND
17069,castorama.fr,http_503
17073,my2n.com,http_200
17077,solinkcloud.com,http_200
17067,btclparked.com.bd,ENOTFOUND
17086,deliveryhero.net,http_403
17087,navarra.es,http_502
17089,usw-tencentclb.com,ENOTFOUND
17045,saaswaf.com,timeout
17092,mconvert.net,http_200
17095,mayo.edu,http_403
17102,portalfluently.com,http_200
17103,public.lu,http_200
17105,soroco.cloud,ENOTFOUND
17107,cyberghost.app,ENOTFOUND
17100,cainet.ru,http_200
17116,53kf.com,http_404
17115,virgin.com,http_403
17120,openai.org,ENOTFOUND
17121,pullkin.eu,http_404
17034,airfrance.fr,timeout
17036,merckgroup.com,timeout
17126,24h.tv,http_403
17123,mossport.ru,http_200
17129,sblogistica.ru,http_403
17135,dewrain.life,ENOTFOUND
17134,in2p3.fr,http_200
17139,bwfbadminton.com,http_403
17146,aceimg.com,http_200
17104,biisk.ru,timeout
17154,ideal.nl,http_403
17147,gethompy.com,ERR_TLS_CERT_ALTNAME_INVALID
17158,e2ma.net,http_404
17151,eftps.gov,http_200
17159,knotch.it,http_404
17160,tu-bs.de,http_404
17162,tera.space,ENOTFOUND
17161,90minut.pl,ERR_SSL_WRONG_VERSION_NUMBER
17167,gladns.com,ENOTFOUND
17168,zscalergov.net,ENOTFOUND
17169,dditscdn.com,http_404
17171,salsify-ecdn.com,http_200
17174,jku.at,UND_ERR_SOCKET
17108,electro-com.ru,timeout
17109,policybazaar.com,timeout
17177,donutsmp.org,ENOTFOUND
17180,hostiran.net,http_200
17178,gasbuddy.com,http_403
17157,queniudns.com,ENOTFOUND
17184,de.vu,ECONNREFUSED
17182,autodeskplm360.net,http_404
17190,flippback.com,ENOTFOUND
17166,mee.gov.cn,http_200
17193,tliveupload.com,ENOTFOUND
17194,bgssvcprod.com,ENOTFOUND
17192,megacp.com,http_404
17191,fec.gov,http_200
17197,media-imdb.com,ENOTFOUND
17175,census.gov.in,ECONNREFUSED
17200,blablacar.com,http_403
17131,mod.gov.uk,timeout
17199,geometrylitepc.io,ENOTFOUND
17207,dweb.link,http_404
17205,zohopublic.eu,http_404
17210,coursesu.com,http_403
17213,sorokodin.co.uk,ENOTFOUND
17176,infonavit.org.mx,http_403
17214,sgameglobal.com,ENOTFOUND
17217,leidenuniv.nl,http_200
17218,nabble.com,http_404
17226,b-dc-msedge.net,ENOTFOUND
17230,imgkit.net,ENOTFOUND
17231,mangapicgallery.com,ENOTFOUND
17238,martindale.com,http_403
17156,connected-biking.cloud,timeout
17234,cdnhwcjog12.com,ENOTFOUND
17240,126.com,http_404
17245,streamabc.net,ERR_SSL_TLSV1_UNRECOGNIZED_NAME
17249,146.in-addr.arpa,ENOTFOUND
17235,gba.gov.ar,http_200
17251,qtlglb.info,ENOTFOUND
17246,gepush.com,ERR_TLS_CERT_ALTNAME_INVALID
17255,daxko.com,http_429
17256,yell.com,http_403
17253,hokudai.ac.jp,http_200
17257,zeroum.bet,http_404
17263,evetech.net,http_404
17266,checktrustworthiness.com,ENOTFOUND
17261,itopsdk.com,ERR_TLS_CERT_ALTNAME_INVALID
17269,porno365.broker,ERR_TLS_CERT_ALTNAME_INVALID
17278,mgkomik.cc,http_403
17280,rogerebert.com,http_403
17279,bizrate.com,http_403
17277,assemblyexchange.com,http_404
17283,aninews.in,http_403
17286,heavy-r.com,http_403
17281,awsdns-cn-13.cn,ENOTFOUND
17291,itotolink.net,ENOTFOUND
17204,abac.com,timeout
17267,myviewcloud.com,timeout
17297,anonm.io,http_404
17298,granify.com,http_200
17302,urmombl.com,ERR_TLS_CERT_ALTNAME_INVALID
17228,hdfcbank.com,timeout
17241,indrive.dev,timeout
17285,sirsidynix.net.au,timeout
17303,aicdn5.com,UNSPECIFIED
17248,sgi.com,timeout
17311,engie.fr,http_404
17309,linkr.bio,http_404
17313,ccidns.net,ENOTFOUND
17315,decathlon.net,ECONNREFUSED
17318,apache-iv.com,http_404
17320,lublin.pl,CERT_HAS_EXPIRED
17325,seattlepi.com,http_451
17301,amerhonda.com,timeout
17328,sg.fr,http_200
17329,wehkamp.nl,http_403
17330,sitecore-staging.cloud,http_522
17331,fernsehserien.de,http_202
17305,aicte-india.org,ECONNRESET
17334,adjoe-programmatic.com,http_403
17322,ocry.com,ERR_SSL_WRONG_VERSION_NUMBER
17304,gr-assets.com,timeout
17338,utorria.ru,http_404
17333,nic.uy,http_404
17339,garticphone.com,http_404
17343,occ.com.mx,http_403
17335,klclick.com,ECONNRESET
17306,tp.edu.tw,ENOTFOUND
17347,intellimize.co,ENOTFOUND
17345,educacion.gob.es,UND_ERR_SOCKET
17352,scribblehub.com,http_403
17346,wfaa.com,http_200
17348,userstylesapi.com,http_200
17310,urssaf.fr,ECONNRESET
17356,forexpros.com,http_403
17357,businessinsider.in,ENOTFOUND
17358,samsunggsl.com,ENOTFOUND
17354,xmcsrv.net,http_404
17359,www.gov.ie,http_403
17364,urdupoint.com,http_403
17369,omni7.jp,ENOTFOUND
17370,notionusercontent.com,ENOTFOUND
17366,xiaojukeji.com,http_200
17374,brainydns.com,ENOTFOUND
17378,payfit.tech,ENOTFOUND
17383,adyenpayments.com,ENOTFOUND
17342,wenxuecity.com,err
17386,omron.com,http_403
17391,kitapyurdu.com,http_403
17392,nic.fm,http_404
17395,dailywire.com,http_200
17397,destructoid.com,http_403
17400,stapecdn.com,http_404
17387,tdscpc.gov.in,http_200
17404,amzndns.co.uk,ENOTFOUND
17402,thomasnet.com,http_403
17408,hexnodemdm.com,http_404
17412,deporvillage.com,http_403
17411,costar.com,http_403
17415,yelpcdn.com,ENOTFOUND
17416,thecontentserver.com,ENOTFOUND
17341,tmd.cloud,ENETUNREACH
17422,inkitt.com,http_403
17423,madrid.org,http_403
17432,cyberark.cloud,ERR_TLS_CERT_ALTNAME_INVALID
17434,joytraffic.net,ENOTFOUND
17407,afranet.ir,UNABLE_TO_VERIFY_LEAF_SIGNATURE
17431,sify.net,ENOTFOUND
17438,15.in-addr.arpa,ENOTFOUND
17442,cgnx.net,ENOTFOUND
17443,lum-superproxy.io,ENOTFOUND
17436,skypicker.com,http_200
17445,squiz.net,http_403
17446,getelevar.com,http_200
17455,dancuquocgia.gov.vn,ENOTFOUND
17454,cnmobile.net,ENOTFOUND
17456,moi.gov.qa,http_404
17461,qvcuk.com,http_418
17468,canva-apps.com,http_403
17470,favorit.work,ENOTFOUND
17472,nodeseek.com,http_403
17351,bdo.com.ph,timeout
17465,ourhobby.com,ERR_SSL_WRONG_VERSION_NUMBER
17478,olx.org,ENOTFOUND
17476,abr.ge,http_404
17477,clearsale.com.br,http_200
17482,bancogalicia.com.ar,http_200
17487,huami.com,http_200
17484,inpe.br,ENOTFOUND
17490,rf.gd,http_404
17495,top10place.com,http_500
17489,z-library.sk,http_503
17499,vpnpplvpn.top,ENOTFOUND
17500,delivrdsp.ai,ERR_SSL_TLSV1_ALERT_INTERNAL_ERROR
17388,tld.sk,timeout
17498,hacettepe.edu.tr,http_200
17473,alania.net,ERR_SSL_TLSV1_ALERT_INTERNAL_ERROR
17501,mailspamprotection.com,ERR_TLS_CERT_ALTNAME_INVALID
17513,warnermediacdn.com,ENOTFOUND
17520,whukns.com,http_404
17519,ns-not-in-service.com,ENOTFOUND
17524,expatriates.com,http_403
17526,interkh.com,ENOTFOUND
17528,daserste.de,http_200
17525,adobetag.com,http_503
17533,xdebug.org,http_404
17534,framer.app,http_200
17541,redgameservice.com,ENOTFOUND
17538,jetos.com,ERR_SSL_WRONG_VERSION_NUMBER
17548,amzndns.net,ENOTFOUND
17544,slweb.ru,http_200
17552,tiffany.com,http_403
17555,adoberesources.net,ENOTFOUND
17560,relcomhost.ru,CERT_HAS_EXPIRED
17559,volvo.com,http_200
17563,mmvideocdn.com,ENOTFOUND
17565,avct.cloud,ENOTFOUND
17561,biligame.com,http_200
17562,sparknotes.com,http_403
17566,hwrescdn.com,ENOTFOUND
17567,applilink.jp,http_404
17569,titchating.com,http_502
17571,uotcn.net,ERR_TLS_CERT_ALTNAME_INVALID
17531,unal.edu.co,timeout
17573,cdnhwcqvk105.cn,ENOTFOUND
17537,llns.net,timeout
17570,melon.com,http_200
17578,61yes.com,http_404
17588,cnrd.io,ENOTFOUND
17583,cybera.net,ERR_TLS_CERT_ALTNAME_INVALID
17554,ydmob.com,http_404
17593,dns-tm.us,ENOTFOUND
17592,domainparkingserver.net,http_200
17594,adocean.pl,DEPTH_ZERO_SELF_SIGNED_CERT
17595,gscontxt.net,ENOTFOUND
17599,2kct.onl,ENOTFOUND
17597,comunidad.madrid,http_404
17608,voidknight.com,http_502
17610,fuximain.com,ENOTFOUND
17611,trackingproof.com,http_502
17606,yeahmobi.com,http_200
17613,toptop.net,http_404
17609,bri.co.id,http_200
17616,duoduocdn.com,ENOTFOUND
17620,superdrug.com,http_403
17619,ha.rs,ECONNREFUSED
17614,undocs.org,http_200
17527,zetsource.su,timeout
17627,eduquestzone.pro,ENOTFOUND
17631,tra-eo.com,ENOTFOUND
17539,minergate.com,timeout
17624,prodemge.gov.br,http_403
17634,cdnhwcchh18.com,ENOTFOUND
17633,txstate.edu,http_404
17640,icoremail.net,http_404
17644,investis.com,http_403
17647,univ-lyon1.fr,http_200
17642,huawei.com.cn,http_200
17650,icai.org,http_404
17651,uniteae.com,http_502
17653,rioseo.com,http_200
17646,bigwww.com,ERR_TLS_CERT_ALTNAME_INVALID
17654,safetyculture.com,http_429
17652,eiu.com,http_404
17656,akagtm.org,ENOTFOUND
17660,awsdns-30.org,ENOTFOUND
17659,playfab.com,http_404
17661,neon.build,ENOTFOUND
17663,southwestwifi.com,http_200
17664,swaven.com,http_200
17667,udns.com.br,ERR_SSL_WRONG_VERSION_NUMBER
17670,bitmen.ru,http_404
17641,eyeo.it,timeout
17671,sunbiz.org,http_403
17676,meetcircle-blue.co,ERR_TLS_CERT_ALTNAME_INVALID
17678,cimanow.cc,http_403
17615,betonuniversel.com,timeout
17681,cpbl.com.tw,http_200
17682,everdns.com,http_404
17688,shopify.ai,ENOTFOUND
17665,sse.com.cn,http_404
17636,dynamicnetworkservices.net,timeout
17637,dataprev.gov.br,timeout
17691,nicusa.com,ECONNRESET
17672,queniufm.com,ENOTFOUND
17690,parity.domains,ERR_TLS_CERT_ALTNAME_INVALID
17698,primis-tech.org,ENOTFOUND
17645,gtm-a4b8.com,timeout
17697,papidns.com,ECONNREFUSED
17699,unl.pt,UNABLE_TO_VERIFY_LEAF_SIGNATURE
17704,stablediffusionweb.com,http_403
17702,netinfo.bg,http_200
17706,edgedns-tm.us,ENOTFOUND
17709,manulife.com,http_403
17713,a2develop.com,ENOTFOUND
17715,mil.gov.ua,http_404
17717,eudora.com.br,http_403
17719,sexstories.com,http_404
17727,wixanswers.com,http_404
17730,lporirxe.com,ENOTFOUND
17729,wdp-gazduire.ro,ECONNREFUSED
17731,ranking-deli.jp,http_403
17737,smrtb.com,http_404
17738,xeconvert.com,http_403
17741,pb06e2-resources.ru,ENOTFOUND
17747,tm-awx.com,ENOTFOUND
17755,clasohlson.com,http_200
17756,btsgtm.com,ENOTFOUND
17757,ati.tn,http_403
17759,geobasket.net,ENOTFOUND
17763,myconnectsecure.com,ENOTFOUND
17764,productmadness.com,http_404
17766,samsung-sm-ds.com,ENOTFOUND
17767,oneadtag.com,ENOTFOUND
17673,bc.kz,timeout
17775,stumbleguys.com,http_404
17776,securityeco.com,ENOTFOUND
17758,conac.cn,http_404
17782,257.cz,http_404
17783,vstserv.com,ENOTFOUND
17785,discourse.cloud,ENOTFOUND
17789,nadirkitap.com,http_403
17798,snapcraftcontent.com,ENOTFOUND
17796,host-redirect.com,ENOTFOUND
17804,last-z.com,http_404
17806,cgkthn.com,http_404
17807,neoprotect.ovh,http_200
17803,carrotquest.app,ENOTFOUND
17809,ibaldr.ru,ECONNREFUSED
17819,ignum.cz,http_200
17808,is.co.za,ERR_TLS_CERT_ALTNAME_INVALID
17823,google.in,http_404
17820,nav.no,http_404
17827,awsdns-16.org,ENOTFOUND
17692,3utilities.com,timeout
17836,gbqofs.com,ENOTFOUND
17831,pmman.tech,http_404
17839,sui-inter.net,http_404
17841,adipolo.co,ENOTFOUND
17847,parpos.com,ENOTFOUND
17846,imedia.ru,http_200
17790,cnipa.gov.cn,http_404
17849,numericable.fr,http_200
17853,notifpush.com,http_404
17850,lflinkup.com,ERR_SSL_WRONG_VERSION_NUMBER
17735,cw.net,timeout
17851,otago.ac.nz,http_403
17854,mypurecloud.ie,http_500
17858,xendesktop.net,ENOTFOUND
17855,giraff.io,http_404
17856,geocomply.net,http_404
17863,alfasense.net,http_404
17865,manychat.com,http_403
17864,rssi.ru,ENOTFOUND
17866,simplepractice.com,http_404
17873,chicago.gov,http_403
17874,chickgoddess.com,http_404
17860,pending-renewal-domain.com,ENOTFOUND
17879,dsmcdn.com,ENOTFOUND
17835,ufpe.br,ENOTFOUND
17876,ck.page,http_525
17877,trustedform.com,http_200
17878,pik-digital.ru,ENOTFOUND
17882,telkomuniversity.ac.id,http_403
17883,nic.med,DEPTH_ZERO_SELF_SIGNED_CERT
17884,mayoclinic.com,http_403
17887,samsungknowledge.com,ENOTFOUND
17885,linkedin-ei.com,http_999
17899,switchbot.net,ENOTFOUND
17896,aggle.net,http_404
17889,southcn.com,http_200
17814,aoglonass.ru,timeout
17906,chickenkiller.com,ECONNREFUSED
17910,pkb.ru,ENOTFOUND
17913,minionplatform.com,ENOTFOUND
17915,ibspark.com,ENOTFOUND
17826,icp100.net,timeout
17918,douglas.de,http_403
17923,evapqnina.com,ENOTFOUND
17922,openhostingservice.com,ERR_TLS_CERT_ALTNAME_INVALID
17925,freepeople.com,http_403
17927,alpaca.markets,http_200
17929,services.gc.ca,ENOTFOUND
17914,hunan.gov.cn,ERR_SSL_BAD_ECPOINT
17934,ethicsdinnerpave.online,ENOTFOUND
17940,futbol-11.com,http_200
17937,atieva.com,ERR_TLS_CERT_ALTNAME_INVALID
17942,silverchair-cdn.com,ENOTFOUND
17943,floqast.engineering,ENOTFOUND
17938,infor.com,http_404
17945,virtualhosts.de,ERR_SSL_WRONG_VERSION_NUMBER
17949,sitecorecloud.io,ENOTFOUND
17950,webshopapp.com,http_404
17871,galaxus.ch,timeout
17956,ctdcdn.com,ENOTFOUND
17958,microsoft.net,ERR_TLS_CERT_ALTNAME_INVALID
17926,cldmail.ru,timeout
17957,chaoxing.com,http_404
17966,platinbox.com,http_404
17970,sinclairstoryline.com,http_200
17973,kktix.com,http_403
17972,freemail.hu,http_200
17974,refined.site,http_200
17976,autodoc.de,http_403
17941,everestjs.net,http_403
17978,aerlingus.com,http_405
17979,cdnhwcgqa21.com,ENOTFOUND
17986,publica-ctv.com,ENOTFOUND
17987,lefties.com,http_403
17985,soc-club.ru,http_403
17990,frontol.ru,http_200
17982,passkey.com,http_200
17902,bcbsla.com,timeout
17993,r777.us,http_403
17996,mondialrelay.fr,http_403
17988,duba.net,http_404
17969,tektorg.ru,err
18000,mdnsservice.com,ERR_TLS_CERT_ALTNAME_INVALID
18002,uri.sh,ENOTFOUND
17999,nagoya-u.ac.jp,http_404
18017,qiniucloud.net,ENOTFOUND
17930,cdmx.gob.mx,timeout
18022,lsfilter.com,http_404
18026,dfn.nl,ERR_TLS_CERT_ALTNAME_INVALID
18014,mrbasic.com,ERR_SSL_WRONG_VERSION_NUMBER
18037,firstdata.com,http_404
18035,wehago.com,http_200
18040,resmed.com,http_403
18024,kropozel.com,timeout
18048,gc.com,http_487
18047,magic.mn,ETIMEDOUT
18051,teknosa.com,http_403
18029,sinopec.com,ENOTFOUND
18053,venezolano.com,http_404
18056,pik-service.ru,ERR_TLS_CERT_ALTNAME_INVALID
18059,slidesharecdn.com,ENOTFOUND
18036,baidubce.com,timeout
17992,hainan.gov.cn,timeout
18065,komoot.de,http_404
18064,beelinegprs.ru,ENOTFOUND
18054,sp1-brevo.net,http_526
18073,jixie.io,http_404
18076,tylersuper.click,ENOTFOUND
18070,gazelzone.com,http_404
18079,cloveronline.com,ENOTFOUND
18075,haufedev.systems,ENOTFOUND
18011,hostingplatform.net.au,timeout
18088,tamo.lt,http_403
18091,kntxy.com,http_200
18090,ddns.ms,ERR_SSL_WRONG_VERSION_NUMBER
18093,nothingthere.co.uk,ENOTFOUND
18025,bmi.ir,timeout
18089,nysc.org.ng,http_404
18103,wemuslim.com,http_403
18107,digital-id.my,http_404
18112,blackus-triton.com,ENOTFOUND
18116,phantom.dev,http_403
18113,pinkbike.com,http_403
18119,okvmm.tech,ENOTFOUND
18121,haplorrhini.com,ENOTFOUND
18123,ext.to,http_403
18134,volcanodns.com,ENOTFOUND
18045,v6dgine.com,timeout
18142,manheim.com,http_200
18143,perfectworld.com,http_404
18137,cdndex.io,http_404
18147,scikit-learn.org,http_404
18146,novanewsapp.com,http_200
18109,powercam365.com,ENOTFOUND
18149,bridalgown.work,ERR_TLS_CERT_ALTNAME_INVALID
18152,4dcloud.fr,ECONNRESET
18153,de-tencentclb.net,ENOTFOUND
18155,splio.name,ENOTFOUND
18157,cricbet99.red,http_404
18161,ocmthood.com,ENOTFOUND
18156,riseup.net,http_404
18148,hbidc.net,ENOTFOUND
18164,k-words.io,http_503
18165,joshinweb.jp,http_403
18168,cdn77.eu,ERR_TLS_CERT_ALTNAME_INVALID
18169,ironport.com,ERR_TLS_CERT_ALTNAME_INVALID
18174,magnite-audience-prod.com,ENOTFOUND
18172,gmgn.ai,http_403
18181,wkvytxcg8.com,ENOTFOUND
18185,akamai-access.com,ENOTFOUND
18074,threeany.net,timeout
18182,instajob.ai,http_302
18192,repl.co,http_200
18184,skribbl.io,http_404
18193,sgk.gov.tr,http_404
18082,ridgwayband.com,timeout
18202,d2ns-nbl.com,ENOTFOUND
18203,galaxy-cdn.biz,ENOTFOUND
18197,fineboost.com,http_200
18204,insalesteam.ru,ENOTFOUND
18206,regery.net,ENOTFOUND
18208,military.eu,http_403
18201,cdnhwcaip122.cn,ENOTFOUND
18214,easyliveauction.com,http_403
18218,mlbstatic.com,http_404
18216,mundo-promote.cc,http_403
18210,cebupacificair.com,http_410
18220,algolia.io,ERR_TLS_CERT_ALTNAME_INVALID
18222,awsdns-58.org,ENOTFOUND
18219,www.ne.jp,http_404
18226,burgerkingrus.ru,http_403
18229,velocityweather.com,ERR_SSL_TLSV1_UNRECOGNIZED_NAME
18213,nttdocomo.co.jp,http_404
18230,diesiedleronline.de,http_404
18233,logmeinrescue.com,http_200
18232,registerdomain.net.za,http_404
18237,engagently.com,http_404
18239,toonblast.net,ENOTFOUND
18241,vivitusuerte.com,http_404
18240,zoro.com,http_403
18244,mulesoft.com,http_403
18248,shimano.com,http_403
18253,orastreaming.net,ENOTFOUND
18254,4sqi.net,ENOTFOUND
18190,impactify.media,timeout
18265,site5.com,http_403
18261,fscut.com,http_200
18266,ecopsy.com,http_403
18255,weiyun.com,http_200
18263,tesseractcloud.com,http_403
18274,teloce.cc,ENOTFOUND
18276,shiftapis.com,ENOTFOUND
18275,netcup.net,http_200
18270,tmok.tm,http_504
18280,piktochart.com,http_403
18282,hightouch-events.com,ENOTFOUND
18284,awsdns-59.org,ENOTFOUND
18286,olxtak.com,ENOTFOUND
18279,open-internet.nl,CERT_HAS_EXPIRED
18292,virginmediao2.co.uk,http_404
18277,ventanillaunicasocial.gob.cl,http_418
18293,fiat.com,http_403
18299,pakonlinepayment.com,ENOTFOUND
18291,cvs-a.com,CERT_HAS_EXPIRED
18302,kxmp.cf,ENOTFOUND
18245,earthlinkiq.com,timeout
18306,ppbdev.com,ENOTFOUND
18304,mahafyjcadmissions.in,http_200
18307,smtcdns.com,ENOTFOUND
18300,shanghai.gov.cn,http_404
18312,ringpublishing.net,ENOTFOUND
18311,autel.com,http_404
18314,oscaro.com,http_403
18196,thpagency.com,timeout
18267,ydstatic.com,ENOTFOUND
18321,cainiao.com,http_200
18326,square.link,http_405
18318,haydaygame.com,ECONNRESET
18338,renren.com,http_200
18294,cninfo.net,ENOTFOUND
18339,3322.net,ERR_TLS_CERT_ALTNAME_INVALID
18347,new-programmatic.com,http_404
18351,nicecloudsvc.com,ENOTFOUND
18343,ignou.ac.in,http_404
18308,istatmenus.app,timeout
18367,1x247.net,http_200
18355,dcbprotect.com,http_200
18368,mistplay.com,http_200
18373,aeon.com,http_404
18374,qovani.com,ENOTFOUND
18363,contentinsights.com,http_200
18382,ffkipas.my.id,http_404
18389,n8n.cloud,http_200
18390,corbina.net,CERT_HAS_EXPIRED
18334,blueyonder.co.uk,timeout
18394,dnsxperta.com,ERR_SSL_WRONG_VERSION_NUMBER
18396,clktec.com,ENOTFOUND
18397,vitalsource.com,http_403
18399,99exch.live,http_404
18301,ilga.gov,timeout
18354,minutemediaservices.com,timeout
18407,exchbet365.live,http_403
18408,funinhorse.com,http_202
18411,gold365.blue,http_404
18417,ngpay88.com,http_403
18392,vip.com,http_200
18412,heoviora.com,http_404
18413,kingexch365.com,http_200
18418,royaltotox54.com,http_403
18419,sweepquest.info,http_404
18420,t1chat.com,ENOTFOUND
18423,usmint.gov,http_403
18421,yadongtv88.com,http_403
18424,memurlar.net,http_403
18431,aswpsdkus.com,http_404
18393,digital.govt.nz,http_404
18433,tattle.life,http_403
18437,debian.net,ERR_TLS_CERT_ALTNAME_INVALID
18435,discuz.net,EHOSTUNREACH
18438,dialogue.co,http_404
18439,gocomics.com,http_403
18441,haproxyedge.net,http_404
18446,pyatdesyatodin.co.uk,ENOTFOUND
18447,ooofortuna.info,ENOTFOUND
18458,foxtrot.com.ua,http_403
18443,jrj.com.cn,http_404
18465,aws-cbc.cloud,ENOTFOUND
18453,jpmchase.com,http_200
18462,c-and-a.com,http_200
18472,deliverimp.com,ENOTFOUND
18461,gearbox.com,ECONNRESET
18477,ras.ru,http_403
18479,merchantos.com,http_525
18485,byteplusfcdn-oversea.com,ENOTFOUND
18487,esportsinsider.com,http_403
18490,yo-digital.com,ENOTFOUND
18489,vivareal.com.br,http_403
18488,hisense.com,http_200
18495,theartnewspaper.com,http_404
18494,awsdns-cn-47.cn,ENOTFOUND
18483,securityeducation.com,http_200
18497,clustrmaps.com,ECONNREFUSED
18499,samsungdiroute.net,ENOTFOUND
18502,vodien.com,http_403
18504,noticiasdenavarra.com,http_406
18492,peopleapp.com,http_200
18501,galleryvalery.com,ENOTFOUND
18509,mypixieset.com,http_200
18513,thequizgo.com,http_404
18510,optica.org,http_404
18515,sts.pl,http_403
18516,myshn.eu,http_404
18519,olx.uz,http_403
18525,bizmrg.com,ENOTFOUND
18526,elpalaciodehierro.com,http_403
18530,colocrossing.com,http_403
18523,brightmail.com,ENOTFOUND
18533,ambafrance.org,http_403
18532,ufs-online.ru,http_403
18543,pingone.eu,ENOTFOUND
18544,struxurewarecloud.com,ERR_SSL_TLSV1_UNRECOGNIZED_NAME
18546,pyatdesyatdva.co.uk,ENOTFOUND
18535,actalis.it,http_200
18550,utp.st,ECONNREFUSED
18551,onamae-expired.com,ENOTFOUND
18556,mantan-web.jp,http_403
18552,shandong.gov.cn,ENOTFOUND
18565,aliyunga0018.com,ENOTFOUND
18569,gopuff.dev,http_403
18445,adups.com,timeout
18576,rule34.world,ENOTFOUND
18575,cea.com.br,http_403
18580,quasarzone.com,http_403
18583,2likemobile.com,http_404
18594,sgaas.net,ENOTFOUND
18463,koreanair.com,timeout
18585,ntnu.edu.tw,http_404
18584,sbs.co.kr,http_404
18593,eeyeful.com,ERR_TLS_CERT_ALTNAME_INVALID
18600,stake.ac,http_403
18602,selfridges.com,http_403
18603,williams.edu,http_403
18486,853mmm.com,timeout
18611,shop.pe,http_404
18608,rootlnka.net,ENOTFOUND
18620,krafton.com,http_403
18616,superdelivery.com,http_200
18612,veonadx.com,http_401
18621,initxa.com,ENOTFOUND
18619,cgd.pt,http_200
18618,navitime.biz,http_200
18613,hardoff.co.jp,http_404
18622,verve.net,ECONNRESET
18625,vettix.org,http_403
18624,99app.com,http_429
18630,bonanza.com,http_403
18626,polskieradio.pl,http_404
18631,bdcgslb.com,ENOTFOUND
18610,ccgp.gov.cn,http_404
18627,waseda.jp,http_403
18638,porter.in,http_403
18642,city.ac.uk,http_403
18641,myjetbrains.com,http_200
18646,ua-football.com,http_403
18648,masterfap.net,http_404
18651,iqair.com,http_429
18623,360anyu.com,ENOTFOUND
18654,ratesolutions.eu,http_404
18653,flushpersist.com,http_200
18660,atsint.net,ENOTFOUND
18663,mtvnservices.com,ENOTFOUND
18664,rdcpix.com,ENOTFOUND
18650,eqxiu.com,http_200
18657,jobbank.gc.ca,http_200
18669,perflib.com,ENOTFOUND
18656,dedecms.com,http_200
18666,yangshipin.cn,http_200
18678,vertbaudet.fr,http_403
18668,melonbooks.co.jp,http_404
18692,nativendo.de,http_404
18691,r01.ru,UNABLE_TO_VERIFY_LEAF_SIGNATURE
18695,iht.com,ERR_TLS_CERT_ALTNAME_INVALID
18700,ponyexpress.ru,http_403
18701,petitiononline.com,http_200
18698,ipa.go.jp,http_404
18684,dns.net.za,http_200
18702,getsitectrl.com,http_200
18707,unicontext.ru,http_200
18711,nemo.travel,http_403
18680,satyam.net.in,ENETUNREACH
18716,rule34vault.com,ENOTFOUND
18719,chnsrv.com,ENOTFOUND
18717,dw.de,ERR_TLS_CERT_ALTNAME_INVALID
18720,nic.services,ERR_TLS_CERT_ALTNAME_INVALID
18723,linuxpl.com,http_200
18726,jftechsoft.com,http_404
18732,openwork.jp,http_403
18733,sophi.io,http_200
18740,rovio.com,http_200
18738,aclanthology.org,http_404
18743,adster.tech,http_404
18742,gloryads.ru,ENOTFOUND
18746,darktracesensor.com,ENOTFOUND
18748,awsdns-61.org,ENOTFOUND
18749,freeserve.co.uk,ENOTFOUND
18741,goofish.com,http_404
18745,statisticslinks.com,http_404
18754,sds-secaas.com,ENOTFOUND
18753,thomsonreuters.org,ECONNREFUSED
18755,oui-0x00199d.com,ENOTFOUND
18758,keepass.info,http_404
18759,maindnstech.com,ENOTFOUND
18766,unbxdapi.com,ENOTFOUND
18773,bet365.es,http_403
18696,pragmaticplay.net,timeout
18775,sears.com.mx,http_403
18699,eamobile.com,timeout
18774,nu.international,http_404
18784,dootchi.ai,http_302
18785,awsdns-cn-34.com,ENOTFOUND
18787,dpdgroup.co.uk,http_200
18783,awsdns-cn-36.cn,ENOTFOUND
18794,technet.com,http_200
18799,bng-ns.com,ENOTFOUND
18802,nameserver.vip,ENOTFOUND
18803,bluecore.app,ENOTFOUND
18806,investor.gov,http_403
18808,50.in-addr.arpa,ENOTFOUND
18804,screencast.com,http_200
18811,prelude.dev,ENOTFOUND
18812,aida.de,http_403
18809,nclottery.com,http_404
18814,newsmemory.com,http_200
18815,360doc.com,ENOTFOUND
18819,spdydns.com,ENOTFOUND
18826,digicertdns.net,ENOTFOUND
18827,knox-matrix.com,ENOTFOUND
18781,voliacable.com,timeout
18780,websense.net,timeout
18829,corpinter.net.cn,ENOTFOUND
18836,customer-oci.com,ENOTFOUND
18831,pf.gov.br,http_200
18844,ebanking-services.com,http_400
18848,awsdns-cn-17.com,ENOTFOUND
18849,cartrawler.com,http_404
18851,ceracdn.net,ENOTFOUND
18846,rebatesrule.net,ERR_SSL_WRONG_VERSION_NUMBER
18856,magichue.net,http_404
18854,krebson.ru,DEPTH_ZERO_SELF_SIGNED_CERT
18861,pwsdk.com,ENOTFOUND
18839,vendhq.com,http_404
18865,pornoperso.com,http_403
18860,kiva.org,http_403
18771,ecnypay.cc,timeout
18866,deccanchronicle.com,http_403
18870,bridgeoos.com,ENOTFOUND
18868,gamecity.ne.jp,http_404
18875,awsdns-48.org,ENOTFOUND
18881,ae.org,http_200
18789,bit.do,timeout
18887,skated.co,ENOTFOUND
18792,bashtel.ru,timeout
18896,gitter.im,http_404
18898,mb.com.ph,http_403
18864,focus.cn,http_200
18890,bookdepository.com,http_200
18910,huk-coburg.cloud,ENOTFOUND
18914,mergeab.com,ENOTFOUND
18918,component-world.com,ENOTFOUND
18919,t-ipnet.de,ENOTFOUND
18912,hange.jp,http_404
18920,cnpj.biz,http_403
18926,gsis.gr,http_403
18928,kama.gs,ENOTFOUND
18862,harrahs.org,timeout
18929,lockton.com,http_200
18932,gameassists.co.uk,ENOTFOUND
18938,interaction-design.org,http_404
18942,hiveos.farm,http_404
18941,ucnaming.com,ENOTFOUND
18947,backcountry.com,http_200
18945,hispalisdns.com,ERR_TLS_CERT_ALTNAME_INVALID
18949,yxponte.com,ENOTFOUND
18884,mylimobiz.com,timeout
18944,publicradio.org,ENOTFOUND
18961,contentdelivery.net,ENOTFOUND
18958,lynda.com,http_404
18963,midnightlotusgrove.com,ERR_SSL_TLSV1_ALERT_INTERNAL_ERROR
18966,havan.com.br,http_403
18964,storage-yahoo.jp,ENOTFOUND
18970,tdnsdp1.cn,ENOTFOUND
18971,s-gift.app,http_404
18977,elysee.fr,http_200
18973,zepeto.io,http_404
18978,live-website.com,http_404
18979,aftership.com,http_403
18981,mocortech.com,ENOTFOUND
18982,ns1pcdn.net,ENOTFOUND
18984,uberns.net,ENOTFOUND
18990,1passwordservices.com,ENOTFOUND
18986,koctas.com.tr,http_403
18989,wsp.com,http_403
18995,helium.io,ENOTFOUND
18993,yabidos.com,http_404
18997,ghabovethec.info,http_404
18992,online.no,http_200
18987,asiae.co.kr,ECONNRESET
18999,maisonsdumonde.com,http_403
19004,healthkart.com,http_403
19016,decathlon.com.tr,http_403
19023,excellenth5game.com,http_404
19027,tebex.io,http_403
19022,logme.in,http_200
19032,backstage.com,http_403
19034,offerup.com,http_403
19036,rpcuniverse.com,ECONNREFUSED
19041,dev.microsoft,ENOTFOUND
19043,zdns.google,ENOTFOUND
18925,trafficconverter.biz,timeout
19049,mars.com,http_403
19051,abebookscdn.com,ENOTFOUND
19056,omnilojoapps.com,ENOTFOUND
19063,nudns.com,ENOTFOUND
19064,jagat.io,http_403
19068,trackcmp.net,http_404
19069,broadcastify.com,http_200
19073,brawlstars.com,http_200
19077,argewebhosting.nl,CERT_HAS_EXPIRED
18976,udec.cl,timeout
19078,cabelas.com,http_403
19079,glassboxdigital.io,ENOTFOUND
19080,lassuranceretraite.fr,http_403
19076,adxflyer.com,http_404
19082,opensubtitles.com,http_403
19084,iconscout.com,http_403
19087,trkcliq.com,ENOTFOUND
19047,reyrey.net,timeout
19088,dunkindonuts.com,http_403
19094,mergecola.com,ENOTFOUND
19096,po-kaki-to.com,http_403
19054,externulls.com,ENOTFOUND
19098,clarip.com,http_404
19095,sld.cu,ENOTFOUND
19099,navitime.com,ENOTFOUND
19017,enamad.ir,timeout
19114,waltonbd.com,http_404
19121,adidas.com.ar,http_403
19123,internetsociety.org,http_403
19125,grandgamestech.com,ENOTFOUND
19127,sailthru.com,http_200
19129,nh-hotels.com,http_403
19118,cmcm.com,http_404
19134,vidcrunch.com,http_403
19107,glauco.it,http_404
19137,nameserver.net.au,ENOTFOUND
19130,bitautoimg.com,http_200
19141,mndx1.com,ENOTFOUND
19140,npb.jp,http_404
19148,albss.com,ENOTFOUND
19151,meow.ac,http_200
19153,sg-host.com,ERR_TLS_CERT_ALTNAME_INVALID
19156,phlextmf.net,ECONNRESET
19158,denfaminicogamer.jp,ENOTFOUND
19157,dns4userver.com,ENOTFOUND
19161,hscoscdn10.net,ENOTFOUND
19162,simplyhired.com,http_403
19164,accdab.net,ENOTFOUND
19165,sharefile.io,ENOTFOUND
19163,nocdirect.com,http_404
19074,gtm-a2b4.com,timeout
19160,monex.co.jp,http_404
19169,funtime.su,http_404
19170,cpserver.net,CERT_HAS_EXPIRED
19171,cbx-rtb.com,http_404
19172,kkday.com,http_403
19176,gladns.net,ENOTFOUND
19179,tvsmotor.com,http_403
19089,tatarstan.ru,timeout
19184,godagree.com,ENOTFOUND
19187,polomap.com,http_403
19100,ttidc.com.tr,timeout
19191,quoracdn.net,ERR_TLS_CERT_ALTNAME_INVALID
19194,studyquicks.com,http_302
19198,questionai.com,http_404
19200,schibsted.io,ENOTFOUND
19201,overcast.fm,http_404
19206,blackhawknetwork.com,http_403
19154,qss-lb.com,ENOTFOUND
19205,bookdelivery.com,http_405
19124,dreamhosters.com,timeout
19211,cybercrime.gov.in,http_200
19219,keydisk.ru,ENOTFOUND
19210,amiami.jp,http_404
19220,porsche.cloud,ENOTFOUND
19218,tongdun.net,http_404
19222,blitz.bg,http_403
19221,noip.net,ERR_TLS_CERT_ALTNAME_INVALID
19223,vodafonemail.de,http_200
19232,crutchfield.com,http_403
19235,aeon.co.jp,http_403
19204,parttarget.com,err
19231,ibps.in,UNABLE_TO_VERIFY_LEAF_SIGNATURE
19237,chatib.us,http_403
19240,1capp.net,http_503
19243,nic.world,ERR_TLS_CERT_ALTNAME_INVALID
19247,thecanadianencyclopedia.ca,http_403
19248,madness.games,ECONNRESET
19250,touchstatistics.com,ENOTFOUND
19251,casetext.com,http_410
19214,intergi.com,ENOTFOUND
19260,ard-mcdn.de,ECONNREFUSED
19263,fpcollector.com,ECONNREFUSED
19267,ucaasnetwork.com,ENOTFOUND
19266,footlocker.com,http_404
19268,banyanops.com,http_404
19181,xn--b1aew.xn--p1ai,timeout
19182,np-sr.ru,timeout
19273,cettire.com,http_403
19271,bollywoodmenswear.com,http_404
19275,euronic.fi,http_404
19277,cdn84.com,ENOTFOUND
19279,docdoc.ru,http_403
19186,bithumb.com,timeout
19283,awsdns-18.org,ENOTFOUND
19285,awsdns-29.org,ENOTFOUND
19278,weatherfx.com,http_404
19288,schlundtech.de,http_404
19290,fbot.me,ENOTFOUND
19292,fontsquirrel.com,http_202
19295,misumi-ec.com,http_403
19291,sf-express.com,http_404
19300,fc-zenit.ru,http_403
19301,marines.mil,http_403
19302,telmex.com,http_403
19305,luigisbox.tech,ERR_SSL_SSL/TLS_ALERT_HANDSHAKE_FAILURE
19306,tliveplay.com,http_404
19309,cdnamazing.com,ENOTFOUND
19310,terabyteshop.com.br,http_403
19313,wanakadns.net,ENOTFOUND
19314,bendibao.com,http_404
19316,eheya.net,http_403
19255,nibba.trade,timeout
19319,mitid.dk,http_403
19324,redwap-xxx.com,http_403
19326,datart.cz,http_200
19327,conferdeploy.net,ENOTFOUND
19328,shopifyinc.com,ENOTFOUND
19323,india.gov.in,http_403
19332,aki.cloud,http_403
19338,crsspxl.com,ENOTFOUND
19315,swbell.net,timeout
19340,suspended-domain.com,ENOTFOUND
19339,luckyfish.co.za,http_200
19341,laxd.com,http_404
19344,provincial.com,http_403
19348,hesap.com.tr,http_403
19350,olx-st.com,ERR_TLS_CERT_ALTNAME_INVALID
19351,nt.gov.au,http_403
19347,1rtb.com,http_404
19345,zol.com,http_404
19360,ccaiplatform.com,ENOTFOUND
19282,rollic.gs,timeout
19363,cjjd14.com,ENOTFOUND
19294,jk.gov.in,timeout
19367,dreamserve.dev,ENOTFOUND
19368,mobileposse.com,http_403
19370,thebump.com,http_403
19357,thelott.com,http_403
19374,citizensbank.com,http_403
19299,star-telegram.com,timeout
19377,onnetwork.tv,http_200
19380,reaqle.tech,ENOTFOUND
19334,cdntip.com,EHOSTUNREACH
19381,zqtk.net,ENOTFOUND
19382,export.gov,ENOTFOUND
19388,manhuatop.org,http_403
19389,geoadnxs.com,ENOTFOUND
19393,afdb.org,http_403
19392,ttrk.io,http_404
19394,piwniczna.eu,ERR_TLS_CERT_ALTNAME_INVALID
19395,zain.com,http_404
19397,yougov.co.uk,http_404
19401,kueezssp.com,http_404
19404,oculuscdn.com,ENOTFOUND
19405,clerkprod-cloudflare.net,ENOTFOUND
19406,site-config.com,http_404
19407,hollandamerica.com,http_200
19403,wesleyan.edu,http_404
19411,2umdjcuk.com,ENOTFOUND
19410,tvip-media.net,ERR_TLS_CERT_ALTNAME_INVALID
19418,vie-publique.fr,http_200
19419,lacity.gov,http_403
19421,webd.pl,http_404
19424,filehippo.com,http_412
19422,nubia.com,http_404
19432,rootcanary.net,ENOTFOUND
19433,jobs.nhs.uk,http_200
19369,btcl.net.bd,ENOTFOUND
19372,auteltech.net,timeout
19435,trendyol-milla.com,http_403
19439,aegeanair.com,http_403
19437,blackbaud.net,ERR_TLS_CERT_ALTNAME_INVALID
19442,cricketworld.com,http_404
19446,x-plarium.com,ENOTFOUND
19443,awsdns-cn-41.cn,ENOTFOUND
19455,nic.work,ERR_TLS_CERT_ALTNAME_INVALID
19461,sipgate.net,ENOTFOUND
19460,wework.com,http_403
19454,sz.gov.cn,http_404
19465,bncenlinea.com,http_404
19472,irasutoya.com,http_200
19364,izbirkom.ru,timeout
19474,iupui.edu,http_200
19476,ntdb.su,ENOTFOUND
19481,x3m.biz,http_503
19488,apotea.se,http_403
19483,tecconcursos.com.br,http_405
19489,hik-partner.com,http_403
19496,btcentralplus.com,ENOTFOUND
19494,mds.gov.br,http_404
19498,573.jp,ENOTFOUND
19408,tatneft.ru,timeout
19501,video-mech.ru,http_200
19490,adintl.cn,http_502
19504,ziffstatic.com,ENOTFOUND
19506,ubuntuforums.org,ENOTFOUND
19507,mastercard.us,http_403
19511,hikcentralconnect.com,http_403
19513,usestoryteller.com,http_200
19514,onkatana.net,ENOTFOUND
19515,converse.com,http_403
19517,section.io,http_404
19520,sktorrent.eu,http_404
19521,adsl-pool.sx.cn,http_200
19527,phantom.direct,http_404
19427,bmwusa.com,timeout
19533,syndigo.cloud,ENOTFOUND
19516,yesky.com,http_404
19536,arizona-rp.com,http_200
19535,bd-pratidin.com,http_403
19434,rdsnet.ro,timeout
19537,pacer.cc,http_404
19441,casacam.net,timeout
19541,serverhost.net,http_404
19543,storageimagedisplay.com,http_404
19551,cloudatacdn.com,ENOTFOUND
19561,power-dns.com,ENOTFOUND
19563,provpn.world,ENOTFOUND
19565,adidas.mx,http_403
19568,nationalgeographic.com.es,http_403
19525,careeronestop.org,http_403
19571,webhostingboxes.com,ECONNREFUSED
19574,lgrckt-in.com,ENOTFOUND
19576,pcdn.co,ENOTFOUND
19579,dtssrv.com,ENOTFOUND
19578,servicewechat.com,http_404
19581,gofizz.in,ENOTFOUND
19557,proxit.ru,ERR_TLS_CERT_ALTNAME_INVALID
19580,sysaidit.com,http_404
19584,heteml.jp,http_403
19588,copel.com,http_200
19590,louhi.net,ECONNREFUSED
19583,po18.tw,http_403
19597,ozmall.co.jp,http_403
19534,bsnl.in,timeout
19599,no-ip.info,ERR_TLS_CERT_ALTNAME_INVALID
19602,vkcloud-storage.ru,ENOTFOUND
19547,pstu.ru,timeout
19596,telkomadsl.co.za,ENOTFOUND
19605,becloudby.com,ECONNREFUSED
19609,lyft.net,ENOTFOUND
19608,kmsmep.com,ENOTFOUND
19612,iothings.site,ENOTFOUND
19555,nttpc.ne.jp,timeout
19614,aticdn.net,ENOTFOUND
19611,absolutbank.ru,UNABLE_TO_GET_ISSUER_CERT_LOCALLY
19615,marketo.co.uk,ERR_SSL_SSL/TLS_ALERT_HANDSHAKE_FAILURE
19618,osdknw.com,http_404
19619,zscalerten.net,ENOTFOUND
19620,8x8cloud.net,ENOTFOUND
19621,redcrossblood.org,http_403
19622,segmento.ru,http_418
19562,netjust.com,timeout
19564,tatar.ru,timeout
19633,velvetarrowhawk.com,ERR_SSL_TLSV1_ALERT_INTERNAL_ERROR
19636,quest-on-demand.com,http_403
19637,xdaforums.com,http_403
19640,dicedreams.app,ENOTFOUND
19641,domainmarket.com,http_403
19643,o2r53ctp.co.uk,ENOTFOUND
19638,emiratesnbd.com,http_200
19642,cgocable.ca,CERT_HAS_EXPIRED
19647,bvfcdn2.com,ENOTFOUND
19646,retargetly.com,http_404
19648,geoplugin.net,ECONNREFUSED
19653,zeustechnology.com,ENOTFOUND
19660,ipcheckerapi.com,http_404
19663,telemetr.io,ENOTFOUND
19665,webtoonscan.com,http_403
19667,tildadns.com,http_404
19669,ittefaq.com.bd,http_403
19672,hscoscdn-eu1.net,http_404
19670,doximity-staging.services,ENOTFOUND
19675,anypointdns.net,ENOTFOUND
19683,ocean-components.com,http_200
19610,3dgow.com,timeout
19685,204.in-addr.arpa,ENOTFOUND
19688,ebalka.love,http_403
19684,asna.link,ENOTFOUND
19696,pbiaas.com,ENOTFOUND
19698,nadra.gov.pk,http_403
19699,bundeswirtschaftsministerium.de,http_404
19703,quantserve.net,ENOTFOUND
19701,collectivegames.io,http_404
19707,lastwar.com,http_404
19709,biliapi.com,ENOTFOUND
19692,avantlink.com,err
19708,nuevoloquo.ch,http_200
19716,vervehosting.com,http_404
19722,bidbrain.app,ENOTFOUND
19598,cgstate.gov.in,timeout
19726,tnapplications.com,http_403
19727,sorokdva.co.uk,ENOTFOUND
19725,mopera.net,ENOTFOUND
19729,225284.xyz,ERR_SSL_TLSV1_UNRECOGNIZED_NAME
19731,prozis.com,http_429
19740,jobsatamazon.co.uk,http_403
19745,tuxfamily.org,http_404
19741,flat-ads.com,http_404
19752,jmcomic-zzz.one,http_403
19754,digitalcertvalidation.com,ENOTFOUND
19756,beincrypto.com,http_403
19751,billdesk.com,http_404
19764,tubecup.net,CERT_HAS_EXPIRED
19623,cncnet.net,timeout
19768,segreencolumn.com,ENOTFOUND
19762,animeonline.ninja,http_403
19773,inituu.com,ENOTFOUND
19777,elevate.cafe,http_530
19778,vshowapi.com,ENOTFOUND
19779,gameshub.com,http_403
19782,iplocation.net,http_403
19780,simonsignal.com,http_403
19785,trvl-media.com,ENOTFOUND
19787,simples.vet,http_405
19788,monikerdns.net,ENOTFOUND
19790,nic.no,ENOTFOUND
19791,truthfinder.com,http_403
19797,tevas.dev,http_200
19801,awsdns-54.org,ENOTFOUND
19805,mmsvc.io,ENOTFOUND
19804,radio.fm,http_404
19666,comenity.net,timeout
19803,xiecheng.com,http_200
19809,yournet.ne.jp,ENOTFOUND
19817,growplow.events,ENOTFOUND
19815,digitalguardian.com,http_403
19819,canva.link,http_403
19822,nezavisne.com,http_403
19826,newecf.com,ENOTFOUND
19828,mnbvcxzas.com,ENOTFOUND
19832,cpfl.com.br,http_403
19816,santafe.gov.ar,http_404
19836,dns-h.com,ENOTFOUND
19839,warp90.com,http_204
19838,donutsmp.net,http_403
19840,in-pocasi.cz,http_404
19833,gcloudsdk.com,EHOSTUNREACH
19843,railsc.ru,CERT_HAS_EXPIRED
19850,pixhost.to,http_404
19854,ducati.com,http_403
19715,dacom.co.kr,timeout
19794,ninjarmm.net,timeout
19863,3cx.us,http_200
19865,fareharbor.engineering,ENOTFOUND
19860,freshmeat.net,http_200
19873,aliyunddos0013.com,ENOTFOUND
19878,stopblocking.co.uk,ENOTFOUND
19879,iflvopx.net,ENOTFOUND
19880,atp.fox,ENOTFOUND
19882,kartoshka.co.uk,ENOTFOUND
19884,edge-inf.net,ENOTFOUND
19883,orientaltrading.com,http_403
19887,m4sport.hu,http_403
19889,clalit.co.il,http_200
19893,gold-bets.org,http_404
19891,sulekha.com,http_404
19894,3u.com,http_404
19899,cubicmotion.com,http_200
19900,cytanet.com.cy,ENOTFOUND
19895,paradoxplaza.com,http_404
19904,allawnofs.com,ENOTFOUND
19907,mediavitrina.com,ENOTFOUND
19911,smassets.net,ENOTFOUND
19853,vost.pw,timeout
19916,santandernetibe.com.br,http_403
19917,adjarabet.com,http_403
19856,texify.blog,ENOTFOUND
19912,vodafone.ind.in,ENOTFOUND
19921,xcdnpro.com,ENOTFOUND
19920,drmx.org,CERT_HAS_EXPIRED
19935,rokomari.com,http_403
19937,gotrackier.com,http_200
19933,neonova.net,ERR_TLS_CERT_ALTNAME_INVALID
19938,intercomassets.com,ENOTFOUND
19929,abchina.com,http_302
19939,leadinfo.net,http_200
19941,imghosts.com,http_403
19842,entradas.com,timeout
19948,pm.by,http_403
19950,b2bdxp.com,ENOTFOUND
19918,cpkservice.ru,timeout
19962,xe.gr,http_405
19964,athwartwhoafat.com,http_404
19969,janeapp.net,ENOTFOUND
19970,coupadev.com,ENOTFOUND
19971,gorgias-convert.com,http_404
19977,essence.com,http_403
19974,tct-rom.com,http_404
19979,llvpn.com,http_204
19981,azurgames.com,http_447
19983,audrte.com,http_400
19984,ugslb.net,ENOTFOUND
19986,sury.org,http_404
19988,fiba.basketball,http_200
19908,soliq.uz,timeout
19989,nikon.com,http_404
19995,viettel.vn,http_200
19999,np-internal.ru,ENOTFOUND
19940,tagcommander.com,timeout
19942,127.net,timeout
19944,airindia.com,timeout
19996,www.gov.za,timeout
19966,kro.kr,timeout
19976,mistore.jp,timeout
20004,sporthub.bet,ENOTFOUND
20005,united-arrows.co.jp,http_403
20013,apc.com,http_503
20021,da.direct,ENOTFOUND
20026,ebally.co.uk,ENOTFOUND
20025,uni.rest,ENOTFOUND
20028,sexkomix22.com,http_403
20022,gp4f.com,http_200
20031,gogodns.com,ENOTFOUND
20032,oocl.com,http_403
20034,sharp.co.jp,ENOTFOUND
20039,erofus.com,http_200
20044,test-english.com,http_403
20042,my-ihor.ru,ENOTFOUND
20048,bok-sd.com,ERR_TLS_CERT_ALTNAME_INVALID
20050,notelega.co.uk,ENOTFOUND
20053,surfeasy.mobi,ENOTFOUND
20056,food52.com,http_429
20062,host-vision.com,http_404
20064,bfldr.com,http_500
20066,aichouphaugn.com,http_204
20071,lmcdn.ru,ENOTFOUND
20072,vizvaz.com,ERR_SSL_WRONG_VERSION_NUMBER
20045,bybit.biz,DEPTH_ZERO_SELF_SIGNED_CERT
20074,clrt.ai,err
20076,llkkbbzz22.com,ENOTFOUND
20078,wcvb.com,http_451
20079,careem-internal.com,ENOTFOUND
20077,timeappmarketing.com,http_404
20083,epson.biz,ENOTFOUND
20081,unisa.edu.au,http_404
20088,framerstatic.com,ENOTFOUND
20087,rmg.co.uk,http_404
20090,norstatsurveys.com,http_200
20095,routeyou.com,http_403
20091,matsui.co.jp,http_403
20098,fzbox.tools,http_404
20096,uatsptcn1.com,http_403
20100,hepsiemlak.com,http_403
20105,adukwai.com,ENOTFOUND
20106,awsdns-25.org,ENOTFOUND
20107,rooster465.autos,ENOTFOUND
20108,nic.net.ng,ERR_TLS_CERT_ALTNAME_INVALID
20109,zyngapoker.com,http_403
20103,mpi.gov.vn,CERT_HAS_EXPIRED
20059,fwwgo.com,timeout
20113,movilnet.com.ve,ERR_SSL_UNSUPPORTED_PROTOCOL
20069,fssai.gov.in,timeout
20120,phoenixcontact.com,http_403
20119,aeoncinema.com,http_404
20130,wz.cz,CERT_HAS_EXPIRED
20131,super-pharm.co.il,http_247
20094,adaptiva.cloud,UND_ERR_SOCKET
20137,dodostatic.net,ENOTFOUND
20138,k-msedge.net,ENOTFOUND
20139,loyaltylion.net,ENOTFOUND
20142,nsaudience.pl,ECONNRESET
20144,ebay-us.com,ENOTFOUND
20148,channel.or.jp,ENOTFOUND
20149,eaglecdn.com,ENOTFOUND
20141,proderj.rj.gov.br,http_500
20146,csu.edu.au,http_403
20152,sageone.com,http_403
20155,insided.com,http_404
20159,rtbrain.app,ENOTFOUND
20160,eac-front.com,ENOTFOUND
20161,sssrvpn.pro,http_404
20133,zzux.com,ERR_SSL_WRONG_VERSION_NUMBER
20156,mopub.com,http_200
20164,ota-cloudfront.net,ENOTFOUND
20163,sulamericaseguros.com.br,ERR_SSL_SSL/TLS_ALERT_HANDSHAKE_FAILURE
20175,xxxviijmp.com,http_403
20177,sfn-am.ru,UNABLE_TO_VERIFY_LEAF_SIGNATURE
20181,stubhub.net,ENOTFOUND
20183,niemanlab.org,http_403
20186,2xstorage.com,http_403
20188,frequency.stream,ENOTFOUND
20196,datarize.io,ENOTFOUND
20200,g2g.com,http_403
20201,bacchiccupule.qpon,ENOTFOUND
20202,cainz.com,http_502
20204,bricomarche.com,http_403
20207,ovh.ca,ECONNREFUSED
20210,folkd.com,http_403
20212,misp.ru,ENOTFOUND
20217,tplinkra-ipc.com,ENOTFOUND
20218,intuit.ca,http_200
20203,ceair.com,http_404
20219,23andme.com,http_404
20222,iyf.tv,http_404
20220,clarityvoice.net,ERR_TLS_CERT_ALTNAME_INVALID
20225,toralarm.com,http_404
20229,bulgari.com,http_403
20230,slim02.jp,ENOTFOUND
20236,torzor.com,http_404
20237,hb9trx.net,ENOTFOUND
20240,weavephone.net,ENOTFOUND
20239,palmsbet.com,http_404
20242,uni-rostock.de,http_200
20244,americanwagering.com,ENOTFOUND
20247,allegiantair.com,http_403
20250,wco.tv,http_404
20256,imunify.com,http_200
20255,keibabook.co.jp,http_404
20260,desy.de,http_403
20263,canaryis.com,ENOTFOUND
20261,clasificadosonline.com,http_403
20266,globaldomaingroup.com,http_200
20272,mobilejump.mobi,http_404
20271,bankcomm.com,ERR_SSL_UNSAFE_LEGACY_RENEGOTIATION_DISABLED
20281,stape.net,http_200
20282,bx-dc-msedge.net,ENOTFOUND
20173,pami.org.ar,timeout
20285,pravda.sk,http_404
20284,presstv.ir,UNABLE_TO_GET_ISSUER_CERT_LOCALLY
20289,adxcorp.kr,http_404
20287,naukanet.ru,UNABLE_TO_VERIFY_LEAF_SIGNATURE
20294,wpushsdk.com,ENOTFOUND
20292,ircam.fr,http_200
20297,galottery.com,http_406
20300,uwi.edu,http_200
20304,bloomberga.com,ENOTFOUND
20305,dtdc.com,http_404
20306,bucoup.com,http_200
20307,beget.cloud,ENOTFOUND
20309,alightcreative.com,http_404
20269,glasoperator.nl,timeout
20310,awsdns-45.org,ENOTFOUND
20314,algolia.com,http_403
20317,forecastly.net,ENOTFOUND
20318,asuscloud.com,http_200
20278,gen4.ninja,timeout
20319,icfcdn.com,err
20323,dicelaboratory.com,ENOTFOUND
20322,awsdns-cn-14.com,ENOTFOUND
20329,sitnet.ru,ENOTFOUND
20298,newsvine.com,timeout
20330,moonshot.cn,http_200
20336,pilotglo.com,http_403
20337,intercontinental.com,http_403
20332,echoechoechonet.com,http_404
20303,perm.ru,ENETUNREACH
20343,auto24.ee,http_403
20316,attmex.mx,timeout
20347,d2-apps.net,http_404
20342,wyo.gov,http_404
20350,wand.com,http_404
20349,aifaceswap.io,http_404
20352,sph.com.sg,http_403
20359,awsdns-56.org,ENOTFOUND
20361,cliqtrq.com,ENOTFOUND
20360,privatehost.com,http_200
20366,bundesnetzagentur.de,http_200
20374,hiddnsservice.com,ENOTFOUND
20373,sociabuzz.com,http_403
20377,odin.com,ENOTFOUND
20380,simplesite.com,ERR_SSL_SSL/TLS_ALERT_HANDSHAKE_FAILURE
20345,aidating.am,timeout
20384,valmo.in,http_403
20326,fabrikant.ru,timeout
20390,antpeak.com,http_404
20395,easydns.net,http_404
20398,bw-networx.net,http_404
20399,flashget.com,http_404
20400,gtm-i1d9.com,ENOTFOUND
20401,novellive.app,http_403
20354,ttk.ru,timeout
20404,khou.com,http_200
20391,vimpelcom.ru,ENOTFOUND
20409,vntsm.com,ENOTFOUND
20392,eaqbr.com.br,ENOTFOUND
20413,fuzoku.jp,http_403
20418,rxinform.org,http_200
20427,awsdns-60.org,ENOTFOUND
20425,qiwa.sa,http_200
20429,globalsigndns.com,ENOTFOUND
20432,lahalle.com,http_403
20441,protonvpn.net,ENOTFOUND
20442,miamidade.gov,http_404
20446,bnpparibas.com,http_403
20447,tstaging.tools,ENOTFOUND
20443,geocities.co.jp,ENOTFOUND
20449,yespornpics.com,http_523
20451,qvc.it,http_418
20454,netpygrid.com,ENOTFOUND
20455,lorexservices.com,ENOTFOUND
20456,naver.me,http_404
20394,bizible.com,timeout
20452,ricoh.jp,http_200
20467,tronscanapi.com,ENOTFOUND
20423,queniubl.com,ENOTFOUND
20464,minglotalk.com,http_404
20470,adlooxtracking.ru,ENOTFOUND
20469,awsdns-38.org,ENOTFOUND
20472,sigmaparking.ru,http_404
20479,abnamro.nl,http_503
20486,wpbl.info,ERR_TLS_CERT_ALTNAME_INVALID
20488,wurl.dev,ENOTFOUND
20487,maksavit.ru,http_503
20491,c2dns.ru,ENOTFOUND
20490,vidmateapp.com,http_200
20497,adplsr.com,ENOTFOUND
20499,laccd.edu,http_403
20495,texaslottery.com,http_403
20496,cyol.com,http_404
20505,atauni.edu.tr,http_200
20502,zorvian.com,http_404
20506,leafletjs.com,http_404
20509,registrant.ru,ERR_TLS_CERT_ALTNAME_INVALID
20508,vevorstatic.com,http_403
20513,atom.io,http_200
20511,halowaypoint.com,http_200
20516,blogblog.com,http_404
20517,puc-rio.br,http_404
20445,dfat.gov.au,timeout
20520,rappi.com,http_200
20523,extole.io,http_204
20529,trycloudflare.com,http_404
20530,owletdata.com,ENOTFOUND
20537,qqcatalyst.com,ENOTFOUND
20539,moveworks.io,ENOTFOUND
20542,salesmanago.pl,http_404
20545,surveoo.com,http_200
20548,itu.edu.tr,http_404
20474,htudns.com,ENOTFOUND
20552,tmbid.com,ENOTFOUND
20550,gototraining.com,http_200
20554,agu.org,http_404
20555,toutiaoimg.com,ENOTFOUND
20557,adidas.com.br,http_403
20558,viabtc.io,ENOTFOUND
20556,myjcom.jp,http_404
20562,pixfuture.com,http_200
20566,3stripes.net,ENOTFOUND
20567,viefaucet.com,http_404
20568,uni-oldenburg.de,http_200
20571,agilebits.com,ENOTFOUND
20572,travis-ci.com,http_200
20574,vsnt.net,ENOTFOUND
20576,wcacloudapi.net,ENOTFOUND
20515,tin.it,timeout
20579,chez.com,ECONNREFUSED
20583,getamigo.io,ECONNREFUSED
20587,tmobile.com,http_403
20585,arba.gov.ar,http_404
20591,serverstack.com,http_200
20528,bmw.de,timeout
20595,medshop24h.top,ENOTFOUND
20593,duowanns.com,ENOTFOUND
20599,sc-corp.net,http_404
20597,hostnet.com.br,http_403
20598,secop.gov.co,http_404
20540,mvd.ru,timeout
20604,haystack.es,ENOTFOUND
20606,turbinemobile.com,ENOTFOUND
20610,awsdns-53.org,ENOTFOUND
20609,genetec.cloud,http_200
20613,eztvx.to,http_403
20612,belezanaweb.com.br,http_403
20618,hubspotusercontent-eu1.net,ENOTFOUND
20621,conrad.de,http_403
20623,gouv.qc.ca,ENOTFOUND
20622,jobsdb.com,http_404
20619,cdnhwcoph123.com,ENOTFOUND
20629,angrybirdsbigadventure.net,ENOTFOUND
20631,infowars.com,http_200
20632,sonera.fi,ENOTFOUND
20634,texiggoooysf.com,ECONNREFUSED
20640,3cloudhost.com,ENOTFOUND
20641,baginya.org,http_403
20639,ctc.ru,http_403
20636,vtex.com.br,http_404
20642,lytics.io,err
20649,4dex.tech,ENOTFOUND
20646,global.toyota,http_404
20647,ahamo.com,ERR_SSL_UNSAFE_LEGACY_RENEGOTIATION_DISABLED
20661,doubleclick.com,http_200
20657,thebalancesmb.com,ERR_TLS_CERT_ALTNAME_INVALID
20666,awsdns-cn-10.com,ENOTFOUND
20669,bpgslb.com,ENOTFOUND
20675,gsght.com,http_404
20676,cdnhwcvix16.com,ENOTFOUND
20684,datto.io,ENOTFOUND
20685,exp.host,http_404
20689,cock.li,http_404
20677,edgenuity.com,http_200
20692,domain-is-4-sale-at-domainmarket.com,ENOTFOUND
20687,vtal.net.br,ENOTFOUND
20697,8-lives-cat.io,http_200
20701,bannerhealth.com,http_403
20702,tochka.com,http_403
20705,advanceautoparts.com,http_403
20704,tdnsvod4.cn,ENOTFOUND
20707,corning.com,http_403
20708,tod.tv,http_200
20706,21cineplex.com,http_404
20698,apteka-aprel.ru,err
20713,personalstream.tv,ENOTFOUND
20714,dzdas.com,ENOTFOUND
20710,baishangeek.cn,ECONNREFUSED
20653,anm.co.uk,DEPTH_ZERO_SELF_SIGNED_CERT
20719,ouxyi.cash,ENOTFOUND
20715,mfa.gov.cn,http_200
20722,ttdns4.com,ENOTFOUND
20724,momentjs.com,http_404
20726,ezojs.com,http_404
20730,awsdns-55.org,ENOTFOUND
20731,sh-tencentclb.cloud,ENOTFOUND
20720,blueweb.co.kr,ERR_SSL_DH_KEY_TOO_SMALL
20732,godapply.com,ENOTFOUND
20735,azmk8s.io,ENOTFOUND
20734,fidal.it,http_404
20738,swip.net,ENOTFOUND
20739,datasteam.io,ENOTFOUND
20728,jianying.com,http_200
20742,storagejsstrategiesfabulous.com,http_403
20743,twojapogoda.pl,http_404
20744,cabnnr.com,ENOTFOUND
20745,technolutions.net,http_200
20749,matchmasters.com,http_403
20747,lytehosting.com,http_404
20751,dmtech.com,ENOTFOUND
20753,lgemp-prd.net,ENOTFOUND
20756,wosms.cn,ENOTFOUND
20759,awsdns-37.org,ENOTFOUND
20758,mizuho-sc.com,http_403
20762,bntrace.com,ENOTFOUND
20763,contabo.net,ERR_TLS_CERT_ALTNAME_INVALID
20764,rqdzine.com,http_404
20766,meteo.hr,http_404
20767,kwaionline.com,ENOTFOUND
20768,psynet.gg,ENOTFOUND
20769,adblockdns.com,http_404
20770,focusvision.com,http_200
20772,awsdns-23.org,ENOTFOUND
20774,unico.run,http_525
20775,kruidvat.nl,http_403
20750,udemycdn.com,timeout
20780,zangi.com,http_404
20782,redbackinternet.net,http_404
20783,prodns.de,ENOTFOUND
20781,vrisko.gr,http_403
20717,nios.ac.in,timeout
20787,identitydigital.services,ENOTFOUND
20788,btvnovinite.bg,http_403
20790,awsdns-39.org,ENOTFOUND
20727,anthem.com,timeout
20791,agenziaentrateriscossione.gov.it,http_403
20773,servebom.com,timeout
20797,novibet.gr,http_403
20794,lenzmx.com,http_404
20802,servefaststatic.work,ENOTFOUND
20805,byapps.net,ENOTFOUND
20798,dns.edu.cn,ECONNREFUSED
20809,cnnx.link,ENOTFOUND
20814,samsungenergydr.com,ENOTFOUND
20816,doxycare.shop,http_200
20813,fungames-forfree.com,http_200
20822,servidor.net.br,http_404
20825,light.gg,http_403
20826,betonline.ag,http_403
20824,ntelecom.ru,ENOTFOUND
20827,askdiandian.com,http_200
20828,voiparound.com,ECONNRESET
20834,ktalk.host,ENOTFOUND
20839,lpibex.com,http_404
20801,dns2.edu.cn,timeout
20842,invitro.ru,http_403
20840,toradex.com,http_403
20806,dns3.edu.cn,timeout
20812,adseedtech.com,timeout
20852,nwse.cloud,ENOTFOUND
20846,weixin.com,http_404
20853,hangikredi.com,http_403
20854,electronjs.org,http_404
20864,ita-airways.com,http_403
20866,pstmn.io,ENOTFOUND
20870,fide.com,http_404
20875,ruvps.pro,ENOTFOUND
20862,tangia.co,http_200
20878,pncloudfl.com,ENOTFOUND
20876,movistar.cl,http_200
20881,untd.com,http_404
20886,ecwcloud.com,ERR_TLS_CERT_ALTNAME_INVALID
20888,facio.com.br,http_404
20887,ncloudgtm.com,ENOTFOUND
20894,hilookview.com,ENOTFOUND
20889,asuswebstorage.com,http_200
20899,rocketnetwork.ru,ECONNREFUSED
20900,sc-prod.net,ENOTFOUND
20897,ucom.ne.jp,http_404
20901,forum24.ru,http_200
20905,borntobefuck.com,http_200
20908,rgstatic.net,http_403
20910,c2dns.net,ENOTFOUND
20912,8m.com,ENOTFOUND
20844,tigris.org,timeout
20850,ddns.me,timeout
20920,clickonometrics.pl,http_404
20921,sega.com,http_429
20860,expertcity.com,timeout
20922,bpost.cloud,ERR_TLS_CERT_ALTNAME_INVALID
20904,isnet.ru,timeout
20931,kaotic.com,http_200
20933,inside-graph.com,ENOTFOUND
20935,proxyhog.com,ENOTFOUND
20938,bablosoft.com,http_404
20936,farmaciasguadalajara.com,http_403
20941,earnbitmoon.club,http_403
20943,gstcpx.site,ENOTFOUND
20944,z9cdn.com,ENOTFOUND
20948,hohoj.tv,http_404
20946,huorong.cn,http_200
20951,dgt.gob.es,ENOTFOUND
20956,invencocloud.com,http_404
20959,artificialintelligenceact.eu,http_200
20924,moj.gov.tw,ENOTFOUND
20966,viidoos.com,ENOTFOUND
20967,ktcdn.co.kr,ENOTFOUND
20970,guardianapis.com,ENOTFOUND
20973,ludicrous.cloud,ENOTFOUND
20969,unlam.edu.ar,http_403
20976,hp10.us,ENOTFOUND
20909,mixh.jp,timeout
20983,c6consig.com.br,http_403
20984,teads-xo.com,ENOTFOUND
20981,huaweicloud-dns.org,ENOTFOUND
20985,awsdns-57.org,ENOTFOUND
20992,middlebury.edu,http_200
20996,v-tal.net.br,ENOTFOUND
20995,geforcenow.com,http_503
20919,utiitsl.com,timeout
21000,vercel-storage.com,ENOTFOUND
21002,dove.com,http_403
20998,nxp.net,http_200
20999,kyivstar.ua,UND_ERR_SOCKET
21005,ywxi.net,ENOTFOUND
20991,hubei.gov.cn,http_404
21003,iowl.jp,ENOTFOUND
21004,cch.com,http_403
21009,animalsexporntube.com,http_403
21014,dominiosecuador.ec,http_404
21011,truvidplayer.com,ERR_TLS_CERT_ALTNAME_INVALID
21019,twcstorage.ru,ENOTFOUND
21020,therealdeal.com,http_403
21021,vaicore.site,ENOTFOUND
21015,letv.com,http_404
21026,telekom.at,ERR_TLS_CERT_ALTNAME_INVALID
21031,ingaa.xyz,ENOTFOUND
21033,fhcdnmedia.online,ENOTFOUND
21034,awsdns-27.org,ENOTFOUND
21038,frcapi.com,ENOTFOUND
21045,glitch.me,http_410
21046,letsmessagenow.com,ENOTFOUND
21050,megamarket.ru,http_403
21049,techdns.kz,ENOTFOUND
21048,asic.gov.au,http_404
21057,awsdns-09.org,ENOTFOUND
21059,wtng.io,ENOTFOUND
21030,powl.io,timeout
21063,mozzartbet.co.ke,http_200
21053,tuyacn.com,ENOTFOUND
21068,pons.com,http_404
21070,getbee.io,ENOTFOUND
21071,logr-in.com,ENOTFOUND
21061,adeo.cloud,ENOTFOUND
21016,radiotime.com,timeout
21073,yotoplay.com,http_404
21072,neshanmap.ir,ENOTFOUND
21079,vertamedia.com,http_200
21077,maidonanews.jp,http_404
21082,fortra.com,http_403
21084,toranet.jp,http_503
21089,envatousercontent.com,ENOTFOUND
21091,5c10.org,ENOTFOUND
21094,emltrk.com,http_403
21098,qhmoka.com,http_404
21099,kissmetrics.com,http_403
21101,piaservers.net,ENOTFOUND
21102,angularjs.org,http_404
21051,joinindiannavy.gov.in,timeout
21055,ad-cdek.ru,timeout
21116,bytepluses.com,ENOTFOUND
21117,netnames.net,ECONNREFUSED
21114,digiseller.com,http_404
21123,arbiscan.io,http_200
21127,videobyte.com,http_403
21128,betsson.bet.ar,http_403
21133,k5a.io,ENOTFOUND
21100,syrahost.com,timeout
21135,kidswebservices.com,http_403
21134,centre.ru,ERR_SSL_DH_KEY_TOO_SMALL
21138,topsy.com,ENOTFOUND
21143,garmincdn.com,ENOTFOUND
21145,elif.news,http_403
21147,bytescm.com,ENOTFOUND
21124,outsystemsenterprise.com,http_200
21144,194964.com,http_200
21093,mosmetro.ru,timeout
21149,iij.jp,ECONNREFUSED
21152,biltema.se,http_403
21154,cleverpush.com,http_403
21155,washingtonian.com,http_403
21104,instiengage.com,timeout
21159,cpx-research.com,http_200
21162,madrid.es,http_403
21163,deap.tv,ENOTFOUND
21165,bol.io,ENOTFOUND
21168,wantfunny.net,ENOTFOUND
21150,ccdi.gov.cn,http_200
21173,tirerack.com,http_200
21176,ozlinedsp.com,ENOTFOUND
21179,whiskergalaxy.com,ENOTFOUND
21186,hbrd.io,http_404
21188,nimbuspop.com,http_404
21187,chuangcdn.com,ENOTFOUND
21190,immomo.com,http_200
21189,mantraonline.com,ENOTFOUND
21195,pubpowerplatform.io,ENOTFOUND
21197,vtuner.com,http_404
21199,shlib.life,ENOTFOUND
21208,bncloudfl.com,ENOTFOUND
21178,inflightinternet.com,http_403
21183,cantv.net,ENOTFOUND
21211,msvdn.net,ENOTFOUND
21212,genybet.fr,http_404
21216,dditsadn.com,ERR_SSL_WRONG_VERSION_NUMBER
21222,ahmybid.net,ENOTFOUND
21223,stripe-club.com,http_404
21157,elitedomains.com,timeout
21225,ttd.net,ENOTFOUND
21224,dsebd.org,UNABLE_TO_VERIFY_LEAF_SIGNATURE
21231,dw-world.de,ERR_TLS_CERT_ALTNAME_INVALID
21177,csccloud.in,timeout
21233,wildberries.by,http_498
21234,lunarclientprod.com,http_403
21210,infinityfleet.net,timeout
21240,wtservers.com,ERR_TLS_CERT_ALTNAME_INVALID
21239,osaka.lg.jp,ENOTFOUND
21245,avira-vpn.com,ENOTFOUND
21247,regmovies.com,http_403
21246,rabota.ru,http_403
21244,fnal.gov,http_403
21218,amazonlogistics.eu,http_200
21249,fathom.video,http_404
21251,bancobrasil.com.br,http_403
21248,getshop.tv,http_404
21258,awsdns-46.org,ENOTFOUND
21257,namesystem.se,ENOTFOUND
21260,cinepornogratis.com,http_403
21263,bialaerbeitoris.com,ENOTFOUND
21264,winbet.bg,http_403
21267,ncrsaas.com,ENOTFOUND
21269,plosone.org,http_200
21270,kei.pl,http_200
21272,aurasvc.io,ENOTFOUND
21275,docsity.com,http_403
21278,monetate-prod.zone,ENOTFOUND
21282,oo-t.com,http_404
21281,acessorias.com,http_403
21230,tepolmir.com,timeout
21283,wisepops.net,http_404
21290,jetbrains.cloud,http_200
21296,you-porn.com,http_403
21297,lapakgaming.com,http_403
21289,macour.jp,http_200
21299,livescore.co.kr,http_404
21306,php-fig.org,http_404
21317,nice-team.net,http_404
21316,aocde.com,CERT_HAS_EXPIRED
21320,meshare.com,http_200
21300,opifors.com,timeout
21266,100x100banco.com,timeout
21318,polycom.com,http_200
21325,osta.ee,http_403
21327,internexa.net,ENOTFOUND
21329,animalporn.tube,http_403
21330,vuukle.com,http_200
21332,trustpilot.net,ERR_TLS_CERT_ALTNAME_INVALID
21336,cdromance.org,http_403
21323,fresh8.co,ENOTFOUND
21333,haryana.gov.in,http_200
21342,healthcentral.com,http_403
21311,pj.gob.pe,timeout
21344,admost.com,http_200
21315,mywire.org,timeout
21347,farmaciatei.ro,http_200
21348,oriontelekom.com,http_200
21351,photo.net,http_403
21354,bradesconetempresa.b.br,ENOTFOUND
21355,automizely-analytics.com,http_404
21353,clarowifi.com.br,http_404
21361,timewall.io,http_403
21337,state.ny.us,ENOTFOUND
21362,privatesystems.net,http_404
21373,calstate.edu,http_403
21374,henan.gov.cn,http_403
21370,splus.ir,http_404
21379,bancofalabella.cl,http_403
21384,adkwai.com,ENOTFOUND
21387,imotech.tech,ENOTFOUND
21386,theworld.org,http_404
21394,take2games.com,http_404
21393,loomgames.com,http_404
21395,segmentfault.com,http_404
21396,uam.mx,http_403
21402,runative-syndicate.com,http_404
21400,messagingengine.com,http_200
21408,hites.com,http_403
21412,westelm.com,http_200
21382,gapixus.com,timeout
21410,zjol.com.cn,http_404
21416,wmcdp.io,ENOTFOUND
21392,prt.news,ENOTFOUND
21418,dansnoscoeurs.fr,http_403
21417,gashapon.jp,http_404
21422,myfonts.net,ENOTFOUND
21398,eisz.kz,ENOTFOUND
21428,anycast.me,ECONNRESET
21431,patreonusercontent.com,ENOTFOUND
21429,chatblink.com,http_403
21430,dox.pub,ENOTFOUND
21432,insurify.com,http_403
21426,safaricom.co.ke,http_403
21434,girlswithmuscle.com,http_404
21439,rabobank.com,http_403
21403,nai.com,timeout
21442,awsdns-43.org,ENOTFOUND
21444,seroundprince.com,ENOTFOUND
21447,glera.cloud,ENOTFOUND
21448,sfndns.com,ENOTFOUND
21453,xenial.com,http_403
21455,sibautomation.com,http_404
21463,efortuna.pl,http_403
21464,dutchie.com,http_403
21467,bitvavo.com,http_403
21465,um.edu.my,http_404
21476,hexagon-cdn.com,ENOTFOUND
21468,cardsmobile.ru,http_200
21479,tatuum.com,http_403
21478,kejaksaan.go.id,http_200
21452,hubblesite.org,http_200
21484,kts.fox,ENOTFOUND
21483,top100.ru,ECONNREFUSED
21482,lowlaglabs.io,http_404
21491,education.fr,CERT_HAS_EXPIRED
21496,bioone.org,http_200
21499,rs.ge,http_404
21502,shazamcloud.com,ENOTFOUND
21504,tjgo.jus.br,http_403
21508,yziyu02by.com,ENOTFOUND
21506,jurnal.id,http_200
21512,azure-dns.cn,ENOTFOUND
21514,frontsrv.com,ENOTFOUND
21513,komikcast.fit,ENOTFOUND
21474,videowalldirect.com,timeout
21517,twaren.net,http_403
21488,duke-energy.com,timeout
21519,els-cdn.com,ENOTFOUND
21522,ort-one-pingone.com,ENOTFOUND
21524,ngrok-free.dev,http_200
21516,tspolice.gov.in,timeout
21525,geniee.jp,ERR_TLS_CERT_ALTNAME_INVALID
21526,bta.net.cn,ENOTFOUND
21523,hsex.icu,timeout
21532,realvnc.com,http_403
21533,enrtx.com,http_404
21538,optima.video,ENOTFOUND
21540,sonymobile.com,http_403
21543,hbwrapper.com,http_404
21546,cotanet.com.br,CERT_HAS_EXPIRED
21552,mcd.com,ENOTFOUND
21551,totohost.com,http_200
21553,dloria.cc,ENOTFOUND
21555,awsdns-cn-47.biz,ENOTFOUND
21557,mypertamina.id,http_403
21559,caiway.nl,http_403
21560,trabajo.org,http_200
21561,xxxlumaxxx.com,ENOTFOUND
21564,arts.ac.uk,http_403
21563,bim.com.tr,http_404
21562,espacejeux.com,ERR_SSL_UNSAFE_LEGACY_RENEGOTIATION_DISABLED
21571,seadform.net,ENOTFOUND
21569,laanonima.com.ar,http_403
21570,canvaslms.com,http_404
21573,awsdns-35.org,ENOTFOUND
21574,callibri.ru,http_403
21577,nic.casino,ERR_TLS_CERT_ALTNAME_INVALID
21531,ui-portal.de,timeout
21582,insideclimatenews.org,http_403
21537,domains-hold.com,timeout
21587,corpnamesvcs.com,ENOTFOUND
21542,camera.it,timeout
21588,admhmao.ru,http_447
21589,infosys.com,http_403
21591,performaized.com,http_200
21593,emqxcloudpro.com,ENOTFOUND
21592,xpi.com.br,http_403
21594,dollphoin.site,ENOTFOUND
21590,bdt.com.ve,UNABLE_TO_VERIFY_LEAF_SIGNATURE
21598,frontier.com,http_403
21597,ekatox-ru.com,http_404
21600,alfastrah.ru,SELF_SIGNED_CERT_IN_CHAIN
21603,akisinn.info,ENOTFOUND
21607,un1.pro,ERR_SSL_TLSV1_UNRECOGNIZED_NAME
21608,livroreclamacoes.pt,http_200
21609,cdnhwczxh101.com,ENOTFOUND
21616,transfermarkt.com.br,http_200
21596,myfcloud.com,timeout
21619,manga-starz.net,http_403
21624,office365-net.us,ENOTFOUND
21625,myoas.net,ENOTFOUND
21576,infobox.ru,timeout
21602,qstheory.cn,http_404
21637,musicdream.club,ENOTFOUND
21636,espace-citoyens.net,http_200
21639,ui.direct,ENOTFOUND
21644,bd-caict.com,ENOTFOUND
21585,hi-ho.ne.jp,timeout
21646,logr-ingest.com,ENOTFOUND
21645,kmart.co.nz,http_403
21650,toobm8.com,ENOTFOUND
21652,otgpayidr.com,ENOTFOUND
21653,matheranalytics.com,ENOTFOUND
21648,uwn.com,http_200
21658,nodsvpnspace.com,ENOTFOUND
21659,lcwss.com,http_404
21661,awsdns-cn-53.com,ENOTFOUND
21664,nodexphere.net,ENOTFOUND
21660,hamusoku.com,http_404
21666,ahen.me,http_404
21663,logentries.com,http_200
21626,infra-moonactive.net,timeout
21675,dewrain.site,ENOTFOUND
21681,xxxviiijmp.com,http_403
21682,epizy.com,http_404
21680,quest.com,http_202
21683,erotikforum.at,http_403
21689,bkat.io,http_404
21693,adultswim.com,http_403
21701,bundlecdn.com,ENOTFOUND
21649,adxcel-ec2.com,ENOTFOUND
21710,maverickslink.com,http_404
21714,awsdns-14.org,ENOTFOUND
21711,lenteradana.co.id,http_200
21719,teespring.com,http_403
21717,carrstuv.com,http_404
21721,jacquieetmichel.net,http_403
21704,tesda.gov.ph,http_404
21724,sizzlejs.com,http_200
21730,iggapis.com,ENOTFOUND
21726,onzoom.com,http_200
21732,fattoincasadabenedetta.it,http_403
21733,prdredir.com,http_200
21736,anime3rb.com,http_403
21737,vsrv6.nl,ERR_TLS_CERT_ALTNAME_INVALID
21735,moyoung.com,http_404
21740,lutrija.hr,http_403
21744,taxsee.ru,http_404
21739,guardingvisionru.com,http_200
21753,yfrog.com,ERR_TLS_CERT_ALTNAME_INVALID
21748,gwn.cloud,http_200
21757,download1music.ir,http_200
21760,band.com.br,http_403
21763,stake-engine.com,http_200
21766,seseasky.com,ENOTFOUND
21767,storeboard.com,http_403
21771,bget.ru,http_200
21773,tradingview-widget.com,http_403
21774,cdns.cn,ENOTFOUND
21750,pocketnet.app,timeout
21778,ch-dns.net,http_404
21784,bilkent.edu.tr,http_404
21788,taboola-ocm.com,ENOTFOUND
21789,warkep.com,http_403
21790,digital.gov.eg,http_200
21743,skytouchhos.com,timeout
21752,firefox.com.cn,timeout
21798,humankinetics.com,http_200
21802,flyertalk.com,http_403
21805,bershka.com,http_403
21804,awsdns-cn-60.com,ENOTFOUND
21807,nebally.co.uk,ENOTFOUND
21770,kabu.co.jp,timeout
21808,railway.gov.tw,http_404
21815,dephub.go.id,ECONNREFUSED
21795,sc.gov.cn,ENOTFOUND
21817,pearsonprd.tech,ENOTFOUND
21819,zte.com.cn,http_403
21782,dynu.net,timeout
21826,ntesgsght.com,ENOTFOUND
21822,pointi.jp,http_200
21831,nodals.io,http_404
21828,6677g.com,http_404
21827,canva-apps.cn,http_521
21832,dotfashion.cn,ENOTFOUND
21841,joom.ru,http_429
21837,qpyou.cn,http_404
21836,cirion.live,ENOTFOUND
21839,islamibankbd.com,http_200
21849,timberland.com,http_403
21845,emergingthreats.net,http_200
21851,goat.com,http_403
21852,freshedge.net,ENOTFOUND
21854,teams-dc-msedge.net,ENOTFOUND
21853,in-addr-servers.arpa,ENOTFOUND
21859,789bingo.com,http_403
21857,dla.mil,http_403
21860,scielo.org.mx,http_404
21863,mecom.ru,ENOTFOUND
21867,bookbub.com,http_403
21869,nmgassets.com,ERR_TLS_CERT_ALTNAME_INVALID
21871,myitero.com,http_200
21874,360psg.com,http_403
21877,affiliations.tech,ENOTFOUND
21876,unigrande.edu.br,http_404
21875,wpmucdn.com,ECONNRESET
21879,mahabhumi.gov.in,http_404
21882,chamberofcommerce.com,http_403
21887,usersatisfy.net,ENOTFOUND
21884,realmemobile.com,http_404
21889,nuri.net,ENOTFOUND
21895,tsargrad.tv,ENOTFOUND
21858,meijer.com,http_200
21904,pomogite.co.uk,ENOTFOUND
21905,birdgesdk.com,ENOTFOUND
21909,iroh.link,ECONNREFUSED
21824,project4.pl,timeout
21908,nrc.gov,http_403
21868,passport.net,timeout
21906,keyx0.net,http_404
21914,akisinn.site,ENOTFOUND
21915,directmap.info,http_403
21917,ibo.org,http_403
21922,game-sdk.com,ENOTFOUND
21926,staticvaultcdn.xyz,ENOTFOUND
21928,wetteronline.at,http_202
21930,traveltowngame.net,http_200
21932,seondfresolver.com,http_200
21921,sensorsdata.com,http_200
21935,thekingtool.com,ENOTFOUND
21937,ln-dc-msedge.net,ENOTFOUND
21939,skyhookwireless.com,http_403
21934,praktiker.gr,http_200
21949,brainshare.pl,http_200
21941,nidw.gov.bd,UNABLE_TO_VERIFY_LEAF_SIGNATURE
21950,sklavenitis.gr,http_403
21946,marchespublics.gov.ma,http_200
21942,pbsg.com,ENOTFOUND
21958,osdkupdatenw.com,http_404
21953,gofastchat.com,ERR_TLS_CERT_ALTNAME_INVALID
21960,havegreatday.co.uk,ENOTFOUND
21956,santafe.gob.ar,http_404
21962,megabrain.co,http_404
21966,bet365.gr,http_403
21964,traffichaus.com,http_404
21969,sensornet.info,http_404
21967,awsdns-cn-55.com,ENOTFOUND
21970,ninogaming.com,http_403
21972,kepco.jp,http_403
21975,justpremium.com,http_500
21977,sdamgia.ru,http_404
21980,grcv.io,ENOTFOUND
21982,parcoursup.fr,http_403
21985,multiversity.click,ENOTFOUND
21988,e-dc-msedge.net,ENOTFOUND
21989,iteleserve.com,ENOTFOUND
21991,ns-webvalue.nl,ERR_TLS_CERT_ALTNAME_INVALID
21995,booksusi.com,http_403
21994,rcaap.pt,http_200
21954,mvdis.gov.tw,ENOTFOUND
21959,proxyrack.net,timeout
21998,biltema.no,http_403
22001,amazonlightsail.com,http_200
21999,pmaymis.gov.in,http_200
22005,shallspark.com,ENOTFOUND
22007,art-internal.com,ENOTFOUND
22008,vmsproxy.com,ENOTFOUND
22004,mof.go.jp,http_404
21923,hostlove.com,timeout
22003,ocnk.net,http_404
22013,shorebird.dev,http_200
22016,shockmedia.nl,http_403
22019,frebsite.nl,http_404
22018,pisofiph.com,http_403
22025,pop-os.org,http_404
22028,tjoy.jp,http_403
22029,rgs.ru,http_403
22032,passport.gov.ph,http_404
21992,wayport.net,timeout
22031,yourtrap.com,ERR_SSL_WRONG_VERSION_NUMBER
22035,telekom-dienste.de,http_200
22036,wcdelgtlgh.net,http_404
22037,webpushr.com,http_404
22038,keujxjzjan.net,http_404
22040,tklygbyaro.net,http_404
22042,micstatic.com,http_404
22048,vaicore.store,ENOTFOUND
22046,33win.com,http_403
22045,rnpdigital.com,UNABLE_TO_VERIFY_LEAF_SIGNATURE
22050,shiftdigitalapps.io,ENOTFOUND
22053,gvweokuwxz.net,http_404
22057,etam.com,http_403
22060,seed.net.tw,http_200
22066,cnt.my,ERR_TLS_CERT_ALTNAME_INVALID
22068,gqisiytrxf.net,http_404
22071,slt.bio,http_403
22072,cabtryfnht.net,http_404
22024,000webhostapp.com,timeout
22070,mos077.com,http_404
22075,disney-solitaire.app,ENOTFOUND
22030,zineone.com,timeout
22081,nyopivhcdn.net,http_404
22085,oaxzmnmojw.net,http_404
22088,chaussea.com,http_403
22069,puata.info,ENOTFOUND
22056,cb-24.ru,timeout
22100,servg1.net,http_404
22102,netexpert.ru,ERR_TLS_CERT_ALTNAME_INVALID
22105,xdyxxddfqd.net,http_404
22077,monterosa.cloud,timeout
22108,yptlpgsrmg.net,http_404
22104,intaspharma.com,http_200
22111,kfupjdslti.net,http_404
22114,playmelonpg.com,http_530
22110,tfogc.com,ENOTFOUND
22115,sucuridns.com,ERR_TLS_CERT_ALTNAME_INVALID
22113,ttpsdk.info,http_403
22107,topjobs.lk,http_200
22120,nornik.ru,ENOTFOUND
22124,ttlock.com,http_404
22123,63cj.com,http_404
22126,scholarships.gov.in,http_404
22131,vsrbiahvrc.net,http_404
22134,69.in-addr.arpa,ENOTFOUND
22079,mycingular.net,timeout
22137,admmofyivg.net,http_404
22142,iciazvpzsx.net,http_404
22099,ip-only.net,timeout
22144,42trck.com,http_404
22146,chanpin818.com,ENOTFOUND
22147,qsgjqtqtpc.net,http_404
22151,tippmixpro.hu,http_200
22140,voipdnsservers.com,timeout
22117,aisee.tv,timeout
22156,yfgymuipem.net,http_404
22158,yalla.live,http_403
22143,eutelia.it,timeout
22161,blockcypher.com,http_403
22152,vnnox.com,http_404
22160,sian.it,http_200
22163,onlyfanspacks.com,ENOTFOUND
22165,ratp.fr,http_403
22167,mediamathrdrt.com,http_200
22172,upcqntddtv.net,http_404
22176,kimiafarma.co.id,http_404
22132,massmutual.com,timeout
22181,keksik.me,http_403
22180,greekreporter.com,http_403
22184,zohomesh.com,ENOTFOUND
22183,internet.com,http_403
22182,wlink.com.np,ERR_TLS_CERT_ALTNAME_INVALID
22185,autoelevate.com,http_200
22188,ligamagic.com.br,http_403
22186,galaxyappstore.com,ECONNREFUSED
22193,omj432.com,ENOTFOUND
22196,solseed.cn,ENOTFOUND
22200,jogossantacasa.pt,http_404
22201,pixlee.com,http_200
22202,4in.co.kr,ERR_TLS_CERT_ALTNAME_INVALID
22205,secureexchange.net,ENOTFOUND
22207,opticalpos.com,ENOTFOUND
22208,c-wss.com,ENOTFOUND
22213,corpinter.de,ENOTFOUND
22214,oxax.tv,ERR_TLS_CERT_ALTNAME_INVALID
22198,patnahighcourt.gov.in,ECONNRESET
22216,tipness.co.jp,http_200
22173,telecentro.net.ar,timeout
22220,ph365.org,http_403
22223,mipn-solutions.net,ENOTFOUND
22228,paragonrels.com,ENOTFOUND
22229,secret-folder.ru,http_404
22230,weidian.com,http_200
22197,selfip.com,timeout
22199,samagra.gov.in,timeout
22238,inbet.com,http_200
22242,canalplustech.pro,ERR_SSL_TLSV1_UNRECOGNIZED_NAME
22235,tsheets.com,http_200
22245,ton.org,http_404
22249,msc.com,http_403
22251,bolead.com,ERR_TLS_CERT_ALTNAME_INVALID
22258,skycdp.com,ENOTFOUND
22261,ligapokemon.com.br,http_403
22255,gwadar.cn,ERR_TLS_CERT_ALTNAME_INVALID
22264,daioncdn.net,ENOTFOUND
22262,detik.net.id,http_404
22215,wanadoo.es,timeout
22271,usercontent.one,http_400
22217,mp4.ir,timeout
22270,kinghost.net,http_404
22269,snapp.taxi,http_404
22277,adpilot-rtb.net,ENOTFOUND
22282,mowell.tech,ENOTFOUND
22246,educacion.gob.ar,timeout
22285,hama.com,http_403
22286,olimpo.bet,http_280
22283,handycomic.jp,http_200
22296,zxcvbnml.com,ENOTFOUND
22294,uod.ac.in,http_404
22299,insead.edu,http_403
22298,bloglines.com,http_404
22303,nit.ro,ENOTFOUND
22305,emailverification.info,http_200
22308,iteldrive.com,ENOTFOUND
22310,midasplayer.com,ENOTFOUND
22311,brilliantcollector.com,ENOTFOUND
22307,kookdns.com,ERR_TLS_CERT_ALTNAME_INVALID
22315,brta.gov.bd,UNABLE_TO_VERIFY_LEAF_SIGNATURE
22320,pgoriginad.com,ENOTFOUND
22319,savethechildren.org,http_403
22323,saasexch.co,ENOTFOUND
22322,bhimagold.com,http_403
22324,nianticstatic.com,ECONNRESET
22328,logsanalytics.net,http_404
22325,volcengine-dns.com,ENOTFOUND
22278,dnsalias.com,timeout
22332,onelouder.com,ENOTFOUND
22337,passion-games.com,http_404
22338,cari.com.my,http_403
22289,bookmsg.com,timeout
22344,pub-tmaws.io,ENOTFOUND
22347,acc-de.com,ENOTFOUND
22343,cq.gov.cn,http_403
22351,22onlinegames.com,http_404
22356,siemens.cloud,ENOTFOUND
22362,awsdns-49.org,ENOTFOUND
22366,chobirich.com,ENOTFOUND
22365,nowcdn.co,ECONNREFUSED
22367,mcall.com,http_403
22371,rusuchka.top,ENOTFOUND
22372,nodegrimbird.top,ERR_TLS_CERT_ALTNAME_INVALID
22369,bmwi.de,http_404
22379,sfdcstatic.com,http_503
22381,awsdns-33.org,ENOTFOUND
22374,surveygizmo.com,http_404
22380,pandect.es,http_200
22384,fgirl.ch,http_403
22385,manomano.com,http_200
22387,cclfunhub.com,ENOTFOUND
22390,ruwiki.ru,http_403
22393,antibact.sbs,UNABLE_TO_GET_ISSUER_CERT_LOCALLY
22399,mcas-gov.us,http_200
22401,lgucdn.com,ENOTFOUND
22411,fatf-gafi.org,http_403
22407,qinglanbaseunicast.com,CERT_HAS_EXPIRED
22416,resjscdn.com,http_403
22421,inhousedsp.com,CERT_HAS_EXPIRED
22429,ladsp.jp,ENOTFOUND
22427,rtbanalytics.com,http_404
22433,fynor.com,ENOTFOUND
22431,sub.jp,ERR_TLS_CERT_ALTNAME_INVALID
22437,portaltv.tv,http_404
22440,wbhbhks5x3.xyz,http_404
22441,appsdevlab.com,http_404
22443,stripocdn.email,http_404
22446,seimanga.me,http_404
22417,cdnetdns.net,ENOTFOUND
22451,ema.md,ENOTFOUND
22455,static-swaven.com,ENOTFOUND
22458,safaricombusiness.co.ke,http_404
22460,drivemusic.me,http_403
22463,staticdj.com,ENOTFOUND
22464,awsdns-62.org,ENOTFOUND
22466,mayoclinichealthsystem.org,http_403
22465,jlccptt.net.cn,ENOTFOUND
22470,orb.ee,ENOTFOUND
22471,fff.fr,http_403
22409,sgisistemas.com.br,timeout
22474,cdn78.com,ENOTFOUND
22473,comune.roma.it,http_500
22478,udvash-unmesh.com,http_200
22425,mpez.co.in,timeout
22481,volcdns.com,ENOTFOUND
22482,jointraining.com,http_200
22490,play-cricket.com,http_200
22434,fcbayern.com,timeout
22498,cbsig.net,http_200
22484,glotorrents.pw,DEPTH_ZERO_SELF_SIGNED_CERT
22467,ddnsking.com,timeout
22486,eshot.gov.tr,timeout
22507,remirepo.net,ECONNREFUSED
22504,edeka.de,http_403
22509,adrise.io,ENOTFOUND
22511,zobj.net,ENOTFOUND
22508,utsa.edu,http_200
22515,statsigcdn.com,http_200
22502,corp.com.tw,http_404
22521,clickandboat.com,http_403
22519,domainesia.net,ECONNREFUSED
22527,isstarsbuilding.com,ENOTFOUND
22528,nitrocnct.com,ENOTFOUND
22526,transportgzm.pl,http_404
22516,kvs.gov.in,http_200
22538,goldengate.hu,http_404
22542,shinigami.to,http_200
22545,cursorapi.com,ENOTFOUND
22543,kariyerkapisi.gov.tr,http_404
22548,ecomsend.com,ENOTFOUND
22551,gopuff.tech,http_403
22554,tombola.it,http_451
22555,winner.rw,http_403
22517,astrum.top,err
22562,phone.com,http_403
22552,coopdeli.jp,http_200
22565,anser.ne.jp,ENOTFOUND
22572,guinfra.com,ENOTFOUND
22575,temp-site.link,ERR_TLS_CERT_ALTNAME_INVALID
22573,meganameservers.com,ERR_SSL_SSL/TLS_ALERT_HANDSHAKE_FAILURE
22550,sirsidynix.net,http_404
22556,virginmedia.net,ENOTFOUND
22579,adnz.co,http_404
22581,onelogin.com,http_202
22584,veloceed.com,ENOTFOUND
22567,xsph.ru,ENOTFOUND
22586,evaluationkit.com,http_200
22591,zohopublic.in,http_404
22590,care2.com,http_200
22589,fl.gov,ERR_TLS_CERT_ALTNAME_INVALID
22574,gaikai.com,timeout
22576,superenalotto.it,http_403
22602,ibet788.com,http_403
22601,comicbox.xyz,http_200
22603,qaxanyu.com,ENOTFOUND
22608,lunarclientcdn.com,http_403
22578,propagation.net,ECONNREFUSED
22610,hetangsmart.com,http_404
22616,goserver.host,CERT_HAS_EXPIRED
22619,weddingbee.com,http_403
22624,wgcdn.co,ENOTFOUND
22626,dnsvisa.com,ENOTFOUND
22631,sheincorp.cn,http_404
22641,37signals.com,http_404
22643,nbcuas.com,ENOTFOUND
22644,idmap.ai,http_404
22637,cbi.ir,http_200
22651,gotoda.co,ENOTFOUND
22652,covatic.io,ENOTFOUND
22604,singnet.com.sg,http_404
22653,tg777.cloud,http_403
22658,lunatoons.org,http_403
22660,uteq.edu.ec,http_404
22665,protoawegw.com,ERR_SSL_TLSV1_ALERT_INTERNAL_ERROR
22622,cf-ns.com,http_404
22668,ocmhood.com,ENOTFOUND
22669,meteofor.md,http_420
22671,agilemanifesto.org,http_404
22677,10gen.cc,ENOTFOUND
22680,nashobmen.com,http_404
22682,gafg.com,ECONNREFUSED
22646,dahuaddns.com,ENOTFOUND
22683,pmuls.com,http_404
22687,smct.io,ENOTFOUND
22688,ctctcdn.com,ENOTFOUND
22691,wy916.com,http_404
22686,uhabo.com,ERR_TLS_CERT_ALTNAME_INVALID
22692,timdovs.com,http_200
22696,pi-asp.de,http_503
22695,adsninja.ca,http_200
22693,imguol.com.br,http_404
22701,webnode.cz,http_404
22663,wallst.com,timeout
22704,hellay.net,ENOTFOUND
22703,shmff.gov.eg,CERT_HAS_EXPIRED
22706,awsdns-cn-50.cn,ENOTFOUND
22707,mtv.de,http_200
22705,zulipchat.com,http_404
22713,aaxads.com,ENOTFOUND
22714,movielinkbd.one,http_403
22722,myflixerfree.org,ENOTFOUND
22724,allapp.link,http_200
22655,weboc.gov.pk,timeout
22728,hivestreaming.com,http_200
22727,intermatico.com,http_200
22741,bol.com.br,http_404
22740,boreus.de,http_200
22750,eukns.com,http_404
22751,peaksite.tech,ENOTFOUND
22752,incontriamoci.xxx,http_403
22681,im30app.com,timeout
22757,shp.ee,http_404
22756,djerycom.ug,http_200
22761,dongchedi.com,http_200
22762,rusvideos.art,http_200
22700,solarcity.com,timeout
22767,pebblepilot.com,ENOTFOUND
22766,martted.com,http_200
22768,researchsurv.com,http_200
22770,miregistrocivil.gob.mx,UNABLE_TO_VERIFY_LEAF_SIGNATURE
22773,eacdn.com,ERR_TLS_CERT_ALTNAME_INVALID
22775,manghaha.com,http_403
22778,clairvoyance.cloud,ENOTFOUND
22777,adquiramexico.com.mx,http_200
22723,uhost.co.kr,timeout
22785,bwanet.ca,ENOTFOUND
22771,sysu.edu.cn,http_200
22791,enthdf.fr,http_404
22790,stkouyu.com,http_200
22801,yamaha-motor.eu,http_200
22804,sedecatastro.gob.es,http_404
22806,counter-strike.net,http_200
22755,myaisfibre.com,timeout
22815,polarcdn-pentos.com,http_403
22818,ziatogel90.com,http_403
22820,shipt.com,http_406
22822,attentivemail.com,ECONNRESET
22825,funix.nl,http_404
22829,fvds.ru,http_404
22832,bytedapm.com,ENOTFOUND
22830,piwigo.org,http_404
22797,n2p.com,ENOTFOUND
22838,webullfinance.com,ENOTFOUND
22843,kisskh.buzz,ENOTFOUND
22845,jun88999.com,http_200
22849,playgzone.ph,ENOTFOUND
22850,alkame7awx6p.com,ENOTFOUND
22848,lidlplus.com,http_200
22851,africabet.com,http_200
22856,doujin-lc.net,http_403
22782,post-survey.com,timeout
22866,celio.com,http_403
22862,gamefactory.jp,http_200
22869,tepco.co.jp,http_403
22868,suribet.sr,http_403
22880,shrmha.com,http_403
22881,ctrliq.cloud,ENOTFOUND
22807,classistatic.de,timeout
22886,purina.com,http_403
22890,dixa.io,ENOTFOUND
22877,lloydsbanking.com,ENOTFOUND
22894,boomio-cdn.com,ENOTFOUND
22887,ipmetradar.com.br,http_200
22896,snitch.com,http_404
22897,ods.com.mx,http_404
22904,islambook.com,http_200
22905,ztems.com,http_404
22907,genesisedu.net,ERR_TLS_CERT_ALTNAME_INVALID
22857,collegextra.com,timeout
22908,kare11.com,http_200
22910,queryly.com,http_404
22914,openwebtorrent.com,http_404
22916,cdn5th.com,ENOTFOUND
22917,awsdns-32.org,ENOTFOUND
22921,driftpixel.live,ENOTFOUND
22900,finder.co.kr,ENOTFOUND
22882,digitalgujarat.gov.in,timeout
22924,tpv-analytics.com,ENOTFOUND
22903,q.au,timeout
22929,1xlite-24510.bar,ENOTFOUND
22932,performfeeds.com,ENOTFOUND
22933,uciservice.com,http_503
22944,ligceucxhn.net,http_404
22946,netsons.net,CERT_HAS_EXPIRED
22947,audi.de,http_500
22942,minna.cc,UNABLE_TO_VERIFY_LEAF_SIGNATURE
22949,52z3vczxz1.com,http_404
22919,123c.vn,timeout
22955,xoki81qhmq.com,http_404
22961,kcra.com,http_451
22965,vimla.work,http_403
22978,coinall.ltd,ENOTFOUND
22989,newbalance.com,http_403
22934,bongdaso66.net,timeout
22992,zmero.com,http_404
22994,artfut.com,http_200
22996,cantamen.de,http_404
22940,tpcindia.com,timeout
22990,pkoplink.com,ERR_TLS_CERT_ALTNAME_INVALID
23001,brtb.jp,ENOTFOUND
23002,abbviedns.com,ENOTFOUND
23005,vermangasporno.com,http_403
23007,nxxhentai.net,http_403
23006,replit.app,http_404
23008,getflowbox.com,http_403
23012,pinayflix.ws,http_200
23016,igrsup.gov.in,http_404
22950,loterianacional.gob.mx,timeout
23027,seguridadvial.gob.ar,ENOTFOUND
23030,skokka.co.in,http_403
23034,blackwells.co.uk,http_403
23026,xjtu.edu.cn,http_404
23035,joinwebinar.com,http_200
23037,workorder.support,ENOTFOUND
23039,livesport.services,ENOTFOUND
23042,adidas.co.in,http_403
23041,dskdirect.bg,UND_ERR_SOCKET
23036,quicns.com,ERR_TLS_CERT_ALTNAME_INVALID
23049,dbs.cl,http_405
23050,poloptrex.com,http_404
23054,fortunazoar.com,http_403
23059,livemediahost.com,ENOTFOUND
23051,spat4.jp,http_404
23065,aeromexico.com,http_200
23057,samsungcloudcn.com,ENOTFOUND
23069,gamesgx.net,http_200
23074,ganamosnet.club,http_403
23077,jeetbuzz.cc,http_403
23080,veritonicmetrics.com,ENOTFOUND
23083,freemeteo.gr,http_403
23082,gg7770.com,http_404
23085,6tubsexer.com,ENOTFOUND
23079,matbao.vn,http_404
23086,anilife.live,ENOTFOUND
23090,epiccare.ie,http_403
23094,kingdeportes.com,http_403
23096,libertic.com,http_404
23092,imssbienestar.gob.mx,http_404
23099,nitacashhub.com,http_403
23105,tpservice.ai,ENOTFOUND
23103,ssotica.com.br,http_404
23107,unem.edu.ve,http_403
23111,crunchyrollsvc.com,ENOTFOUND
23108,wafid.com,http_404
23115,stardustgod.com,http_404
23110,lexis.com,http_200
23121,meetflo.com,http_404
23123,ipstatp.com,ENOTFOUND
23122,machteam.ro,http_403
23124,cjmpxylza.com,ENOTFOUND
23127,omgcloud.ru,ENOTFOUND
23129,swisscom.net,ENOTFOUND
23024,tiscali.co.uk,timeout
23133,tnstc.in,http_404
23136,cuckcapital.cr,ENOTFOUND
23138,yowestogel70.com,http_403
23134,cma.gov.cn,http_406
23141,ecukwai.com,ENOTFOUND
23143,saren.gob.ve,http_503
23147,finanze.it,http_403
23062,gonet-ads.com,timeout
23152,cga.gov.in,http_404
23155,totallyacdn.com,http_503
23131,qvcloud.net,timeout
23165,topbook.me,http_200
23167,cdnpure.com,http_404
23170,k7nx.in,ENOTFOUND
23172,delima.edu.my,http_200
23176,napaonline.com,http_403
23180,cushmanwakefield.com,http_403
23181,dialoguecorp.com,http_404
23184,nikshay.in,http_404
23177,xinhuaxmt.com,http_404
23183,detran.mg.gov.br,http_200
23187,ejalshakti.gov.in,http_404
23158,moatads.com,timeout
23189,777tv.ai,http_403
23186,thebalancecareers.com,ERR_TLS_CERT_ALTNAME_INVALID
23192,jjiikkll11.com,ENOTFOUND
23191,premierbetzone.co.ao,http_200
23190,rcell.me,http_404
23196,gobound.com,http_403
23197,awsdns-28.org,ENOTFOUND
23198,banglabet77.com,http_403
23128,mpedistrict.gov.in,timeout
23199,uiic.in,http_403
23201,haokan.mobi,http_200
23211,24028-net.jp,http_403
23212,planetofhotels.com,http_403
23209,une.edu.au,http_403
23173,extranjeria.gob.cl,timeout
23217,keiba-lv-st.jp,http_404
23214,sicofi.com.mx,http_200
23218,azar247.com,http_403
23224,alienvault.cloud,ENOTFOUND
23223,swoogo.com,http_404
23213,tongji.edu.cn,http_404
23229,apartmentguide.com,http_429
23226,aparatsport.ir,http_404
23221,bnonline.fi.cr,http_200
23233,psts.info,ECONNREFUSED
23235,bk.com,http_200
23234,poizon.com,http_200
23240,knotch-cdn.com,http_403
23244,jjlxoi.cn,ENOTFOUND
23251,instabridge.com,http_200
23258,smar.cloud,ENOTFOUND
23259,ubixioe.com,ENOTFOUND
23202,ftd.agency,timeout
23236,codinghorror.com,timeout
23265,kwaizt.com,http_200
23266,ayush.gov.in,http_404
23225,foisonad.com,timeout
23272,ibytedapm.com,ENOTFOUND
23278,rajsharmastories.com,http_403
23280,99exch.com,http_404
23282,waas-online.net,ENOTFOUND
23285,hyperwallet.com,http_404
23291,contextualadv.com,http_200
23255,hpplay.cn,timeout
23293,ddal.xyz,http_403
23257,cg.nic.in,timeout
23296,vkproxy.com,ENOTFOUND
23260,myhpgas.in,timeout
23301,sinema2.top,CERT_HAS_EXPIRED
23261,gazprom.ru,timeout
23299,servereps.com,http_404
23305,sunnyportal.com,http_404
23308,go-esim.com,ENOTFOUND
23310,gotomeet.me,http_200
23316,cdek.shopping,http_503
23287,arsip.go.id,timeout
23325,omikuji-do.com,http_200
23292,itch.zone,timeout
23331,mcsh.io,CERT_HAS_EXPIRED
23341,farfetch-contents.com,ENOTFOUND
23343,ip-ptr.tech,ENOTFOUND
23300,shaanxi.gov.cn,ENOTFOUND
23349,asean.org,http_200
23351,pirat.one,http_403
23345,orst.edu,http_404
23355,nationalbroadband.pk,http_403
23354,gateio.ws,http_404
23359,awsdns-13.org,ENOTFOUND
23360,fw-cdn.com,http_403
23364,azarlatino.com.py,http_403
23365,baji222.com,http_403
23366,eapayapi.com,http_404
23369,grab-bat.net,ENOTFOUND
23367,gazo-chat.net,http_404
23337,kh.edu.tw,ENOTFOUND
23376,nettruyen.gg,http_403
23379,sports.bet.ar,http_403
23378,pathaointernal.com,http_403
23387,nnm-club.cc,CERT_HAS_EXPIRED
23334,tmdcloud.com,timeout
23392,showfalle.online,ENOTFOUND
23339,myvnc.com,timeout
23395,defra.gov.uk,ERR_TLS_CERT_ALTNAME_INVALID
23398,diginpat.com,http_200
23368,gestionsecretariasdeeducacion.gov.co,ENOTFOUND
23400,ycharts.com,http_405
23402,img-static.tech,ENOTFOUND
23404,dramaboxvideo.com,ENOTFOUND
23408,godkc.com,http_403
23411,sparkpost.com,http_200
23410,youboost.app,http_200
23409,0kkkkkt.com,ENOTFOUND
23412,archiproducts.com,http_202
23415,microcenter.com,http_403
23414,classicistranieri.com,http_429
23417,linkkf.tv,http_403
23420,apmdns.com,ENOTFOUND
23423,examens-concours.gouv.fr,ENOTFOUND
23424,smartsuppchat.com,http_404
23425,veloxupai.com,ENOTFOUND
23426,atlaspay.online,http_200
23432,fleraprt.com,http_204
23433,gbanker.finance,ECONNREFUSED
23439,playpokiesfree.com,http_404
23441,glaad.org,http_403
23442,hak.hr,http_404
23446,akadns6.net,ENOTFOUND
23377,ngengesport.cd,timeout
23453,evony.com,http_404
23454,ikyu.com,http_403
23458,deliv12.com,http_200
23455,arorua.net,ENOTFOUND
23386,100ycdn.com,timeout
23464,hjwd685.net,ENOTFOUND
23462,esecured.net,ERR_TLS_CERT_ALTNAME_INVALID
23466,xn--24-8qizc4j8c.net,http_200
23443,casecorp.com,timeout
23472,streamguys1.com,ERR_TLS_CERT_ALTNAME_INVALID
23473,ori.nic.in,ENOTFOUND
23475,act.gov.au,http_403
23435,tsc.go.ke,timeout
23470,tld.sy,timeout
23483,synologydownload.com,ENOTFOUND
23482,rmishe.com,http_403
23485,bizmoto-pay.com,ENOTFOUND
23488,temucdn.com,ENOTFOUND
23487,eventscloud.com,http_200
23490,shrkar.com,ENOTFOUND
23491,commufa.jp,http_403
23463,sei.rj.gov.br,timeout
23495,tplinkdns.com,ENOTFOUND
23499,videogameschronicle.com,http_403
23469,pinkbike.org,timeout
23501,stormshieldcs.eu,ENOTFOUND
23500,4store.com,http_404
23471,mca.gov.cn,timeout
23507,aritzia.com,http_403
23506,chathourmobile.com,ECONNREFUSED
23508,vodafone.net.tr,http_200
23509,vzolab.com,CERT_HAS_EXPIRED
23512,rockfin.com,ENOTFOUND
23513,uzum.uz,http_403
23520,agilecdn.cc,ENOTFOUND
23523,app.delivery,ENOTFOUND
23524,pknic.pk,ENOTFOUND
23525,zenkube.com,ENOTFOUND
23521,igotgames.net,http_404
23528,eazypaytech.net,ENOTFOUND
23529,rhinoyy.net,ENOTFOUND
23531,it168.com,http_200
23532,pazucloud.com,ENOTFOUND
23535,uidsync.net,http_404
23476,axsguard.net,timeout
23540,kaizoku-jolly.com,ENOTFOUND
23541,swaypp.net,ENOTFOUND
23542,unir.net,http_403
23537,browseit.info.bd,http_404
23547,wandzcdn.com,ENOTFOUND
23546,getpaint.net,http_404
23549,t817smgn6zs.ru,ERR_TLS_CERT_ALTNAME_INVALID
23544,macomnet.net,ECONNREFUSED
23554,box-ns.com,ENOTFOUND
23556,nic.group,ERR_TLS_CERT_ALTNAME_INVALID
23562,tanahkuat.com,http_403
23568,tukxx.net,ENOTFOUND
23567,amoad.com,http_403
23570,movxx.net,ENOTFOUND
23572,awsdns-11.org,ENOTFOUND
23565,nsfc.gov.cn,http_404
23573,jm101.com,http_404
23575,eiscprts.com,http_403
23576,freecycle.org,http_404
23578,khata.pe,http_404
23581,workdaysuvsite.com,ENOTFOUND
23538,smartspb.net,timeout
23579,chrysler.com,http_403
23583,zcache.com,ENOTFOUND
23584,pdfreaderfreeview.com,http_404
23587,99pay.biz,ENOTFOUND
23588,a2t.art,http_403
23592,ardvecomhub.com,http_404
23593,atrc.jp,ERR_TLS_CERT_ALTNAME_INVALID
23595,avixo.co,http_404
23598,buzafood.com,ENOTFOUND
23519,ppo.gov.eg,timeout
23597,bpc.co.in,ENOTFOUND
23585,1988rich.net,http_403
23601,demande-logement-social.gouv.fr,http_200
23600,cyberpolice.nic.in,http_200
23603,divineva.com,http_200
23604,drewpx.xyz,http_403
23607,eway.in.ua,http_403
23608,fairdeal.club,http_404
23605,e-docs.es.gov.br,http_200
23580,easeslb.com,ENOTFOUND
23611,funrep.pro,http_200
23617,ibus.cl,http_404
23602,digitalamhara.et,UNABLE_TO_VERIFY_LEAF_SIGNATURE
23621,laser247.pro,http_404
23619,ircep.gov.in,http_200
23624,lovetrans.com,http_200
23631,nepalcanmove.com,http_404
23635,pddrc.in,http_404
23638,qutu.az,http_403
23636,pilio.idv.tw,http_404
23641,roinet.in,http_404
23645,scroll-fan.com,http_404
23590,aadl.dz,timeout
23651,sumurduit.com,http_403
23659,utamabeton888.com,http_403
23660,vpko7t.com,ENOTFOUND
23661,watchmovierulz.kim,http_200
23663,winbuzz.tech,http_404
23632,niconline.co.in,timeout
23665,wtp.waw.pl,http_403
23664,wow88myapp.com,http_403
23666,zerocha.jp,http_404
23648,sei.mg.gov.br,http_200
23679,reedelsevier.com,ECONNREFUSED
23682,unitn.it,http_403
23683,pagesense.io,ENOTFOUND
23674,shisu.edu.cn,http_404
23686,foxplus.com,ENOTFOUND
23692,skywayplatform.com,http_404
23684,yjtag.jp,http_403
23658,tvroom.me,ENETUNREACH
23695,seedonk.com,http_404
23634,odishaminerals.gov.in,timeout
23701,monetka.ru,http_403
23705,gree.com,http_404
23707,upm.edu.my,http_500
23710,gather.town,http_200
23712,mnaspm.com,http_403
23709,xfyun.cn,http_404
23715,elbotola.com,http_404
23714,joingotomeeting.com,ECONNREFUSED
23716,flatuslifir.is,http_200
23718,grsm.io,http_404
23717,id6.me,http_404
23719,waldenu.edu,UND_ERR_HEADERS_OVERFLOW
23697,cloudfront.cn,ENOTFOUND
23720,bitshelter.com,ERR_TLS_CERT_ALTNAME_INVALID
23722,fco.gov.uk,ERR_TLS_CERT_ALTNAME_INVALID
23724,2022welcome.com,http_503
23723,sav.com,http_404
23728,adsp.io,ENOTFOUND
23733,nhsinform.scot,http_403
23735,cloudwindow-route.com,http_200
23736,contentabc.com,ENOTFOUND
23734,dler.com,http_200
23681,waitrose.com,timeout
23738,stengahaiger.qpon,ENOTFOUND
23740,yourkwoffice.com,http_403
23739,certsbridge.com,ENOTFOUND
23742,atmel.com,ENOTFOUND
23741,pet-home.jp,http_403
23750,teol.net,ENOTFOUND
23753,latam.com,http_403
23755,comlaude-dns.com,ERR_SSL_TLSV1_ALERT_INTERNAL_ERROR
23760,trendhunter.com,http_403
23694,dioezesennetz.de,timeout
23696,autodesk360.com,timeout
23768,sigmob.cn,ENOTFOUND
23771,dqx.jp,http_404
23777,ubuy.co.in,http_404
23770,metacore.net,http_200
23780,timetreeapp.com,http_404
23782,myappsget.com,ENOTFOUND
23784,happystove.com,ECONNREFUSED
23787,sbcloud.us,ENOTFOUND
23789,vunesp.com.br,http_403
23746,service.edu.cn,ENOTFOUND
23790,onclckinp.com,http_404
23794,gofruits.co,ENOTFOUND
23796,ui-portal.com,ENOTFOUND
23791,vumc.org,http_404
23795,vwr.com,http_403
23803,platform24.tv,http_403
23801,on.net,ERR_TLS_CERT_ALTNAME_INVALID
23788,v2z.ru,ERR_SSL_WRONG_VERSION_NUMBER
23807,ivymobile.com,http_404
23805,bb.org.bd,http_200
23809,a8r.games,ENOTFOUND
23812,tailtarget.com,http_403
23813,utppublishing.com,http_403
23808,hexin.cn,http_200
23817,wowpic1.store,ENOTFOUND
23773,serverhostgroup.com,timeout
23818,onlineaccess1.com,ENOTFOUND
23775,inter.net.il,timeout
23804,esit.info,timeout
23821,lifeomic.com,ERR_SSL_TLSV1_ALERT_INTERNAL_ERROR
23823,picdn.vip,http_404
23824,regrucolo.ru,ENOTFOUND
23826,sputniknews.ru,ENOTFOUND
23827,donlgx.net,ENOTFOUND
23828,morozov.page,http_404
23829,scipy.org,http_404
23825,kodansha.co.jp,http_404
23835,showjet.ru,UNABLE_TO_VERIFY_LEAF_SIGNATURE
23839,citylab.com,http_403
23846,pilotonline.com,http_403
23848,amenworld.com,http_404
23849,multi-rpc.com,http_522
23853,onetrust.eu,http_403
23851,hekko.net.pl,http_200
23855,easygoosutilitytol.com,ENOTFOUND
23854,agnss.goog,http_404
23856,upsstoreprintshop.com,http_404
23858,tiktok-row.org,ENOTFOUND
23861,desty.page,http_403
23862,sizebay.technology,ENOTFOUND
23864,sstatic.net,http_404
23866,voip.ms,http_403
23865,evodevicemanager.com,http_404
23869,eetapps.com,http_404
23806,ligastavok.tech,timeout
23871,gname.net,http_404
23842,a.au,timeout
23878,xxxz.tv,http_404
23879,adbro.me,http_404
23877,watchcomm.net,UNABLE_TO_VERIFY_LEAF_SIGNATURE
23882,zipoapps.com,http_404
23881,avgbrowser.com,http_200
23884,emqxcloud.com,ENOTFOUND
23886,epinfraservices.com,ENOTFOUND
23832,datapipe.net,timeout
23887,appmate.io,http_200
23891,mlsend.com,http_200
23889,mediatoday.ru,http_200
23892,opayweb.com,http_200
23898,amzn.asia,http_404
23857,pub-ns.me,timeout
23905,wannafind.dk,http_404
23901,saix.net,ECONNREFUSED
23910,sddan.com,http_200
23911,telenet-ops.be,ENOTFOUND
23912,sky.net,ENOTFOUND
23909,gaohuasecurities.cn,ENOTFOUND
23917,mtrxnet.click,ENOTFOUND
23918,bytevcloud.com,ENOTFOUND
23921,doodcdn.io,ENOTFOUND
23922,sparkle0.com,ENOTFOUND
23897,u-psud.fr,timeout
23923,bifit.com,http_404
23929,awsdns-52.org,ENOTFOUND
23928,verde-casino-spielen.com,http_404
23931,obiwankenode.com,ENOTFOUND
23935,balbums.st,http_404
23934,philippineairlines.com,http_200
23907,t.au,timeout
23938,beizi.biz,ERR_TLS_CERT_ALTNAME_INVALID
23942,bytegoofy.com,ENOTFOUND
23941,nic.bid,ERR_TLS_CERT_ALTNAME_INVALID
23945,fflivegame.com,http_404
23944,csdnimg.cn,http_404
23943,centurylink.com,UNABLE_TO_VERIFY_LEAF_SIGNATURE
23949,mandiri.ink,ENOTFOUND
23950,16.in-addr.arpa,ENOTFOUND
23952,sg-light-edge.com,ENOTFOUND
23951,janzhoutec.com,http_404
23953,digikeyassets.com,ERR_TLS_CERT_ALTNAME_INVALID
23954,alfred-iot.com,http_404
23900,163data.com.cn,timeout
23967,iiko-systems.com,ENOTFOUND
23969,usitc.gov,http_403
23972,slevomat.cz,http_403
23968,l3net.works,ENOTFOUND
23971,privilegemovies.com,http_503
23974,crmared.com,http_200
23980,unido.org,http_403
23981,algorecs.com,http_404
23979,mcnc.org,http_403
23983,narkive.com,http_503
23982,fujian.gov.cn,http_404
23986,zer0day.to,http_404
23990,sunexpress.com,http_403
23985,xmu.edu.cn,http_404
23992,yunxish.com,ECONNREFUSED
23996,gotoassist.at,ECONNREFUSED
23947,v0cdn.net,timeout
23997,trx-hub.com,http_403
24001,fips.ru,http_403
23999,crestron.com,http_200
24003,internalfb.com,http_200
24008,mbdippex.com,http_404
24006,buckeyecom.net,ENOTFOUND
24004,intoday.in,http_200
24010,tfgco.com,ENOTFOUND
24013,j2inter.com,ENOTFOUND
24014,777.porn,ENOTFOUND
24018,telepac.pt,ECONNREFUSED
24016,mobicontrolcloud.com,http_202
24023,jellyfin.org,http_404
24030,uni2play.com,ENOTFOUND
24027,beak.host,http_200
24031,ddnss.org,ERR_TLS_CERT_ALTNAME_INVALID
24033,mining.com,http_403
24034,awsdns-44.org,ENOTFOUND
23993,ptcl.net.pk,ENOTFOUND
24032,avrotros.nl,http_404
24036,unocha.org,http_406
24038,awsdns-06.org,ENOTFOUND
24037,domainkunden.de,ENOTFOUND
24040,twi1.me,http_404
24042,uecdn.es,ENOTFOUND
24043,bytecdn.com,ENOTFOUND
23975,mailpulse.best,timeout
24045,boats.com,http_404
24047,shoonyacloud.com,ENOTFOUND
24048,pinup3559.com,ENOTFOUND
24049,ukg.com,http_403
24051,bigcontent-ef387d.io,ENOTFOUND
24028,adt.com,http_403
24052,otclick-adv.ru,http_404
24035,broadcloudpbx.net,ENOTFOUND
24060,d2c.ne.jp,ENOTFOUND
24064,coupertsh.com,http_403
24065,mirtv.ru,http_403
24012,jet2.com,timeout
24072,sutterhealth.org,http_429
24074,togothermany.com,ENOTFOUND
24073,europeanparslogokick.com,http_403
24076,xydiamonddbexpert.com,http_403
24054,monetizemyapp.net,timeout
24082,bjtelecom.net,ENOTFOUND
24057,unileversolutions.com,timeout
24084,fsdatacentre.com,DEPTH_ZERO_SELF_SIGNED_CERT
24085,crisisgroup.org,http_403
24039,ximxxd.top,timeout
24098,kinedns.net,ENOTFOUND
24101,atmailcloud.com,ENOTFOUND
24102,isprog.com,ENOTFOUND
24106,anses.fr,http_200
24108,characterai.io,http_404
24109,cos.com,http_403
24112,domaindiscount24.net,ERR_TLS_CERT_ALTNAME_INVALID
24115,gianteagle.com,http_403
24100,hpgamestream.com,http_404
24118,unimib.it,http_403
24119,bytemastatic.com,ENOTFOUND
24104,worldline-solutions.com,timeout
24121,nominet.uk,http_403
24070,poxo.com,timeout
24124,shtranssion.com,http_403
24120,dnsmisitio.net,ERR_TLS_CERT_ALTNAME_INVALID
24125,usrfiles.com,http_403
24077,rcwilley.com,timeout
24130,oleads.com,ERR_TLS_CERT_ALTNAME_INVALID
24132,lycos.fr,ENOTFOUND
24129,iij.ad.jp,http_404
24136,interros.ru,UNABLE_TO_VERIFY_LEAF_SIGNATURE
24138,refinitiv.net,ENOTFOUND
24135,11alive.com,http_200
24143,dynv6.net,ENOTFOUND
24144,lpages.co,http_200
24147,animoto.com,http_403
24145,absrivers.com,http_404
24151,eagle-insight.com,ENOTFOUND
24154,edgeonedy1.com,ENOTFOUND
24156,autoscout24.net,ENOTFOUND
24159,ngquotit.com,ENOTFOUND
24160,world-nuclear.org,http_404
24161,adobepass.com,ENOTFOUND
24105,dimenoc.com,timeout
24164,zns-53.com,ENOTFOUND
24165,speedws.info,ENOTFOUND
24171,dahhxxttxs.com,ENOTFOUND
24173,farfetch.net,ENOTFOUND
24183,hosted.app,ENOTFOUND
24150,r.au,timeout
24184,marlboro.com,http_403
24155,s.au,timeout
24189,enacdn.info,ENOTFOUND
24196,volceapplog.com,ENOTFOUND
24198,adzuna.com,http_405
24200,affinitymatrix.com,ENOTFOUND
24201,cpuid.com,http_404
24194,myapp.com,http_200
24202,awsdns-cn-59.cn,ENOTFOUND
24205,mwbsys-prod.com,ENOTFOUND
24166,bjmxy.net,http_403
24209,u2uyu876x.com,ENOTFOUND
24211,transfermarkt.technology,err
24214,kkoper.cc,ENOTFOUND
24215,eckwai.com,ENOTFOUND
24217,feishewang.cn,ENOTFOUND
24216,sparklight.net,http_429
24219,openspeech.cn,http_404
24225,kcrw.com,http_429
24226,sftcdn.net,http_500
24227,sidn.nl,http_473
24224,moonfruit.com,http_200
24228,belgacom.be,CERT_HAS_EXPIRED
24234,dataliberation.org,http_200
24233,okx-httpdns.com,http_403
24236,invisionapp.com,http_200
24222,4everdns.com,ENOTFOUND
24238,veevavault.com,http_200
24239,pri.org,http_404
24244,coingraph-update.com,http_404
24246,privat24.ua,http_200
24247,whiteboxdigital.ru,http_404
24243,rrbapply.gov.in,http_404
24248,cloudflareresolve.com,ENOTFOUND
24250,shadowserver.io,ENOTFOUND
24259,yokohama.lg.jp,ENOTFOUND
24261,pubgameshowtime.com,ENOTFOUND
24263,visually-io.com,ENOTFOUND
24267,hip-hosting.ovh,ERR_TLS_CERT_ALTNAME_INVALID
24268,awsdns-42.org,ENOTFOUND
24269,litatom.com,http_404
24274,papajohns.com,http_200
24273,gmc.com,http_403
24190,pnu.ac.ir,timeout
24281,jdbcdn.net,ENOTFOUND
24282,atsptp.com,http_404
24283,information.com,http_403
24256,mktoutil.com,timeout
24290,alohaenterprise.com,http_404
24291,ftvlist.com,ENOTFOUND
24294,nawpush.com,ENOTFOUND
24292,n-kishou.co.jp,http_404
24296,public-trust.com,ENOTFOUND
24298,dknadmin.be,ENOTFOUND
24295,vtbbo.ru,UNABLE_TO_VERIFY_LEAF_SIGNATURE
24275,megamarket.tech,timeout
24299,albertsons.com,http_403
24301,dailyforecast.net,http_404
24305,bereal.network,ENOTFOUND
24304,di-net.ru,ERR_TLS_CERT_ALTNAME_INVALID
24307,ubjcjoab04jl.cc,http_404
24311,trademarkia.com,http_403
24315,pn.vg,http_403
24314,deliveryhero.io,http_200
24316,ydycdn.com,ERR_TLS_CERT_ALTNAME_INVALID
24324,sslsecuretrust.com,ENOTFOUND
24327,rc-backup.com,ENOTFOUND
24328,ipt.pw,http_404
24271,rosreestr.ru,timeout
24330,univ-nantes.fr,http_403
24326,sbysat.com,CERT_HAS_EXPIRED
24336,tcdb.com,http_403
24278,xterraclubrd.com,timeout
24343,awsdns-07.org,ENOTFOUND
24344,hscoscdn40.net,ENOTFOUND
24345,macports.org,http_404
24348,filthyhero.com,http_200
24351,tld.ma,ENOTFOUND
24350,cox.com,http_200
24353,huangye88.com,http_403
24355,me-talk.ru,http_200
24354,awsdns-cn-44.net,ENOTFOUND
24297,rb24.ir,timeout
24358,awsdns-24.org,ENOTFOUND
24333,racklabs.com,timeout
24334,ksmobile.net,timeout
24360,globoi.com,ENOTFOUND
24367,moontontech.com,ENOTFOUND
24368,hoztnode.net,ENOTFOUND
24346,go2yd.com,timeout
24373,bbystatic.com,ENOTFOUND
24378,gadgets360.com,http_403
24377,72dns.com,http_404
24381,s73cloud.com,ENOTFOUND
24382,thscprts.com,http_403
24387,slack-redir.net,ENOTFOUND
24388,website-editor.net,http_200
24391,yuewen.com,http_200
24394,pwnedpasswords.com,ENOTFOUND
24395,catsnetwork.ru,http_200
24396,ecu.edu,http_403
24399,brightspot.cloud,ENOTFOUND
24386,socgen.com,timeout
24401,trialhd.com,ENOTFOUND
24389,openintegration.inc,timeout
24403,drive.com.au,http_403
24393,cpatrk.net,ENOTFOUND
24405,telesp.net.br,ENOTFOUND
24361,yanao.ru,timeout
24364,bytedance.net,timeout
24415,khabarpu.com,ENOTFOUND
24417,nd-api.com,ENOTFOUND
24414,suddenlink.net,CERT_HAS_EXPIRED
24424,siriusxm.ca,http_403
24422,chromeexperiments.com,http_404
24426,pof.com,http_200
24430,bibledns.com,ENOTFOUND
24432,yindantechhk.com,http_404
24433,claydar.com,ENOTFOUND
24434,msg-csw-lenovo.com,ERR_SSL_SSL/TLS_ALERT_HANDSHAKE_FAILURE
24436,dpgmedia.nl,http_200
24402,adobeprimetime.com,timeout
24440,musehub.com,http_403
24443,hwprize.com,ENOTFOUND
24413,cdnpk.net,timeout
24447,fueleconomy.gov,ECONNRESET
24453,phxfeeds.com,http_200
24455,aacdn.net,ENOTFOUND
24458,egcvi.com,ENOTFOUND
24460,sensorsjourney.com,ENOTFOUND
24463,ostkcdn.com,ENOTFOUND
24465,ipinfodb.com,http_403
24466,boltsvc.net,ENOTFOUND
24467,esi-prd.net,ENOTFOUND
24468,ayads.co,http_410
24471,jcu.edu.au,http_403
24472,cpcdn.com,ENOTFOUND
24473,icecasinopl.org,http_404
24477,vanitycore.co,DEPTH_ZERO_SELF_SIGNED_CERT
24480,totalplay.com.mx,http_403
24457,esafeline.com,timeout
24484,irpowerweb.com,http_200
24450,rfc868server.com,timeout
24487,adsoftheworld.com,http_403
24492,ednsglobal.net,ENOTFOUND
24441,mrud.ir,timeout
24490,shegu.net,timeout
24509,rahavard365.com,http_200
24495,encipher.io,CERT_HAS_EXPIRED
24510,qianxin.com,http_404
24514,xad.com,http_200
24518,arubadns.net,ENOTFOUND
24482,csrc.gov.cn,timeout
24524,yp.com,http_403
24522,nikke-kr.com,http_404
24526,etb.net.co,http_404
24523,tmn-obl.ru,ECONNREFUSED
24527,samsungtv.plus,ENOTFOUND
24529,amazonworkspaces.com,ENOTFOUND
24533,onclckbn.net,ENOTFOUND
24540,delltrusteddevicesecurity.com,ENOTFOUND
24543,sjxydc.com,ENOTFOUND
24544,polygonscan.com,http_200
24546,binaryedge.ninja,http_403
24550,02.net,ENOTFOUND
24551,betfa.com,http_403
24555,hsbrowserreports.com,ENOTFOUND
24554,wali.com,http_404
24565,x1skf.com,ENOTFOUND
24505,xl-ads.com,timeout
24566,myadsget.com,http_404
24571,awsdns-cn-53.cn,ENOTFOUND
24573,mcldns.io,ENOTFOUND
24577,awsdns-02.org,ENOTFOUND
24568,oranthservice.site,ENETUNREACH
24578,salud.gob.mx,http_404
24580,tokopedia.net,ENOTFOUND
24579,9458.com,http_404
24531,lkt.is,timeout
24587,voidboost.cc,ENOTFOUND
24586,suninggslb.cn,ENOTFOUND
24588,dns.si,ENOTFOUND
24589,evaair.com,http_403
24591,mobilelegends.com,http_404
24595,gpk.eu,http_403
24596,cronosinternet.net,ERR_TLS_CERT_ALTNAME_INVALID
24599,invocacdn.com,ENOTFOUND
24601,cc.cd,http_404
24560,myideasoft.com,timeout
24609,alibris.com,http_403
24610,enacdn.biz,ENOTFOUND
24612,bytehwm.com,ENOTFOUND
24614,businessinsider.com.au,ERR_TLS_CERT_ALTNAME_INVALID
24615,cinemap.cc,ENOTFOUND
24617,anwalt.de,http_403
24572,xtec.cat,timeout
24621,ixwebhosting.com,CERT_HAS_EXPIRED
24600,platocorp.com,ENOTFOUND
24627,ds.network,ENOTFOUND
24628,kodakbot.ru,ERR_TLS_CERT_ALTNAME_INVALID
24576,youlesp.com,timeout
24630,gamespy.com,ENOTFOUND
24631,smartmailcloud.com,ENOTFOUND
24633,awsdns-34.org,ENOTFOUND
24635,happycolorapp.com,http_200
24637,cygrids.net,ERR_TLS_CERT_ALTNAME_INVALID
24639,ambientweather.net,http_404
24641,firsts-squad.com,ENOTFOUND
24640,shoppertrak.com,http_200
24643,routing.net,ENOTFOUND
24645,chicoryapp.com,http_404
24647,22t8zyluzwaa.shop,ENOTFOUND
24620,manlaxycloud.com,http_403
24651,in-addr.cn,ENOTFOUND
24625,aerohive.com,ENOTFOUND
24658,voegol.com.br,http_403
24655,ftp1.biz,ERR_SSL_WRONG_VERSION_NUMBER
24660,hnetwork-live.com,ENOTFOUND
24669,dmpxs.com,ENOTFOUND
24670,hzshudian.com,ENOTFOUND
24642,pub-ns.com,timeout
24674,guardease.com,http_200
24676,vulkanvegaswin.net,http_404
24679,myhuaweicloud.eu,ENOTFOUND
24680,tmol.io,ENOTFOUND
24681,xsdacdn.com,ENOTFOUND
24659,zpath.vip,ENOTFOUND
24682,socket.io,http_404
24683,st-and.ac.uk,CERT_HAS_EXPIRED
24685,gcc.go.kr,ENOTFOUND
24648,webserversystems.com,timeout
24687,flavii.ru,http_404
24689,vpn48.ru,ERR_TLS_CERT_ALTNAME_INVALID
24691,roblox.us,http_200
24695,vantagemarkets.com,http_403
24693,vectant.ne.jp,ENOTFOUND
24699,flashb.id,http_404
24697,fb.gg,http_200
24708,idouyinvod.com,ENOTFOUND
24709,fourhoi.com,http_404
24710,r1servers.com,http_403
24711,ggsel.com,http_403
24712,atmndx.com,ENOTFOUND
24715,free-tracker.ga,DEPTH_ZERO_SELF_SIGNED_CERT
24713,ncl.edu.tw,http_302
24717,ancient-origins.net,http_403
24725,4cdn.org,http_200
24672,whirlpool.com,timeout
24729,trendmicro.eu,http_200
24728,gshdw.cyou,ENOTFOUND
24727,211.ru,http_403
24677,radiohost.de,timeout
24730,openrtbx.com,http_404
24733,mrbet777.org,DEPTH_ZERO_SELF_SIGNED_CERT
24735,tpvisim.com,ENOTFOUND
24738,superbuba.top,ENOTFOUND
24684,lifesizecloud.com,timeout
24743,wuporg.com,ENOTFOUND
24739,bance.jp,ENOTFOUND
24744,awsdns-04.org,ENOTFOUND
24749,phila.gov,http_404
24751,siteground.asia,ERR_TLS_CERT_ALTNAME_INVALID
24752,toki.gov.tr,http_404
24748,cloudseeplus.com,CERT_HAS_EXPIRED
24757,jabarprov.go.id,http_403
24760,zaccodigitaltrustlabs.se,ENOTFOUND
24756,jlu.edu.cn,http_403
24764,dpgmedia.net,ENOTFOUND
24704,price.ua,timeout
24765,ni.net.tr,http_404
24769,fiservapp.com,ERR_SSL_TLSV1_UNRECOGNIZED_NAME
24770,luddo.net,ENOTFOUND
24772,mongodb-dev.net,ENOTFOUND
24775,tld.lt,ENOTFOUND
24774,bidprism.com,ENOTFOUND
24779,evo-box.com,http_401
24780,oxidesurvival.com,http_200
24785,iperson.xyz,ENOTFOUND
24758,nuptic.com,timeout
24791,rechargecdn.com,ENOTFOUND
24776,xdrig.com,http_200
24792,bruteprotect.com,http_200
24795,ophan.co.uk,ENOTFOUND
24799,ea-mct-live.com,ENOTFOUND
24803,applebees.com,http_403
24805,rtbbtr.com,http_404
24806,pr.gov,http_200
24809,testr1.com,ENOTFOUND
24811,meraki.direct,ENOTFOUND
24812,static.pub,ENOTFOUND
24818,yemekyedim.com,ENOTFOUND
24736,neustar.biz,timeout
24814,conepuppy.com,ERR_SSL_WRONG_VERSION_NUMBER
24820,drimquop.com,http_404
24821,recaptcha.cloud,http_404
24823,zwyr157wwiu6eior.com,http_403
24819,hust.edu.cn,http_404
24825,earnest.com,http_403
24827,polarbyte.com,http_404
24832,nissan.com.mx,http_200
24834,figma.site,http_200
24761,entelchile.net,timeout
24839,bargheman.com,http_403
24842,mirrorservice.org,http_404
24840,k8.com.br,http_404
24848,is-mis.ru,ENOTFOUND
24846,chehejia.com,http_200
24850,richmond.edu,http_200
24853,fit-pay.com,http_200
24854,mysora.net,ENOTFOUND
24856,fasterized.com,ENOTFOUND
24857,zagreb.info,http_403
24855,mediadash.ru,http_404
24858,mironline.ru,ENOTFOUND
24859,clayhost.xyz,ENOTFOUND
24852,flightstats.com,http_200
24860,tc.edu.tw,http_404
24866,akkyservicios.mx,ENOTFOUND
24876,homecredit.ru,http_401
24878,gotobg.net,ERR_TLS_CERT_ALTNAME_INVALID
24883,wattpadhq.com,ENOTFOUND
24882,feedad.com,http_404
24843,comunitel.net,ENOTFOUND
24879,volcenginealb.com,ENOTFOUND
24891,esy.es,ENOTFOUND
24892,secondlife.io,ERR_TLS_CERT_ALTNAME_INVALID
24894,directcrm.ru,ECONNRESET
24888,voc.com.cn,http_404
24896,karelia.ru,ERR_TLS_CERT_ALTNAME_INVALID
24898,biddager.com,ENOTFOUND
24899,mediatemple.net,http_403
24902,netatmo.net,ERR_TLS_CERT_ALTNAME_INVALID
24906,initaf.com,ENOTFOUND
24907,uclm.es,http_403
24908,koa.com,http_403
24915,fiwfan.app,http_403
24911,access-internet.ne.jp,ENOTFOUND
24923,hoopgame.net,http_404
24929,eventmonitoringpro.com,http_403
24933,snaptrckr.fun,ENOTFOUND
24935,cdnsrv.de,ENOTFOUND
24939,baiduads.com,ENOTFOUND
24941,turbify.biz,ENOTFOUND
24942,harrods.com,http_403
24943,newtrack.info,UNSPECIFIED
24945,slu.se,http_200
24885,cashedge.com,timeout
24886,hijuconn.com,timeout
24953,cdnhwczic111.cn,ENOTFOUND
24954,06yahoo.com,ERR_TLS_CERT_ALTNAME_INVALID
24955,fs.com,http_202
24966,radix.host,ENOTFOUND
24965,jimdo.systems,ENOTFOUND
24968,farmers.com,http_403
24914,wt500.com,timeout
24969,as50464.net,ENOTFOUND
24947,traversedlp.com,timeout
24974,overwolf.io,http_404
24976,mpsa.com,http_403
24975,voicecloud.cn,http_404
24978,nycourts.gov,http_403
24981,ezizgulmyratmix.ru,DEPTH_ZERO_SELF_SIGNED_CERT
24983,sandboxol.com,ENOTFOUND
24982,incode.id,http_200
24986,harrypotter.com,http_200
24988,macly.co,ENOTFOUND
24989,labadena.com,ENOTFOUND
24987,productfruits.com,http_404
24992,xfinfr.com,http_404
24993,sohucs.com,ERR_TLS_CERT_ALTNAME_INVALID
24997,mslmcloud.com,http_404
24936,345ddz.com,timeout
24991,sebi.gov.in,http_200
24998,sun.ac.za,http_403
24958,novaicare.com,timeout
25002,transfermarkt.co.uk,http_200
25017,vulkanvegas777.org,http_404
25003,mywaifu.best,ERR_TLS_CERT_ALTNAME_INVALID
25021,originenergy.com.au,http_403
25006,kkb.kz,CERT_HAS_EXPIRED
25009,corpscorp.online,DEPTH_ZERO_SELF_SIGNED_CERT
25024,exct.net,ERR_TLS_CERT_ALTNAME_INVALID
25026,onclckmetrics.com,http_404
25027,roblox.net,ENOTFOUND
25028,rapidstaticserve.cc,ENOTFOUND
25032,earlywarning.io,ENOTFOUND
25034,clash.gg,http_403
25035,pangolin-sdk-toutiao-b.com,ENOTFOUND
25037,basarisiralamalari.com,UNABLE_TO_VERIFY_LEAF_SIGNATURE
25041,adestra.com,http_404
25044,px-client.net,ENOTFOUND
25039,tku.edu.tw,http_200
25045,igexin.com,ERR_TLS_CERT_ALTNAME_INVALID
25047,tm.net.my,ENOTFOUND
25014,crsorgi.gov.in,ECONNREFUSED
25050,libertad.link,http_200
25023,ololosh.space,timeout
25055,jica.go.jp,http_404
25060,4khdhub.one,http_404
25016,edb.com,timeout
25064,adseyeservice.com,ENOTFOUND
25062,idqqimg.com,EHOSTUNREACH
25056,marksmile.com,UNABLE_TO_VERIFY_LEAF_SIGNATURE
25067,gauthmath.com,http_403
25072,springsource.org,http_200
25077,wada-ama.org,http_202
25078,unicreditgroup.eu,http_403
25079,bitcore.io,http_200
25088,bytecdn.cn,ECONNREFUSED
25051,520.jp,timeout
25089,qsr.cloud,ERR_SSL_SSL/TLS_ALERT_HANDSHAKE_FAILURE
25090,richardsw.club,DEPTH_ZERO_SELF_SIGNED_CERT
25095,rcs-rds.ro,http_200
25091,premier.one,http_502
25094,centurytel.net,ERR_TLS_CERT_ALTNAME_INVALID
25101,skyscnr.com,http_200
25104,redditblog.com,http_200
25105,fragment.com,http_404
25086,versace.com,http_403
25108,fixtelega.co.uk,ENOTFOUND
25109,key.com,http_403
25114,intellimizeio.com,http_404
25085,ruc.edu.cn,http_404
25112,rauqa.cn,ENOTFOUND
25115,justworks.com,http_403
25118,fd-api.com,ENOTFOUND
25119,988dns.com,ENOTFOUND
25121,rtionline.gov.in,http_404
25122,symantecliveupdate.com,ENOTFOUND
25125,playkot.team,ENOTFOUND
25124,solocdn.cn,ECONNREFUSED
25126,nic.aero,http_403
25128,jdcache.com,ENOTFOUND
25130,anadoluajansi.net,ENOTFOUND
25129,binotel.com,http_404
25131,joltrixtech.com,http_404
25134,fnos.net,http_200
25092,ajet.com,timeout
25136,trust-provider.com,ERR_TLS_CERT_ALTNAME_INVALID
25098,zakoleblo.com,timeout
25144,8freeporn.com,http_404
25143,roblox.co.uk,http_200
25150,lot.com,http_200
25153,authorizedvault.com,http_403
25103,travix.io,timeout
25157,58cdn.com.cn,http_404
25158,cmbank.ru,ENOTFOUND
25168,nautiluscloud.net,ENOTFOUND
25169,isharing.io,ENOTFOUND
25170,diyoucloud.com,ENOTFOUND
25172,sadnews.co.uk,ENOTFOUND
25173,aibigdatausa.com,ENOTFOUND
25176,onedaychamp.co.uk,ENOTFOUND
25165,eshram.gov.in,http_404
25180,clipcentric.com,http_404
25175,jalane41.com,http_200
25186,cocogain.io,ENOTFOUND
25141,swiftserve.com,timeout
25188,sonarr.tv,http_404
25189,msgsndr.com,http_404
25199,65.in-addr.arpa,ENOTFOUND
25201,kuaidi100.com,http_200
25181,d-library.jp,ENOTFOUND
25210,newzealand.com,http_403
25211,kyocera.biz,ENOTFOUND
25212,nbaonlineservice.com,ENOTFOUND
25215,binsiad.com,ENOTFOUND
25216,veritone-ce.com,ENOTFOUND
25219,site4now.net,http_404
25222,bytegecko-i18n.com,ENOTFOUND
25221,lastwargame.com,http_403
25223,hacs.xyz,http_404
25225,kingqf.com,ENOTFOUND
25226,skillbox.pro,http_404
25227,kgns5.com,ENOTFOUND
25228,fastcodesign.com,http_403
25230,daraz.com,http_404
25231,quodxx.com.br,ENOTFOUND
25238,codesandbox.io,http_403
25240,chicagobusiness.com,http_403
25179,interland.net,timeout
25241,chumbacasino.com,http_200
25242,a2hosted.com,ENOTFOUND
25243,tvp.tv,http_404
25183,gmslb.net,timeout
25246,current.us,http_404
25248,crafspot.com,ENOTFOUND
25245,nimblestorage.com,ERR_TLS_CERT_ALTNAME_INVALID
25250,cybereason.net,ENOTFOUND
25253,yvilllotgz.net,http_404
25251,pstmrk.it,http_404
25258,idcrawl.com,http_202
25257,dump.cl,DEPTH_ZERO_SELF_SIGNED_CERT
25252,evtrust.com,ECONNRESET
25263,maxhost.io,http_525
25265,cap.ru,http_418
25267,basescan.org,http_200
25268,comonxp.com,ENOTFOUND
25271,pplusstatic.com,http_200
25272,hkcplzqitt.net,http_404
25273,sisben.gov.co,ECONNREFUSED
25217,spdns.eu,timeout
25275,asco.org,http_403
25277,crestron.io,http_200
25279,autoimg.cn,http_403
25281,usmc.mil,http_403
25232,mktossl.com,timeout
25286,od-cdn.com,ENOTFOUND
25289,telenor.net,ENOTFOUND
25288,trackifyy.com,http_404
25291,adworknow.com,ENOTFOUND
25298,ftvproxy.com,http_404
25296,axisbank.com,http_200
25299,pjaltmdgha.net,http_404
25302,clladss.com,http_404
25303,nic.dz,UNABLE_TO_VERIFY_LEAF_SIGNATURE
25255,dichvucong.gov.vn,timeout
25311,ptgncdn.com,ENOTFOUND
25309,cloudseetech.com,ERR_TLS_CERT_ALTNAME_INVALID
25312,imaginationunwired.com,ERR_SSL_SSL/TLS_ALERT_HANDSHAKE_FAILURE
25314,awsdns-cn-24.com,ENOTFOUND
25316,seeds.services,ENOTFOUND
25313,sve.cc,http_404
25262,szbboys.com,timeout
25317,s-nbcnews.com,ENOTFOUND
25322,revolutionparts.io,http_530
25323,lottiefiles.com,http_403
25324,manhwa-latino.com,http_403
25330,gratowin-casino.com,http_200
25329,phorum.pl,ERR_SSL_UNSUPPORTED_PROTOCOL
25269,hcltech.com,timeout
25334,jooaniot.com,http_404
25340,mi.gov,http_403
25336,adspsp.com,http_504
25342,mubicdn.net,ENOTFOUND
25344,danakit.com,ENOTFOUND
25346,gcrenwp.top,http_403
25345,q11.ru,ERR_TLS_CERT_ALTNAME_INVALID
25348,karzar.net,err
25354,embarqhsd.net,ENOTFOUND
25356,skystreamgame.com,ECONNRESET
25355,canon-europe.com,http_403
25360,dailygn.com,http_404
25365,hitnspinslots.com,http_404
25366,bytevcloudapi.com,ENOTFOUND
25370,nmgdev.ru,ENOTFOUND
25372,bcccdn.com,ENOTFOUND
25369,ibeewifi.net,http_404
25376,rosbalt.ru,http_200
25375,gotruemotion.com,ERR_TLS_CERT_ALTNAME_INVALID
25378,sodareels.com,http_404
25380,iis.net,http_200
25385,23net.hu,http_404
25384,agristack.gov.in,http_404
25315,rosseti.ru,timeout
25389,atruvia.de,http_404
25387,iqilu.com,http_200
25394,byteicdn.com,ENOTFOUND
25396,barcanews.org,http_200
25388,sube.gob.ar,http_200
25400,weatherapi.com,http_404
25397,conalep.edu.mx,http_401
25399,wusa9.com,http_200
25404,cmdg.com,ENOTFOUND
25359,ialicdn.com,timeout
25415,tdk.com,http_403
25417,chuporno.com,http_200
25418,zthd.io,http_404
25409,sectigoweb.com,timeout
25411,lenovomm.cn,ENOTFOUND
25424,mturk.com,http_404
25395,didjeridooing.com,timeout
25426,bafa.de,http_404
25436,xwz.ovh,ECONNREFUSED
25437,feishucdn.com,ENOTFOUND
25440,springernature.io,ERR_TLS_CERT_ALTNAME_INVALID
25401,kentucky.com,timeout
25444,ronghub.com,ENOTFOUND
25434,sunysb.edu,http_200
25448,verifonehq.net,ENOTFOUND
25447,scname.com,ENOTFOUND
25443,jftech.com,http_404
25457,myglobalgames.com,http_404
25461,votesmart.org,http_404
25463,manga-oni.com,http_403
25465,gmossp-sp.jp,http_403
25467,ren-tv.com,ENOTFOUND
25469,pornoblesk.art,ENOTFOUND
25472,qchannel03.cn,http_404
25419,digitec.ch,timeout
25445,bankingcircleconnect.com,http_200
25474,airthin.gs,ENOTFOUND
25473,webike.net,http_200
25476,nameresolvers.com,ECONNRESET
25481,zenmxapps.com,ENOTFOUND
25477,qianlong.com,http_400
25483,ro.co,http_403
25485,awsdns-10.org,ENOTFOUND
25480,gilasopoll.ru,ENOTFOUND
25487,hs-sales-engage.com,ENOTFOUND
25490,xenforo.com,http_403
25459,idwebhost.id,EHOSTUNREACH
25497,tunwg.com,http_200
25501,awsdns-26.org,ENOTFOUND
25507,ourtime.com,http_200
25511,dizillahd.com,http_403
25520,alphacommunity.in,http_403
25522,iosedgedns.com,ENOTFOUND
25527,ilait.se,CERT_HAS_EXPIRED
25529,nothing-sus.com,ECONNRESET
25530,refworld.org,http_403
25532,greatnet.de,http_404
25510,ddns.com.br,http_200
25519,domaindiscover.com,http_404
25534,bnef.com,http_403
25540,frameo.biz,ERR_TLS_CERT_ALTNAME_INVALID
25542,j67z85nx4.com,ENOTFOUND
25544,cardinaltrusted.com,ENOTFOUND
25538,msstatic.com,http_404
25546,senac.br,http_403
25549,tizenservice.com,ENOTFOUND
25552,mxserver.ro,http_404
25550,webindex.org,UNABLE_TO_VERIFY_LEAF_SIGNATURE
25548,friendquiz.me,http_200
25556,dwan.co.in,DEPTH_ZERO_SELF_SIGNED_CERT
25560,awsdns-51.org,ENOTFOUND
25563,thaiairways.com,http_403
25562,kkbox.com,http_202
25567,toutiaostatic.com,ENOTFOUND
25566,bintray.com,http_410
25521,totalplay.net,timeout
25572,portalpasazera.pl,http_404
25574,statmedia.ru,http_404
25581,ohou.se,http_403
25583,cbexams.com,http_403
25568,dgi.gub.uy,http_200
25588,kpnmail.nl,http_200
25585,riau.go.id,UNABLE_TO_VERIFY_LEAF_SIGNATURE
25596,sophosupd.net,ENOTFOUND
25597,dogpile.com,http_404
25600,tesorf.com,http_404
25604,wellandgood.com,http_200
25602,efrontcloud.com,http_404
25606,superlawyers.com,http_403
25613,lokalise.cloud,ENOTFOUND
25620,superwalleditor.com,ENOTFOUND
25621,new-line.net,http_200
25551,mailmunch.co,timeout
25635,rpmfind.net,http_404
25632,egain.cloud,ERR_TLS_CERT_ALTNAME_INVALID
25633,traderjoes.com,http_403
25638,maricopa.edu,http_403
25639,rainbet.com,http_403
25641,zg-int.net,ENOTFOUND
25645,pushsquare.com,http_403
25646,telehelp.top,ENOTFOUND
25647,univ-lille.fr,http_200
25652,tedata.net,ENOTFOUND
25655,autotrade.su,http_200
25659,nesco.gov.bd,UNABLE_TO_VERIFY_LEAF_SIGNATURE
25662,awsdns-03.org,ENOTFOUND
25663,azhkthg1.net,ENOTFOUND
25661,tickets.com,http_200
25590,openbittorrent.com,timeout
25665,announcekit.co,http_502
25669,bgicdn.com,ENOTFOUND
25672,apiok.net,ENOTFOUND
25673,arabianbusiness.com,http_403
25674,efsystem.ru,http_404
25671,bdris.gov.bd,http_403
25670,tenpay.com,http_200
25642,enabler.ne.jp,ENOTFOUND
25610,gpsonextra.net,timeout
25678,tuni.fi,http_404
25683,mct.gov.cn,http_404
25686,doctorrb.ru,ENOTFOUND
25689,stat.gov.pl,http_500
25687,contentkeeper.net,ERR_TLS_CERT_ALTNAME_INVALID
25694,c-group.pro,ENOTFOUND
25703,scinfradev.com,ENOTFOUND
25705,dpgmedia.cloud,ENOTFOUND
25707,209.in-addr.arpa,ENOTFOUND
25709,bscdnweb.com,ENOTFOUND
25675,epolice.ir,ENOTFOUND
25712,spiedigitallibrary.org,http_200
25717,rosmintrud.ru,ENOTFOUND
25718,uucdn.cc,ENOTFOUND
25724,hostns.io,ENOTFOUND
25725,ibops.net,ENOTFOUND
25728,cog-tr101.com,ENOTFOUND
25690,brasiltelecom.net.br,timeout
25731,cookiesyncmtrk.com,http_204
25730,fsa.go.jp,http_404
25737,fastrack.in,http_403
25743,989v87ii5.com,ENOTFOUND
25745,gamepedia.com,http_403
25744,stardoll.com,http_200
25752,1c.eu,http_404
25751,ngfiles.com,http_503
25754,jivetel.net,http_403
25753,ttnet.com.tr,ECONNRESET
25715,acquia-sites.com,timeout
25756,gotii.com,http_404
25759,thuisbezorgd.nl,http_403
25760,vidalisted.shop,http_200
25765,jumpdesktop.com,http_404
25766,videobooster21.com,ENOTFOUND
25767,channel5.com,http_200
25762,inflibnet.ac.in,http_404
25769,estpak.ee,ENOTFOUND
25777,project1content.com,ENOTFOUND
25783,sslparking.com,err
25740,setadiran.ir,timeout
25785,fourthwall.com,http_403
25784,googlebot.com,http_200
25789,b00b5.net,ENOTFOUND
25788,umassmed.edu,http_403
25747,kohler.com,timeout
25749,theinquirer.net,timeout
25787,bell.net,http_200
25792,corporate-ir.net,ENOTFOUND
25793,atudo.org,http_404
25795,utiq-aws.net,ENOTFOUND
25794,earth.com,http_503
25797,naeyc.org,http_403
25802,gofizzin.com,ENOTFOUND
25798,sbiepay.sbi,http_404
25805,ysonetwork.com,http_200
25806,8888.google,http_404
25801,qcloudwzgj.com,ENOTFOUND
25810,zhiye.com,ENOTFOUND
25812,alares.network,ENOTFOUND
25758,future-aihub.com,timeout
25814,pad-service.com,ENOTFOUND
25817,p3crowd.com,ENOTFOUND
25818,rdtcdn.com,ENOTFOUND
25811,mailguard.com.au,http_200
25829,dealerconnection.com,ERR_TLS_CERT_ALTNAME_INVALID
25834,bet365.pe,http_403
25833,volcalb.com,ENOTFOUND
25835,chesscomfiles.com,ENOTFOUND
25836,huluim.com,ENOTFOUND
25846,f5cloudservices.com,ENOTFOUND
25847,mimecastcybergraph.com,ENOTFOUND
25854,xcelenergy.com,http_404
25809,sasac.gov.cn,ENOTFOUND
25860,evan.im,http_204
25867,hotel-bb.com,http_403
25862,uea.edu.ec,http_200
25877,brightsignnetwork.com,http_404
25881,reproio.com,ENOTFOUND
25815,cspf.ir,timeout
25882,rbc.cn,http_405
25883,dns-tm.cn,ENOTFOUND
25885,fastor.cc,ENOTFOUND
25884,dzis.net,ERR_TLS_CERT_ALTNAME_INVALID
25819,bashkortostan.ru,timeout
25889,onbmc.com,ENOTFOUND
25892,korlidon.com,http_404
25888,0qbbrz9zr0zq.net,http_404
25898,awsdns-12.org,ENOTFOUND
25894,edgedns-tm.cn,ENOTFOUND
25902,mizuho-tb.co.jp,http_403
25907,awsdns-cn-29.biz,ENOTFOUND
25908,trustradius.com,http_403
25909,blueboard.cz,http_404
25912,exclusivetvs.com,ENOTFOUND
25913,buffstreams.plus,http_200
25920,nftstorage.link,http_403
25919,scouting.org,http_403
25923,mysamba.tv,ENOTFOUND
25893,3shapecommunicate.com,http_200
25931,simbad.pro,CERT_HAS_EXPIRED
25870,as2116.net,timeout
25930,qnydns.com,ERR_TLS_CERT_ALTNAME_INVALID
25938,ispapi.net,ENOTFOUND
25934,theoatmeal.com,http_404
25949,mbed.com,http_200
25956,tnpscexams.in,http_403
25944,clickwifi.net,ENOTFOUND
25957,mygovid.gov.az,http_200
25962,historicengland.org.uk,http_403
25961,cogeco.ca,http_403
25964,quickbooks.com,http_200
25959,hga030.com,CERT_HAS_EXPIRED
25899,data4game.com,timeout
25968,awsdns-15.org,ENOTFOUND
25969,mahjong-megawin188.com,http_403
25966,technopartner.com.br,http_403
25967,twnmm.com,http_200
25972,link.net.pk,http_404
25975,bmtrcs.com,ENOTFOUND
25976,verygood.systems,ENOTFOUND
25982,ultradns.info,ECONNREFUSED
25987,ip-plus.net,ECONNREFUSED
25989,pbgrd.com,ERR_TLS_CERT_ALTNAME_INVALID
25995,isolarcloud.eu,http_404
25996,knotch.com,http_404
25998,rise-ai.com,http_200
26000,moneyhelper.org.uk,http_403
26002,stylecraze.com,http_406
26010,websitesource.com,http_404
25937,ing.nl,timeout
26011,scienceconnect.io,http_200
26012,myoppo.com,http_200
26013,nic.cyou,http_200
25970,maersk.io,timeout
26017,yourhosting.nl,http_403
26019,jibecloud.net,ENOTFOUND
26020,biahosted.net,ENOTFOUND
26022,onrocket.site,http_200
25997,myroute53.com,timeout
26027,planetfitness.com,http_403
26001,lws-hosting.net,timeout
26028,unbouncepages.com,ERR_SSL_SSL/TLS_ALERT_HANDSHAKE_FAILURE
26033,adsboosters.xyz,ENOTFOUND
26008,goodoo.ru,timeout
26040,nontonx.com,http_200
26042,adobeprojectm.com,ERR_TLS_CERT_ALTNAME_INVALID
26045,exactdn.com,ENOTFOUND
26015,mrporter.com,timeout
26016,verywellfamily.com,timeout
26049,astralweb.tech,ENOTFOUND
26047,indiaforums.com,http_200
26058,gimyplus.com,http_403
26057,sportsurge.ws,http_200
26061,apkomega.com,ENOTFOUND
26063,multiply.com,http_200
26069,gov-online.go.jp,http_403
26070,one-new-message-okay.com,http_404
26072,borda.ru,http_200
26068,petametrics.com,ECONNRESET
26077,antigravity-unleash.goog,http_404
26074,ulbharyana.gov.in,http_200
26082,buzocq.com,ENOTFOUND
26086,domo.com,http_405
26088,ikcosales.ir,http_403
26087,kgw.com,http_200
26026,collegehumor.com,timeout
26096,goodnotescloud.com,ENOTFOUND
26099,udwz84qia.com,ENOTFOUND
26102,vbrr.ru,http_200
26104,sichuantuyitech.com,http_404
26035,kitchenaid.com,timeout
26108,flareflow.tv,http_404
26109,altair.com,http_200
26113,mega288andalanku.com,http_403
26103,sbm.gov.in,http_404
26117,allenpress.com,http_403
26112,pulselive.com,http_404
26115,exceedlms.com,http_200
26120,awsdns-20.org,ENOTFOUND
26116,resmigazete.gov.tr,UNABLE_TO_VERIFY_LEAF_SIGNATURE
26122,sexdiem.com,http_530
26121,utkacraft.ru,http_403
26124,x9fnzrtl4x8pynsf.com,http_403
26125,arc-dc-msedge.net,ENOTFOUND
26130,elganador.com,http_403
26126,wcapp7.com,CERT_HAS_EXPIRED
26132,makmur76-ab.com,http_403
26133,grindr.io,ENOTFOUND
26123,56.com,http_200
26142,sbs-inter.net,ENOTFOUND
26141,myzaker.com,http_404
26146,p2elite.com,http_404
26151,msndvr.com,ECONNREFUSED
26081,yummly.com,timeout
26129,cepat.net.id,ERR_TLS_CERT_ALTNAME_INVALID
26153,gdefence.io,ENOTFOUND
26156,awsdns-40.org,ENOTFOUND
26157,cdnfx.net,ENOTFOUND
26160,cdnvideohub.com,http_404
26152,pnnl.gov,http_200
26147,klink.best,timeout
26177,bluefilm.site,ENOTFOUND
26174,pontofrio.com.br,http_403
26180,awsdns-08.org,ENOTFOUND
26179,mydw.cloud,http_403
26134,thetrihub.com,timeout
26187,facecast.xyz,ENOTFOUND
26138,red-soft.ru,timeout
26190,xiyuudi.com,ENOTFOUND
26191,jindun9.com,ENOTFOUND
26192,discoverhongkong.com,http_403
26170,prebrid.tv,timeout
26200,volcvideo.com,ENOTFOUND
26201,ultradns.co.uk,ENOTFOUND
26203,etermun.com,http_405
26199,adoptapet.com,http_403
26204,cameo.com,http_200
26210,edge-retina.net,ENOTFOUND
26213,dailyweatheralerts.com,http_404
26216,majestic-files.net,ENOTFOUND
26214,hwfs.ru,CERT_HAS_EXPIRED
26221,libtorrent.org,http_404
26222,molbiol.ru,ERR_SSL_UNSUPPORTED_PROTOCOL
26223,nearme.com.cn,http_404
26225,pewforum.org,http_404
26195,wt-safetag.com,ENOTFOUND
26231,idcservices.it,ENOTFOUND
26234,ab1n.net,ENOTFOUND
26235,coocaa.nl,ENOTFOUND
26181,xintaicz.cn,timeout
26211,fju.edu.tw,http_404
26215,networkbench.com,http_404
26238,albion.zone,ENOTFOUND
26240,foodlion.com,http_403
26242,fqnovelvod.com,ENOTFOUND
26244,rtb-adingenious.com,http_404
26246,siteperformancetest.net,http_403
26251,kcdn.online,ENOTFOUND
26250,detmir.st,ENOTFOUND
26253,sfdcdigital.com,ENOTFOUND
26254,svipsltmtg2.cc,http_404
26261,caseys.com,http_403
26263,jun88a21.show,http_200
26260,zixcorp.com,http_200
26264,amcrestview.com,CERT_HAS_EXPIRED
26267,onestore.ms,ENOTFOUND
26271,retailcrm.tech,http_200
26273,vldey.mom,http_403
26276,macysassets.com,ENOTFOUND
26278,cat.net.th,http_404
26281,adguard.io,ENOTFOUND
26229,accountservergroup.com,timeout
26262,bfvideo.co,timeout
26232,dyna-marine.com,timeout
26288,nr-dns.net,ENOTFOUND
26287,xvideos10.blog.br,http_403
26291,peer-39.com,ENOTFOUND
26290,cshlp.org,http_403
26289,adidas.de,http_403
26294,peryuck.com,http_404
26295,yango.tech,ENOTFOUND
26300,jitsi.net,ENOTFOUND
26301,ucl.ac.be,ENOTFOUND
26305,pro-football-reference.com,http_403
26302,moald.gov.np,ENOTFOUND
26306,vegamovies.navy,ENOTFOUND
26311,casinoclubonline.bet.ar,http_403
26280,zjgslb.com,ENOTFOUND
26317,pinayflixvidz.xyz,http_200
26318,213891.xyz,ENOTFOUND
26316,opsu.gob.ve,ENOTFOUND
26320,myvscloud.com,ERR_TLS_CERT_ALTNAME_INVALID
26258,beams.co.jp,timeout
26325,orpha.net,http_200
26323,qunarzz.com,http_404
26330,iberostar.com,http_403
26333,flowsixteen.com,ENOTFOUND
26328,utep.edu,http_404
26338,tataidc.co.in,ENOTFOUND
26331,kurogames.net,http_404
26342,smartstream.tv,http_404
26344,cdnhwcqwg14.com,ENOTFOUND
26348,suhosin.org,http_404
26349,fxltsbl.com,http_403
26352,hstspreload.org,http_404
26353,ads-pixiv.net,http_404
26356,surgawindust.com,http_403
26357,gilbarco.com,http_404
26358,checkoutlattice.com,ENOTFOUND
26361,sulasok.am,http_200
26362,konfidency.com.br,http_200
26363,bikerscolombia.com,http_200
26364,payments-amazon.com,ENOTFOUND
26337,ad4989.co.kr,http_404
26366,eislz.com,ENOTFOUND
26367,ratu303ao.com,http_403
26376,latar88bibiw.com,http_403
26375,unisat.io,http_404
26377,ukm.my,http_404
26380,mirea.ru,http_451
26381,schemastore.org,http_404
26379,lets-boatrace.jp,http_404
26384,drive-data.ru,ENOTFOUND
26324,pnap.net,timeout
26389,secureflowlane.com,ENOTFOUND
26382,wayboo.cn,CERT_HAS_EXPIRED
26390,awsdns-05.org,ENOTFOUND
26391,ayam11.com,http_403
26387,bshare.cn,ENOTFOUND
26394,abutogel.win,ENOTFOUND
26393,narsa.gov.ma,ENOTFOUND
26396,kawanpaitomember.com,http_200
26398,atmnd.com,ENOTFOUND
26397,propeciaa.sbs,UNABLE_TO_GET_ISSUER_CERT_LOCALLY
26399,uimz80fgj.com,ENOTFOUND
26400,analytics-egain.com,ENOTFOUND
26401,icims.tools,http_200
26341,cyberia.is,timeout
26404,devex.com,http_403
26345,mikatiming.net,timeout
26406,upsconline.nic.in,http_200
26408,noscript.net,http_404
26388,adx1.com,ENETUNREACH
26409,ufpb.br,http_404
26414,iiko.services,ENOTFOUND
26413,espssl.com,http_200
26420,xupertv.vip,http_200
26421,technomoscow.ru,http_403
26417,extreme-dm.com,ERR_TLS_CERT_ALTNAME_INVALID
26431,webhostingireland.ie,CERT_HAS_EXPIRED
26429,ppmxfa.com,http_404
26405,queniukt.com,ENOTFOUND
26437,mlbangbang.com,ENOTFOUND
26440,transfermarkt.com.tr,http_200
26442,kumarpay.in,ENOTFOUND
26444,petir388milan.com,http_403
26447,web-hosting.com,http_403
26450,lswf.net,ENOTFOUND
26452,datacygnal.io,http_404
26448,olimp.bet,http_403
26456,bstarstatic.com,ENOTFOUND
26402,cdntogo.net,timeout
26459,idailybible.com,http_404
26461,abcvg.info,ECONNREFUSED
26457,shinhan.com,http_404
26460,tatstm.com,ENOTFOUND
26467,iberdrola.com,http_403
26470,tracfone.com,http_403
26471,microsoftonline-p.net,ENOTFOUND
26468,mappls.com,http_200
26477,immi.gov.au,http_403
26479,lloydsbank.com,http_200
26480,douyucdn.cn,ENOTFOUND
26482,huqindustries.co.uk,ENOTFOUND
26484,a2d.tv,ENOTFOUND
26488,inisedaptogel.com,ENOTFOUND
26493,service-windows.com,ENOTFOUND
26430,baidu.com.eg,timeout
26494,traeapi.us,ENOTFOUND
26495,astral.sh,http_404
26485,du.ac.in,http_200
26434,bki-okb.com,timeout
26496,jmmobi.com,http_404
26503,dsssbonline.nic.in,http_404
26514,kpkmonr.com,http_403
26451,ppsc.gop.pk,timeout
26511,castcertificatewb.gov.in,ERR_SSL_UNSAFE_LEGACY_RENEGOTIATION_DISABLED
26518,1988rich.pro,http_403
26530,eprema.com.my,http_403
26532,futuredigiassets.com,http_403
26536,hiocdis.org,ERR_TLS_CERT_ALTNAME_INVALID
26531,epsa.gov.my,http_404
26541,kampungmodern.com,http_403
26540,jurnal.edu.az,ECONNREFUSED
26546,maju-hoki.xyz,ENOTFOUND
26548,mamen123ai.com,http_403
26550,medicoveronline.com,ERR_TLS_CERT_ALTNAME_INVALID
26553,nagawinslot.site,ECONNRESET
26523,cericups.com,timeout
26556,nitf.lk,http_404
26497,bumbleshrimp.com,timeout
26509,uccpbx.com,timeout
26563,pirlotv.fi,ENOTFOUND
26564,pisang123ho.com,http_403
26566,predeledraj2026.com,http_403
26568,ramesh247.com,http_403
26569,rankmitra.in,http_200
26574,sex-vn.blog,http_403
26558,nreganarep.nic.in,timeout
26577,socialearning.org,http_404
26579,tag368.org,ENOTFOUND
26581,uno4dexnes.com,http_403
26580,tarjetarojatvmas.com,http_200
26585,northwavepoint.com,ENOTFOUND
26584,vidooy.com,http_404
26587,magzter.com,http_403
26588,mfa.gov.ua,http_403
26582,upbhunaksha.gov.in,http_200
26592,awsdns-19.org,ENOTFOUND
26599,sumupstore.com,http_404
26602,barcap.com,http_404
26557,nrc.cc,timeout
26605,historytoday.com,http_200
26575,sexviet88s.blog,timeout
26609,107.in-addr.arpa,ENOTFOUND
26608,audioscrobbler.com,http_200
26611,singsw.com,ENOTFOUND
26606,biz.net.id,ERR_TLS_CERT_ALTNAME_INVALID
26613,education.tn,ENOTFOUND
26615,demonii.si,ENOTFOUND
26616,rechtspraak.nl,http_403
26614,broker.ru,http_403
26617,arc.pub,ENOTFOUND
26618,force9.net,http_200
26625,nloto.ru,http_200
26567,psca.gop.pk,timeout
26627,outlookmobile.com,ENOTFOUND
26629,tracker.wf,ENOTFOUND
26632,spaceweather.com,http_404
26624,uns.ac.id,http_404
26634,fastdns.hosting,ENOTFOUND
26635,rt-solar.ru,http_403
26637,toncenter.com,http_200
26639,sicredi.io,ENOTFOUND
26640,vibsery.com,ENOTFOUND
26642,purplevioleto.com,ENOTFOUND
26644,exosrv.com,ENOTFOUND
26645,backname.io,http_404
26638,salsalabs.com,UND_ERR_HEADERS_OVERFLOW
26647,veripages.com,http_403
26648,hemingwayapp.com,http_404
26652,bundeswehr.de,http_404
26657,wertn.top,ENOTFOUND
26658,capital-online.com.cn,ENOTFOUND
26659,bilicdn2.com,ENOTFOUND
26607,servicesaustralia.gov.au,timeout
26649,movizor.net,timeout
26663,dmmhosts.com,ENOTFOUND
26664,nulls.gg,http_404
26665,jvanbreda.be,ENOTFOUND
26666,jeep.com,http_403
26619,virginaustralia.com,timeout
26673,dlapiper.com,http_429
26676,zara.net,http_403
26674,jhsph.edu,http_403
26683,tentvs.com,http_200
26678,magazord.com.br,http_200
26686,gappssmtp.com,ENOTFOUND
26687,etherealvpn.uk,http_200
26688,pipni.cz,http_404
26690,awsdns-31.org,ENOTFOUND
26650,optifine.net,http_404
26697,grandgamesbe.com,ENOTFOUND
26699,cloudtotvs.com.br,ENOTFOUND
26702,etrailer.com,http_403
26704,h5crazygame.com,http_404
26705,prosieben.de,http_200
26706,wevpstatic.net,ENOTFOUND
26646,adns.net,timeout
26717,getnitropack.com,http_526
26722,cdn-aihelp.net,ENOTFOUND
26718,imgoingto.icu,ERR_SSL_TLSV1_ALERT_INTERNAL_ERROR
26727,gsrv.dev,ENOTFOUND
26730,socalifornian.live,ENOTFOUND
26721,suning.cn,http_404
26733,breezy.hr,http_403
26735,loli.net,http_404
26740,gamegrids.net,ENOTFOUND
26743,tubexazimebeze.com,http_404
26748,master.live,ENOTFOUND
26741,wicp.net,ERR_TLS_CERT_ALTNAME_INVALID
26749,nettrck.store,ENOTFOUND
26753,equinix.com,http_403
26752,revize.com,http_403
26758,i-j-2-k.com,ENOTFOUND
26756,cw.com.tw,http_403
26764,tinderops.net,ENOTFOUND
26762,spbycdn.info,ENOTFOUND
26761,trypura.io,http_404
26769,carters.com,http_403
26776,globalcdntech.com,ERR_SSL_SSL/TLS_ALERT_HANDSHAKE_FAILURE
26781,moonlighthathel.org,http_404
26785,spbycdn.biz,ENOTFOUND
26787,fortiwebcloud.net,ENOTFOUND
26786,intertek.com,http_404
26789,c.cx,ENOTFOUND
26792,tlintegration.ru,http_404
26797,mypromethean.com,http_403
26695,pipex.com,timeout
26802,diabrowser.engineering,ENOTFOUND
26804,chunkycorp.shop,ENOTFOUND
26801,mingpao.com,http_403
26806,synthclick.com,ENOTFOUND
26810,micyhome.com,ECONNREFUSED
26809,awsdns-cn-38.net,ENOTFOUND
26800,hga038.com,http_404
26817,akamaiedge-staging.net,ENOTFOUND
26820,mcccx.com,ENOTFOUND
26826,bro-transsion.com,ENOTFOUND
26827,xtrivdfw.com,ENOTFOUND
26829,rocketmortgage.com,http_403
26833,tapimg.com,ENOTFOUND
26834,walkmeusercontent.com,ENOTFOUND
26837,free.nf,http_404
26841,zalora.net,ENOTFOUND
26844,classcentral.com,http_403
26842,global.honda,http_404
26847,biliintl.com,http_404
26849,bka.sh,http_200
26852,q-4-g-r.com,ENOTFOUND
26853,xyzproxy.cloud,ENOTFOUND
26854,kalbarprov.go.id,http_403
26855,pp-static.com,ENOTFOUND
26859,aifrwk.com,ENOTFOUND
26861,putty.org,http_404
26863,volcfcdndvs3.com,ENOTFOUND
26864,awsdns-cn-45.com,ENOTFOUND
26865,qewoppwes.com,ENOTFOUND
26862,sspdata.net,ERR_TLS_CERT_ALTNAME_INVALID
26818,sibirasabbi.ru,timeout
26867,coindcx.com,http_403
26866,element14.com,http_503
26869,nationaldaycalendar.com,http_403
26784,redis-cloud.com,timeout
26872,yydjc.top,http_403
26873,revues.org,http_200
26871,reserveamerica.com,http_403
26875,myhomescreen.tv,ENOTFOUND
26879,awsdns-cn-40.biz,ENOTFOUND
26884,spacemonkey.com,ENOTFOUND
26878,binary.net,http_404
26885,livedoor.biz,http_404
26887,xn--d1aqf.xn--p1ai,http_403
26889,onestate.space,ENOTFOUND
26888,utmb.edu,http_404
26825,tiaa.org,timeout
26892,mutetreehouse.com,http_404
26894,toyota-europe.com,http_200
26896,yadvashem.org,http_403
26898,securitytrfx.com,http_403
26903,aristocrat.systems,ENOTFOUND
26904,hanyang.ac.kr,http_403
26850,defence.gov.au,timeout
26905,zohocorp.com,http_404
26907,ebaydns.com,ENOTFOUND
26906,cafe24edge.kr,ENOTFOUND
26902,ozemail.com.au,ENOTFOUND
26911,steamingmaster.com,http_403
26914,vip555ku.com,http_403
26915,guenstiger.de,http_403
26910,hf.space,http_200
26920,spac.me,ERR_TLS_CERT_ALTNAME_INVALID
26919,core.pw,http_200
26924,guns.ru,UNABLE_TO_VERIFY_LEAF_SIGNATURE
26895,soft.net,timeout
26932,colourlovers.com,http_403
26933,powerstarsbuilding.com,ENOTFOUND
26931,envisacor.com,http_404
26900,ellcom.ru,timeout
26936,moxing.party,DEPTH_ZERO_SELF_SIGNED_CERT
26941,awsdns-cn-46.cn,ENOTFOUND
26947,onbuy.com,http_403
26943,strgtec.com,ENOTFOUND
26952,stickify-api.com,http_404
26951,processes.top,ENOTFOUND
26949,cdnhwcprh113.com,ENOTFOUND
26958,cheatblocker.com,http_404
26965,togelup74.com,http_403
26962,sharkclouddns.com,ENOTFOUND
26964,comeconnect.com,ECONNREFUSED
26971,intersight.com,http_404
26966,orion.rs,http_200
26974,izvestia.ru,CERT_HAS_EXPIRED
26968,wits.ac.za,http_200
26975,awsdns-cn-57.com,ENOTFOUND
26978,nic.sbs,http_200
26986,artixlinux.org,http_429
26959,kegg.jp,http_404
26987,awsdns-17.org,ENOTFOUND
26984,sony.co.uk,http_403
26989,awsdns-47.org,ENOTFOUND
26991,usinenouvelle.com,http_403
26993,city-journal.org,http_200
26995,nesthubdns.com,ENOTFOUND
26994,snackvideo.in,ENOTFOUND
26992,trackerlist.xyz,DEPTH_ZERO_SELF_SIGNED_CERT
26997,ipl.org,http_202
26996,jobs2careers.com,http_404
27001,ludwig.guru,http_403
27000,cdn-redge.media,ENOTFOUND
27002,uyuncdn.com,ENOTFOUND
27005,termwiki.com,http_403
27006,sajda.mobi,CERT_HAS_EXPIRED
27009,fvnkonnect.com,ENOTFOUND
27012,ipage.com,http_403
26999,ricoh.co.jp,http_200
27014,reddock.ru,http_200
27019,bpifrance.fr,http_403
27021,nskes.ru,http_403
27025,worldbank.org.cn,ENOTFOUND
26985,msgamestudios.com,timeout
27028,nemo.aero,ENOTFOUND
27031,hinet.net.vn,ERR_TLS_CERT_ALTNAME_INVALID
27037,cloudimanage.com,http_404
27003,vidver.to,timeout
27041,afero.net,ENOTFOUND
27042,omnipodcloud.com,ENOTFOUND
27040,alibabagroup.com,http_200
27044,vicohome.io,http_404
27011,mec.edu.py,timeout
27045,uni.lu,http_404
27051,chtrptr.net,ENOTFOUND
27054,adlibris.com,http_429
26982,netskope.io,timeout
27058,nowcndns.com,ENOTFOUND
27060,cyberok.ru,http_404
27064,beinconnect.app,http_200
27065,thegospelcoalition.org,http_403
27035,sgcc.com.cn,ENOTFOUND
27072,cf.ac.uk,http_403
27047,homefind24.co.za,timeout
27078,volcgalb.net,ENOTFOUND
27079,wgkonnect.com,ENOTFOUND
27083,cdn-api-weglot.com,http_404
27082,yallasootlive.com,http_200
27077,qpoe.com,ERR_SSL_WRONG_VERSION_NUMBER
27090,directonit.com,ENOTFOUND
27089,cadillac.com,http_403
27097,yachtworld.com,http_403
27098,wgnetworking.com,ENOTFOUND
27099,awsdns-cn-03.cn,ENOTFOUND
27049,bongdaso66.info,timeout
27053,mozilla-europe.org,timeout
27109,popnable.com,http_403
27102,indianvisaonline.gov.in,http_404
27112,fapeza.com,http_404
27114,ffe390afd658c19dcbf707e0597b846d.de,ENOTFOUND
27115,vstation.ru,UNABLE_TO_VERIFY_LEAF_SIGNATURE
27122,documentfoundation.org,http_404
27123,ig.me,http_200
27127,websaversdns.com,ERR_TLS_CERT_ALTNAME_INVALID
27132,rlets.com,http_503
27137,caroda.io,http_200
27073,tga.gov.au,timeout
27104,safersoftware.net,timeout
27136,angelstudios.com,http_200
27138,yallasellit.com,http_200
27135,bunka.go.jp,http_404
27142,google-cloud.services,http_405
27146,wgosd.com,ENOTFOUND
27145,cirad.fr,http_200
27149,push-webapi.site,ENOTFOUND
27148,ihsmarkit.com,http_403
27153,amazonfiretvapp.com,ENOTFOUND
27156,forcepoint.net,http_403
27154,jcloud-cdn.com,ENOTFOUND
27158,dcntr-ads.com,ENOTFOUND
27159,dmdsdp.com,ENOTFOUND
27157,f95zone.ninja,ENOTFOUND
27163,airnow.gov,http_404
27164,datocms-assets.com,http_404
27162,soufunimg.com,http_404
27168,fnix.net,ECONNREFUSED
27166,taskrabbit.com,http_200
27171,sentinelcloud.com,http_200
27174,copa.futbol,http_404
27177,piappengine.com,ENOTFOUND
27180,rbsgate.com,ENOTFOUND
27181,tapecontent.net,http_404
27178,kebhana.mx,DEPTH_ZERO_SELF_SIGNED_CERT
27182,portalbereich.de,http_404
27185,170.in-addr.arpa,ENOTFOUND
27183,deliciousoranges.com,ENOTFOUND
27161,fortinetvirussubmit.com,timeout
27187,kijangwinjungle.com,http_403
27190,mpo1221lala.com,ENOTFOUND
27191,nanastoto73.com,http_200
27192,polarearn.com,http_404
27126,sandclowd.com,timeout
27204,mindsunlawyers.com,ECONNREFUSED
27203,floqast.app,http_200
27205,iot787.com,ENOTFOUND
27207,etisalat.com.eg,http_503
27141,eesysoft.com,timeout
27208,vshow-live.com,ENOTFOUND
27212,direkturtotop4.com,http_403
27217,migadu.com,http_404
27218,cn.ru,ERR_SSL_WRONG_VERSION_NUMBER
27226,onef.pro,http_404
27227,coolita.com,http_404
27211,lyse.net,timeout
27228,qtlgslb.com,ENOTFOUND
27229,veevacrm.com,http_200
27231,karwei.nl,http_429
27232,boschsecurity.com,http_200
27236,xylem.com,http_403
27241,skwstat.ru,http_404
27238,awsdns-cn-35.cn,ENOTFOUND
27243,7df5u.com,ENOTFOUND
27246,worldota.net,ENOTFOUND
27249,embl-heidelberg.de,ERR_TLS_CERT_ALTNAME_INVALID
27250,capitecbank.co.za,http_403
27254,lrcontent.com,ENOTFOUND
27261,nameserver.sk,http_404
27262,sigmapop.com,ENOTFOUND
27260,awsdns-cn-31.cn,ENOTFOUND
27263,saitama.lg.jp,ENOTFOUND
27268,forzamotorsport.net,http_200
27273,tfgapps.com,ENOTFOUND
27272,allthingsd.com,http_403
27275,cnevids.com,ENOTFOUND
27282,loopit.me,http_404
27222,serialssolutions.com,timeout
27285,shoke.gg,http_200
27224,pointhq.com,timeout
27286,pilagaww.ru,ENOTFOUND
27289,pool.org,CERT_HAS_EXPIRED
27290,soundclick.com,http_200
27288,mm.ru,http_403
27293,e-i.net,ECONNREFUSED
27291,theroot.com,http_202
27299,airpay.co.id,http_404
27300,sahabatprada188.com,http_403
27306,td-fn.net,DEPTH_ZERO_SELF_SIGNED_CERT
27307,sothebysrealty.com,http_202
27304,spmode.ne.jp,ERR_SSL_UNSAFE_LEGACY_RENEGOTIATION_DISABLED
27310,ellielabs.com,ENOTFOUND
27308,ms.gov.pl,http_404
27312,awsdns-36.org,ENOTFOUND
27313,gitbooks.io,http_404
27316,paynicorn.com,http_404
27279,corbina.ru,timeout
27317,yono-tv.net,http_200
27321,plus.com,http_500
27320,3322.org,ENOTFOUND
27294,mtnbusiness.net,ENOTFOUND
27329,amanotes.io,ENOTFOUND
27328,jlrmotor.com,ENOTFOUND
27330,jdownloader.org,http_404
27326,getfirefox.com,http_200
27336,keeflys.com,ENOTFOUND
27338,101559001.xyz,ENOTFOUND
27342,vite.dev,http_404
27323,ukrtel.net,timeout
27345,vitrinabeat.ru,ERR_SSL_SSL/TLS_ALERT_HANDSHAKE_FAILURE
27339,btg360.com.br,ENETUNREACH
27350,mega338-sor.com,http_403
27354,nic.city,ERR_TLS_CERT_ALTNAME_INVALID
27357,v2kyu1kjr.com,ENOTFOUND
27322,trackingo.in,timeout
27360,iplanisp.com.ar,ENOTFOUND
27365,ctinets.com,ENOTFOUND
27331,comcel.com.co,timeout
27333,axtel.net,timeout
27370,cdn-redfin.com,ENOTFOUND
27373,vidmate.net,ERR_TLS_CERT_ALTNAME_INVALID
27352,rncdn8.com,timeout
27381,surfboardconnect.com,ENOTFOUND
27387,acquiaedge.net,ENOTFOUND
27386,escapefromtarkov.ru,http_403
27389,mizuno.com,http_200
27390,wthr.com,http_200
27391,cctv.cn,http_200
27393,roserve.net,http_404
27385,hy315.cc,ERR_TLS_CERT_ALTNAME_INVALID
27392,awsdns-cn-01.cn,ENOTFOUND
27396,lavasoft.com,http_200
27397,megared.net.mx,ERR_TLS_CERT_ALTNAME_INVALID
27402,peer2profit.global,ENOTFOUND
27398,skcdn.com,CERT_HAS_EXPIRED
27404,finam.online,UNABLE_TO_VERIFY_LEAF_SIGNATURE
27399,digitalreef.com,http_200
27409,directadvert.ru,http_404
27417,megapay1.com,ENOTFOUND
27415,teevee.com,http_200
27416,stan.store,http_404
27419,playwasp.com,http_403
27423,snagajob.com,http_403
27424,sibvaleo.com,ERR_TLS_CERT_ALTNAME_INVALID
27427,sawsells.com,http_403
27428,cdnhwctyd116.cn,ENOTFOUND
27431,jqplot.com,DEPTH_ZERO_SELF_SIGNED_CERT
27434,festo.com,http_404
27436,newffads.com,http_404
27440,xoilac365xj.tv,ENOTFOUND
27439,klara.com,http_200
27367,verizonbusiness.com,timeout
27444,bringfido.com,http_403
27407,fortinetipssubmit.com,timeout
27451,panasonic.co.jp,http_404
27462,bluecoat.com,http_200
27469,amgradio.ru,http_404
27441,cyber.net.pk,err
27473,ucloudgda.com,ENOTFOUND
27475,awdeliverynet.com,CERT_HAS_EXPIRED
27478,alexistogel.win,ENOTFOUND
27471,iijcdn.jp,ENOTFOUND
27481,b2bhint.com,http_403
27479,cuevana.you,http_200
27483,opentracker.io,http_404
27482,mercari.jp,http_200
27484,browsehappy.com,http_200
27489,usbx.me,http_404
27491,ispring.tech,ENOTFOUND
27492,c3r123b0ss.site,ENOTFOUND
27493,tvwiki32.net,ENOTFOUND
27498,ntvshara.ru,http_403
27497,theladders.com,http_403
27500,kookjar.com,ENOTFOUND
27429,netplus.co.in,timeout
27435,kfc.com,timeout
27495,wettercomassets.com,timeout
27496,travelzoo.com,timeout
27501,yadongtv94.com,ENOTFOUND
27506,sunglasshut.com,http_403
27509,ae888ne.com,http_200
27513,ak380.com,ENOTFOUND
27516,napopravku.ru,http_403
27514,nofraud.com,http_200
27523,yourdomainprovider.net,http_200
27520,awsdns-cn-11.com,ENOTFOUND
27521,efisiensuster123.com,http_403
27525,launchdigi-z387t73p-alt53.click,http_404
27527,toto12wind.net,ENOTFOUND
27530,nml.com,http_200
27532,lacity.org,http_403
27529,tlc.com,http_451
27538,exco-pb.com,ENOTFOUND
27540,gametech-app.ru,ECONNREFUSED
27541,terem.live,ENOTFOUND
27545,empire88-187.xyz,http_200
27547,hondaelrk.com,ENOTFOUND
27548,nungqua.org,http_403
27549,qalubiaedu.org,http_200
27550,reddybook.pink,ENOTFOUND
27552,shekhauniexam.in,http_404
27555,libcal.com,http_404
27559,crexi.com,http_403
27558,zhuqiy.com,http_404
27522,securitasclient.net,timeout
27561,lepida.it,http_200
27565,immich.cloud,http_200
27566,bmtr.org,ENOTFOUND
27568,sitecorecontenthub.cloud,ENOTFOUND
27570,yomovies.foundation,ENOTFOUND
27546,fomentoacademico.gob.ec,timeout
27573,myrka.digital,ENOTFOUND
27576,sega.co.uk,http_429
27577,crucial.com,http_200
27505,t21v.ru,timeout
27557,workfront.com,timeout
27581,attainplatform.io,ENOTFOUND
27584,netmagicians.com,ENOTFOUND
27586,ubbcluj.ro,http_404
27587,kinghorsetotox59.com,http_403
27562,starhub.net.sg,timeout
27589,tcljd.com,http_404
27594,aenetworks.tv,http_200
27593,web3modal.org,http_404
27567,fortinet-notifications.com,timeout
27601,smartsuppcdn.com,ENOTFOUND
27605,samokat.io,ENOTFOUND
27606,awsdns-cn-49.com,ENOTFOUND
27604,my-ndns.com,ENOTFOUND
27609,bigscoots.com,http_404
27607,privacymark.jp,http_404
27613,808fubo19.com,ENOTFOUND
27615,ogomovies2.com,ECONNRESET
27616,toki25.com,http_200
27619,wfwf476.com,http_200
27625,edigitalsurvey.com,http_404
27624,dsci-net.com,http_401
27627,tfken.com,ENOTFOUND
27628,onyphe.net,ERR_TLS_CERT_ALTNAME_INVALID
27626,turbowin99.vip,http_403
27633,deadorbit.net,ENOTFOUND
27634,vlogerads.com,http_404
27579,fendi.com,timeout
27637,bumbcdn.com,http_200
27636,quiq-api.com,http_525
27640,thepennyhoarder.com,http_403
27643,av19d.com,http_200
27646,gxgx222.com,ENOTFOUND
27638,formzu.net,http_403
27591,billing.ru,timeout
27647,hondaurk.com,ENOTFOUND
27649,phimhaytoptop.com,http_403
27645,emon77mantul.xyz,http_403
27658,micro.blog,http_404
27599,huanghuai.edu.cn,timeout
27659,clusterdns.net,ENOTFOUND
27663,cncdomain.com,ENOTFOUND
27667,rmb-ss.jp,ENOTFOUND
27666,x-fins.com,DEPTH_ZERO_SELF_SIGNED_CERT
27669,infinity-component.com,http_200
27678,41xgeorgia.me,http_200
27674,chujingapp.com,http_404
27679,98totox45.com,http_403
27681,alexishave.com,ENOTFOUND
27682,alexisjuga.com,ENOTFOUND
27683,alexiskenal.com,ENOTFOUND
27685,alexislalu.com,ENOTFOUND
27686,alexisthink.com,ENOTFOUND
27688,alexistogel.ltd,ENOTFOUND
27687,alexistogel.id,ENOTFOUND
27680,aktifsuster123.com,http_403
27689,alexistogel.media,ENOTFOUND
27690,alexistogel.ninja,ENOTFOUND
27691,altogel.fit,ENOTFOUND
27695,av19.fit,http_200
27694,atkorat.net,http_200
27697,badak178bangga.com,http_200
27703,dolanutama.com,http_404
27706,epicsportz.live,ENOTFOUND
27705,epicsports.mobi,ENOTFOUND
27711,fsivideo.net,ENOTFOUND
27715,hondaturk.com,ENOTFOUND
27712,gebyarbellagio.pro.in,http_403
27707,epicsportz.xyz,ENOTFOUND
27717,jgwdybmjqo.com,http_403
27718,korats.net,http_200
27713,golygoal.com,http_200
27664,echodata.tv,timeout
27724,mawartotokano.com,ENOTFOUND
27728,memephimsexhay.com,http_403
27729,menuphimsexhay.com,http_403
27734,phimsexhayha.com,http_403
27733,my99exch.ink,http_404
27738,rajabandotdamai52.com,ENOTFOUND
27736,presidenttotop1.com,http_403
27740,rajabandotdamai60.com,ENOTFOUND
27739,rajabandotdamai56.com,ENOTFOUND
27743,rojadirectamas.fi,ENOTFOUND
27745,sbxh5.com,http_200
27746,sbxh6.com,http_200
27747,sbxh7.com,http_200
27741,rajabandotdamai62.com,ERR_TLS_CERT_ALTNAME_INVALID
27748,sbxh8.com,http_200
27735,preman69couk.com,http_200
27751,sexmacri.com,ERR_SSL_TLSV1_UNRECOGNIZED_NAME
27752,sexmesri.com,ERR_SSL_TLSV1_UNRECOGNIZED_NAME
27759,tvwiki30.net,ERR_SSL_SSL/TLS_ALERT_HANDSHAKE_FAILURE
27761,vegamoviese.co.in,http_403
27762,vegamoviez.com.in,http_403
27764,wfwf466.com,ENOTFOUND
27765,xarxx.sex,ERR_SSL_TLSV1_UNRECOGNIZED_NAME
27768,yalalive.app,http_200
27773,nsvcs.net,ENOTFOUND
27774,topps.com,http_403
27775,ankama.com,http_403
27776,flynas.com,http_403
27779,chargebeestaticv2.com,http_503
27780,zerody.one,http_404
27781,echocdn.com,ENOTFOUND
27777,securityspace.net,ERR_TLS_CERT_ALTNAME_INVALID
27788,100.app,ENOTFOUND
27789,neubox.net,err
27790,oceanfall.xyz,ENOTFOUND
27791,ftscrt.com,ENOTFOUND
27793,birkenwald.de,http_404
27792,googlegroups.com,http_404
27796,globalknowledge.com,http_404
27797,dom.ru,http_403
27758,tvwiki26.net,timeout
27798,litres.io,ENOTFOUND
27800,readyfor.jp,http_202
27802,fcapp.run,ENOTFOUND
27803,huffpo.net,ENOTFOUND
27804,andurildev.com,ENOTFOUND
27805,ns2online.com.br,ENOTFOUND
27807,btcscan.org,http_502
27810,awsdns-22.org,ENOTFOUND
27783,oi.net.br,ENOTFOUND
27812,arcelormittal.com,http_403
27809,okayama-u.ac.jp,http_404
27822,ifpserver.com,ENOTFOUND
27820,awsdns-cn-47.com,ENOTFOUND
27824,dipcon.com,ERR_SSL_TLSV1_UNRECOGNIZED_NAME
27795,diyanglawfirm.com,ENOTFOUND
27827,jcsc.online,http_200
27830,nubgames.com,ENOTFOUND
27833,samsungdms.net,ENOTFOUND
27836,domainseller.site,ENOTFOUND
27837,z-9-a-b.com,ENOTFOUND
27838,tiktokminis.us,http_404
27840,uptodown.app,http_404
27782,steelhousemedia.com,timeout
27786,ati.com,timeout
27846,usw-log.com,ENOTFOUND
27848,allegrostatic.com,ENOTFOUND
27847,bazookavpn.ru,ENOTFOUND
27849,fungame.cloud,http_404
27826,zyrosite.com,http_525
27855,ke2therm.net,http_403
27851,tunnely.ru,ENOTFOUND
27858,lesta.pw,ENOTFOUND
27859,legal-rights.us,UNABLE_TO_GET_ISSUER_CERT_LOCALLY
27860,tijd.be,http_403
27850,k-dyn.com,http_200
27862,partnerlinks.io,http_404
27866,nyacat.pw,ENOTFOUND
27869,oundhertobeconsist.org,http_404
27868,capenetworks.io,ENOTFOUND
27870,cdnhwclxu105.com,ENOTFOUND
27872,tvboxgo.com,ENOTFOUND
27874,tiktokstaticb.com,ENOTFOUND
27875,blinkit.to,http_403
27877,cloudx2.com,http_404
27881,email-messaging.com,ENOTFOUND
27853,seu.edu.cn,http_404
27883,xogrp.com,http_200
27864,jdsports.com,http_403
27885,skytigris.cn,http_404
27888,severstalgroup.com,ECONNREFUSED
27889,hit.edu.cn,http_403
27891,qiniuapi.com,ENOTFOUND
27893,sipflash.com,ENOTFOUND
27898,linuxquestions.org,http_403
27899,exploretock.com,http_403
27905,lesswrong.com,http_429
27904,tencent-cloud-gslb.com,ENOTFOUND
27906,cfx-services.net,ENOTFOUND
27857,tianya.cn,timeout
27907,beck.de,http_200
27909,dnsbox.net,ENOTFOUND
27910,incodesmile.com,http_200
27913,openssh.org,http_404
27916,djicdn.com,http_200
27917,enea.it,UNABLE_TO_VERIFY_LEAF_SIGNATURE
27871,flyingcroc.com,timeout
27876,apotube.com,timeout
27925,feedzai.cloud,ENOTFOUND
27930,met.police.uk,http_403
27929,awsdns-cn-58.cn,ENOTFOUND
27932,vips.ne.jp,ENOTFOUND
27933,newsbook.net,UNABLE_TO_VERIFY_LEAF_SIGNATURE
27939,baz-on.ru,http_200
27940,medianewsgroup.com,http_403
27945,oddsserve.com,DEPTH_ZERO_SELF_SIGNED_CERT
27937,redspace.io,timeout
27908,lyxshs.com,timeout
27941,yammerusercontent.com,timeout
27912,lidalawyer.com,timeout
27951,zhicyun.com,ENOTFOUND
27954,digitalsport.com.ar,http_403
27953,dns.business,http_404
27946,unipv.it,http_403
27958,awsdns-50.org,ENOTFOUND
27955,mte.gov.br,UNABLE_TO_VERIFY_LEAF_SIGNATURE
27965,pbone.net,http_404
27962,bjlhlawyer.com,ECONNREFUSED
27938,hebei.gov.cn,timeout
27966,vkusnoitochka.ru,http_403
27969,man.ac.uk,ERR_TLS_CERT_ALTNAME_INVALID
27974,omnititanemail.com,ENOTFOUND
27975,goodmaximum.com,ENOTFOUND
27980,fukuoka.lg.jp,ENOTFOUND
27979,enorth.com.cn,http_404
27984,pwc.co.uk,http_403
27987,pa18.com,ENOTFOUND
27989,openlearning.com,http_404
27993,daimler.com,ERR_TLS_CERT_ALTNAME_INVALID
27997,alwaysdata.com,http_404
27998,cloudcell.com,ERR_TLS_CERT_ALTNAME_INVALID
27994,gtja.com,ENOTFOUND
28001,motosport.com,http_200
27956,opta.net,timeout
28005,nyaatracker.com,ENOTFOUND
28008,fiservapis.com,ENOTFOUND
28011,digitgaming.com,ENOTFOUND
27957,riachuelo.com.br,timeout
28009,smart.com,http_500
28010,ascension.org,http_404
28017,kinotik13.xyz,http_403
28021,jr5yu01aa.com,ENOTFOUND
28025,sephora.fr,http_403
28026,mb-cdn.com,ENOTFOUND
28018,hga039.com,http_404
28030,volcvideos.com,ENOTFOUND
28027,vidmatefilm.org,ENOTFOUND
28031,martin-gebhardt.eu,http_404
28033,n340.com,ENOTFOUND
28034,lhmos.com,http_404
27968,fishersci.com,timeout
28036,securecafe.com,http_403
28032,manuscriptcentral.com,http_200
28039,yaklass.ru,http_403
28041,awsdns-63.org,ENOTFOUND
28044,ma-tag.com,ECONNRESET
28042,beget.email,http_404
28048,metaaivm.com,ENOTFOUND
28007,heartlandportico.com,ECONNREFUSED
28047,wide.net.au,ENOTFOUND
28050,gestionatusdns.com,ERR_TLS_CERT_ALTNAME_INVALID
28049,americanbanker.com,http_403
28053,hj2k2.com,ENOTFOUND
28057,leetchi.com,http_403
28056,agid.gov.it,http_403
28071,reagi.com,ERR_TLS_CERT_ALTNAME_INVALID
28074,qbk1.com,ENOTFOUND
28065,cmedns.com,ENOTFOUND
28078,cdnnetwork.fun,ENOTFOUND
28079,saveris.net,http_404
28046,zengslb.com,timeout
28082,webonic.hu,http_200
28081,pkg.dev,http_200
28086,downloadhelper.net,http_404
28087,qqmail.com,ENOTFOUND
28083,murdoch.edu.au,http_404
28089,kari.com,http_403
28094,abload.de,http_410
28095,yourwebsite.com,ECONNREFUSED
28023,mlsmatrix.com,timeout
28105,ceoiii.com,ENOTFOUND
28075,dishaccess.tv,timeout
28104,isdn.net,ENOTFOUND
28113,gdfsnt.com,ENOTFOUND
28117,1001tur.ru,http_403
28120,ijt10.com,ENOTFOUND
28121,stuve.de,http_404
28072,vranje-online.com,timeout
28127,tfn.net.tw,ENOTFOUND
28115,neea.edu.cn,http_404
28123,myzen.co.uk,ERR_TLS_CERT_ALTNAME_INVALID
28131,conrad.com,http_403
28128,twnic.tw,http_426
28133,bytexns.com,ERR_TLS_CERT_ALTNAME_INVALID
28132,colliers.com,http_403
28135,rediffmailpro.com,http_404
28102,fsk-ees.ru,timeout
28141,transip.net,http_200
28139,abvpn.ru,ENOTFOUND
28144,8tracks.com,http_403
28143,casaos.app,http_404
28150,themarysue.com,http_403
28112,harristeeter.com,timeout
28157,nimbusgrovelodge.com,ERR_SSL_TLSV1_ALERT_INTERNAL_ERROR
28158,awsdns-cn-25.cn,ENOTFOUND
28163,negocio.site,http_404
28122,delete-registration.com,timeout
28165,ah.gov.cn,http_403
28181,cr-relay.com,ENOTFOUND
28183,almayadeen.net,http_403
28179,todoist.net,ERR_TLS_CERT_ALTNAME_INVALID
28188,featuregates.org,http_403
28189,muoapeicp.top,ENOTFOUND
28191,morguefile.com,http_403
28192,overmobile.net,http_404
28194,ldrescdn.com,ENOTFOUND
28193,xl.pt,http_200
28199,istruzione.it,http_200
28154,aim-data.com,timeout
28200,feit-iot.com,ENOTFOUND
28201,mixtubeapp.com,http_404
28202,coocaa.in,ENOTFOUND
28207,9cache.com,ENOTFOUND
28206,skypixel.com,http_404
28209,stream.ne.jp,ENOTFOUND
28195,sbc.com,http_200
28208,uibe.edu.cn,http_200
28204,hwccpc.com,ENOTFOUND
28213,developpez.com,http_404
28215,kraftonde.com,ENOTFOUND
28218,dnspackage.com,http_200
28221,popcorn-tracker.org,CERT_HAS_EXPIRED
28178,kcn.ne.jp,timeout
28227,progrtb.com,http_403
28228,aidemsrv.com,http_200
28184,edgecastcdn.net,timeout
28231,disco-api.com,ENOTFOUND
28230,knaw.nl,http_403
28234,swarmcloud.org,ENOTFOUND
28233,china-airlines.com,http_200
28229,mashery.com,UNABLE_TO_VERIFY_LEAF_SIGNATURE
28235,galerieslafayette.com,http_403
28237,just-eat.es,http_403
28238,point-of-entry.com,http_404
28239,fga.dev,http_200
28232,aut.ac.nz,http_403
28247,6cloud.fr,ENOTFOUND
28248,wizardingworld.com,http_200
28251,dahuasecurity.com,http_404
28252,lscr.io,http_404
28223,hotlog.ru,timeout
28255,yrxtam.com,ENOTFOUND
28256,vismadns.com,ENOTFOUND
28257,vancouver.ca,http_403
28259,amitydigital.io,http_404
28261,flywheelsites.com,http_401
28263,nic.vip,ERR_TLS_CERT_ALTNAME_INVALID
28210,ipv6best.cn,timeout
28267,fa.ru,http_403
28268,nic.bet,ERR_TLS_CERT_ALTNAME_INVALID
28272,singledance.xyz,ENOTFOUND
28270,hivemq.cloud,http_404
28275,upstash.io,ENOTFOUND
28241,sciencenet.cn,http_404
28246,upmc.fr,http_200
28277,zatco.net,ECONNREFUSED
28276,cdnbye.com,http_404
28281,tryhackme.com,http_429
28282,percentagecal.com,http_403
28287,whwz8187o.com,ENOTFOUND
28288,ntnltech.com,ENOTFOUND
28291,hscoscdn00.net,ENOTFOUND
28279,got-game.org,ERR_SSL_WRONG_VERSION_NUMBER
28294,ucarecdn.com,http_404
28292,boldapps.net,http_200
28289,tapjoyads.com,ERR_TLS_CERT_ALTNAME_INVALID
28298,senscritique.com,http_403
28295,keybank.com,http_403
28303,prensaiberica.es,http_403
28302,photoshop.com,http_200
28296,bnu.edu.cn,http_404
28311,mainnameserver.com,ENOTFOUND
28309,awsdns-cn-31.com,ENOTFOUND
28318,cyphervpn.pro,http_502
28308,123js.cn,http_404
28321,xmsecu.com,http_404
28326,protectedtransactions.com,ENOTFOUND
28329,onisep.fr,http_403
28315,szse.cn,http_200
28337,amdm.ru,http_403
28342,olm.vn,http_403
28343,getmicrosoftkey.com,ENOTFOUND
28344,interdns.co.uk,ENOTFOUND
28346,gismeteo.st,ENOTFOUND
28351,walletbot.me,http_404
28353,ns.mv,ECONNREFUSED
28349,sutteriny0device.buzz,ENOTFOUND
28359,herts.ac.uk,http_403
28360,ks-la.net,ENOTFOUND
28284,illum.io,timeout
28338,cloudmaestro.com,timeout
28363,timas.cloud,ENOTFOUND
28366,itocservices.net,ENOTFOUND
28371,conoha.io,ENOTFOUND
28335,lsn.net,timeout
28333,databridges.tech,timeout
28381,tuanguwen.com,ENOTFOUND
28379,stockholm.se,http_404
28382,da7akni.net,ENOTFOUND
28387,skprs.net,ENOTFOUND
28365,queniudns.net,ENOTFOUND
28389,nic.win,ERR_TLS_CERT_ALTNAME_INVALID
28390,osaio.net,http_404
28394,mistsys.net,ENOTFOUND
28391,s7cdn.online,http_403
28397,ohiolottery.com,http_404
28395,sznews.com,http_404
28401,ipv64.de,ERR_SSL_TLSV1_UNRECOGNIZED_NAME
28402,awm.ovh,ENOTFOUND
28400,trcont.ru,UNABLE_TO_VERIFY_LEAF_SIGNATURE
28406,byndid.com,ENOTFOUND
28403,servconfig.com,ERR_TLS_CERT_ALTNAME_INVALID
28407,dns-virtara.com,http_404
28404,uanl.mx,http_404
28408,hs.edu.tw,ENOTFOUND
28410,vnpt.vn,ERR_SSL_DH_KEY_TOO_SMALL
28413,click.uz,http_404
28419,aeza-dns.net,ENOTFOUND
28364,rcp.net.pe,timeout
28421,cbsaavideo.com,ENOTFOUND
28422,mazda.com,http_404
28425,yourchain.info,ENOTFOUND
28429,nanopool.org,http_404
28431,agma-analytics.de,ENOTFOUND
28372,thestate.com,timeout
28434,nicegrup.com,ENOTFOUND
28430,awsdns-cn-58.biz,ENOTFOUND
28437,lucidhq.cloud,ENOTFOUND
28440,futurehybrid.tech,http_200
28441,southasiabp.org,ENOTFOUND
28439,lunarpages.com,http_200
28442,huduser.gov,http_202
28433,jrc.or.jp,http_404
28443,hostway.net,ERR_TLS_CERT_ALTNAME_INVALID
28445,php-editors.com,CERT_HAS_EXPIRED
28448,minjust.ru,ERR_TLS_CERT_ALTNAME_INVALID
28444,bmstu.ru,http_403
28453,adaware.com,http_200
28462,replit.dev,http_200
28457,openinstall.com,http_200
28465,awsdns-cn-27.cn,ENOTFOUND
28467,j-3-x-r.com,http_405
28461,aixin119.cn,ECONNRESET
28468,govskope.us,timeout
28470,o365weve.com,timeout
28426,siidc.net,timeout
28474,atwebpages.com,http_404
28479,clarobrasil.mobi,ENOTFOUND
28482,pointdnshere.com,http_403
28481,capitalonline.net,http_404
28485,go2sdk.com,ENOTFOUND
28452,court.gov.ua,timeout
28475,topath.net.cn,http_404
28490,vox-cdn.com,http_500
28488,haifa.ac.il,http_200
28492,coremedia.cloud,ENOTFOUND
28493,videohype.net,ENOTFOUND
28491,eui.eu,http_404
28494,ntc.net.pk,http_404
28496,x-y-7-z.com,http_405
28489,sumo.or.jp,http_404
28501,use-tencentclb.cloud,ENOTFOUND
28469,renewyourname.net,timeout
28505,sharpschool.com,http_200
28471,consolidated.net,timeout
28508,kas-dns-server.de,ENOTFOUND
28509,awsdns-cn-23.biz,ENOTFOUND
28517,moevideo.net,http_200
28518,72.in-addr.arpa,ENOTFOUND
28520,caprofitx.com,http_403
28524,ishano456.sbs,ENOTFOUND
28528,awsdns-00.org,ENOTFOUND
28531,r-point-of-entry.com,http_403
28532,fly.io,http_404
28535,trybloomstudio.com,ENOTFOUND
28512,moj.gov.cn,ENOTFOUND
28541,byfly.by,http_200
28540,nodak.edu,ENOTFOUND
28545,10times.com,http_403
28543,likeinter.com,http_404
28514,qnyglobal.com,timeout
28551,traelix.com,ENOTFOUND
28553,offshorehosting.name,http_404
28546,messagelabs.com,http_200
28556,no-protect.com,http_404
28558,rezdy.com,http_200
28552,wkyc.com,http_200
28550,loewe.com,http_200
28561,salla.sa,http_410
28563,liangxin1.xyz,ENOTFOUND
28564,osgeo.org,http_404
28570,autohotkey.com,http_403
28566,illinois.net,http_200
28572,le1twed.com,ENOTFOUND
28574,rallytrck.website,ENOTFOUND
28575,cyberbackgroundchecks.com,http_403
28578,dolynksecurity.com,ENOTFOUND
28579,dolap.com,http_403
28580,vonagenetworks.net,ENOTFOUND
28584,personio-internal.de,ENOTFOUND
28542,a-dns-service.de,timeout
28504,flyasiana.com,timeout
28585,awsdns-cn-52.biz,ENOTFOUND
28577,idcfcloud.com,http_404
28591,rageagainstthesoap.com,ENOTFOUND
28589,m5stack.com,http_404
28593,k-2-j-d.com,http_405
28596,q2digitalbanking.com,ENOTFOUND
28592,ee-share.com,http_404
28599,skyhook.com,http_421
28604,x-b-i-3.com,http_405
28607,tegnaone.com,http_403
28605,viavarejo.com.br,http_403
28612,wmur.com,http_451
28613,interia.com,ERR_TLS_CERT_ALTNAME_INVALID
28614,rolls-royce.com,http_403
28616,luadns.net,ENOTFOUND
28618,uchealth.org,http_403
28621,mpeasylink.com,ENOTFOUND
28623,amcdn.vn,http_200
28625,shields.io,http_200
28628,networklayer.com,ENOTFOUND
28626,visma.net,http_200
28633,faceapp.io,ENOTFOUND
28597,nexstardigital.net,timeout
28635,myicomfort.com,http_200
28636,jyb.cn,ECONNREFUSED
28641,cornfused.org,http_403
28640,uzoomstudio.com,ERR_TLS_CERT_ALTNAME_INVALID
28645,operationsports.com,http_403
28643,qlikcloud.com,http_200
28647,pink-service.ru,ENOTFOUND
28649,geysermc.org,http_404
28654,donaldjtrump.com,http_403
28655,businessidentity.llc,ENOTFOUND
28656,crackle.com,ERR_TLS_CERT_ALTNAME_INVALID
28573,menara.ma,timeout
28659,bestecasinosechtgeld.com,http_404
28661,jsonip.com,http_400
28662,famfamfam.com,ENOTFOUND
28663,marcus.com,http_403
28665,potterybarnkids.com,http_200
28664,cnfol.com,http_404
28670,doc-exam.com,http_404
28672,araknisdns.com,ENOTFOUND
28675,btncdn.com,ENOTFOUND
28676,smushcdn.com,ENOTFOUND
28674,anteldata.net.uy,ENOTFOUND
28678,easypanel.host,ENOTFOUND
28679,swiftgram.app,http_404
28683,ncplatform.net,http_403
28680,flyfoxgames.com,http_404
28677,adtimaserver.vn,ENOTFOUND
28684,softline.com,http_404
28685,thordata.online,ENOTFOUND
28691,ungleich.ch,http_404
28693,mybroadband.co.za,http_403
28689,operadds.com,http_403
28699,ge.ch,http_200
28697,nowdrm.co,ERR_TLS_CERT_ALTNAME_INVALID
28694,book118.com,http_200
28620,mercedes-benz.de,timeout
28707,wintercloud.net,ENOTFOUND
28700,medproad.com,http_200
28705,xspmail.jp,ENOTFOUND
28710,freefireind.in,ENOTFOUND
28711,cargurus.co.uk,http_200
28708,threatpost.com,http_503
28715,yamallng.ru,ECONNREFUSED
28717,blacknightdns.com,CERT_HAS_EXPIRED
28719,hey.com,http_404
28722,shoppersdrugmart.ca,http_403
28721,suek.ru,ENOTFOUND
28724,raileurope.com,http_403
28709,damddos.com,http_200
28720,pairnic.com,http_404
28727,voipgate.network,ERR_TLS_CERT_ALTNAME_INVALID
28731,pravoslavie.ru,http_404
28729,brilliantearth.com,http_403
28730,polarcdn-terrax.com,http_404
28734,nic.st,http_404
28738,stcn.com,http_404
28744,seized.gov,ENOTFOUND
28743,stackit.cloud,http_200
28736,vicp.fun,CERT_HAS_EXPIRED
28747,gridhost.com,DEPTH_ZERO_SELF_SIGNED_CERT
28746,networkforgood.com,UND_ERR_HEADERS_OVERFLOW
28749,vintedapp.com,http_403
28750,kabel-deutschland.de,ERR_TLS_CERT_ALTNAME_INVALID
28757,yfsp.tv,http_404
28762,awsdns-41.org,ENOTFOUND
28763,cloudwifi.com,ENOTFOUND
28758,china-embassy.gov.cn,ENOTFOUND
28723,myfairpoint.net,ECONNREFUSED
28769,adobe-identity.com,ENOTFOUND
28760,wstfls.com,CERT_HAS_EXPIRED
28771,thieme-connect.de,http_200
28772,pem-teads.tv,ENOTFOUND
28775,gmane.org,ENOTFOUND
28776,acl.gov,http_403
28779,gannettinnovation.com,http_204
28777,hmecloud.com,http_200
28773,clark.nv.us,ENOTFOUND
28780,opentor.org,UNABLE_TO_GET_ISSUER_CERT_LOCALLY
28781,cdnhwcpsd13.com,ENOTFOUND
28787,tradovateapi.com,http_404
28790,krita.org,http_404
28792,solta.io,http_404
28795,cdmondns-01.com,ENOTFOUND
28798,bvg.de,http_200
28800,itvhotline.info,http_520
28802,chinaadec.com,http_404
28806,rspcdn.net,ENOTFOUND
28807,userzoom.com,http_200
28809,1and1-dns.com,ENOTFOUND
28811,jumpdns.net,ECONNREFUSED
28789,fengpongshu.com,timeout
28803,udmvt.ru,timeout
28819,ykimg.com,http_502
28808,playstation-cloud.com,timeout
28821,stardust-tv.com,http_404
28823,sitelutions.com,http_404
28826,impactradius.com,http_200
28824,dingtalkapps.com,ERR_TLS_CERT_ALTNAME_INVALID
28829,eurid.eu,http_473
28830,adobecc.com,ENOTFOUND
28813,slim01.jp,timeout
28827,autocad.com,http_403
28836,manymanuals.com,http_403
28831,fapaiwang.cn,CERT_HAS_EXPIRED
28786,kaseya.net,timeout
28841,cjponyparts.com,http_403
28842,qstar.video,ENOTFOUND
28840,myip.la,http_404
28799,textfiles.com,timeout
28852,daxinlicai.com,ENOTFOUND
28853,husqvarnagroup.net,CERT_HAS_EXPIRED
28850,salaryexpert.com,http_403
28857,usda.net,ENOTFOUND
28859,frontrics.site,ENOTFOUND
28858,awsdns-cn-56.net,ENOTFOUND
28860,nic.systems,ERR_TLS_CERT_ALTNAME_INVALID
28865,jebbit.com,http_200
28866,mobile-api.ru,http_404
28867,registrar.eu,http_404
28869,itar-tass.com,CERT_HAS_EXPIRED
28870,turk.net,http_200
28871,ammyy.com,http_200
28868,everyaction.com,UND_ERR_HEADERS_OVERFLOW
28872,bytemark.co.uk,http_404
28877,or.cz,http_404
28875,tracker.ink,ECONNREFUSED
28878,mrbetvip.com,ENOTFOUND
28881,net-hosted.com,ERR_TLS_CERT_ALTNAME_INVALID
28882,cdnpf.com,http_404
28854,emailarray.com,http_404
28886,correos.es,http_404
28885,transfermarkt.us,http_200
28890,freshconnect.io,http_404
28894,kbzpay.com,http_404
28898,awsdns-21.org,ENOTFOUND
28843,gotdns.com,timeout
28844,go2assist.me,timeout
28903,bbbgame.net,ENOTFOUND
28905,r66nv9ed.com,ECONNRESET
28904,ibook.info,http_200
28907,nexgoglobal.com,http_404
28913,hcspan.com,ENOTFOUND
28918,embed-player.space,http_404
28921,emptyfieldgrassm.com,ENOTFOUND
28923,81.cn,http_404
28876,10in30.com,timeout
28928,incometaxindia.gov.in,http_403
28929,srip.net,ENOTFOUND
28930,intelius.com,http_403
28919,sunnypingdrink.com,timeout
28931,benjerry.com,http_403
28892,hostyourservices.net,timeout
28920,racsa.co.cr,ERR_SSL_SSL/TLS_ALERT_HANDSHAKE_FAILURE
28936,185.in-addr.arpa,ENOTFOUND
28935,libreview.ru,http_404
28939,itools.info,http_200
28943,airport.us,http_200
28944,domainserver.ne.jp,CERT_HAS_EXPIRED
28906,malegislature.gov,timeout
28940,changeip.us,ERR_SSL_WRONG_VERSION_NUMBER
28955,vlitag.com,ENOTFOUND
28954,roulettino-casino.org,http_404
28958,sberbank-service.ru,http_403
28950,usm.my,http_404
28957,honorma.com,UNABLE_TO_VERIFY_LEAF_SIGNATURE
28965,pdgame123.com,http_405
28966,yottaa-prod.com,ENOTFOUND
28967,acml.com,ENOTFOUND
28968,massimodutti.com,http_403
28970,gmx.us,http_404
28974,time.gov,http_404
28973,jupiteradx.com,http_404
28976,gigya-api.com,ENOTFOUND
28971,zhibo8.com,http_404
28980,pxfuel.com,http_403
28985,aimxhub.com,ENOTFOUND
28982,iplanisp.com,ENOTFOUND
28986,goop.com,http_403
28987,deviceaccess.host,ENOTFOUND
28988,hut.fi,ENOTFOUND
28992,thinkdifferent.us,http_200
28993,jlrext.com,ENOTFOUND
28991,kalay.net.cn,http_404
28995,nic.my,ENOTFOUND
28926,katren.ru,timeout
29002,avsystem.cloud,http_200
29005,alipay.com.cn,http_404
29007,ccsteam.ru,ENOTFOUND
28998,ncsoft.com,http_200
29009,flaconi.de,http_403
29013,orlistate.online,http_200
29016,pfxprod.com,ENOTFOUND
29012,doregi.com,http_404
29017,huobi.pro,ECONNREFUSED
29020,trumpary.com,ERR_SSL_TLSV1_ALERT_INTERNAL_ERROR
29021,projectk.org,http_200
29022,cargoplus.cn,http_404
29025,peugeot.com,http_403
29026,chillispot.info,ERR_TLS_CERT_ALTNAME_INVALID
29028,bloody-disgusting.com,http_403
29033,kenpains.com,ENOTFOUND
29035,verintcloudservices.com,ENOTFOUND
29034,hostingberry.com,DEPTH_ZERO_SELF_SIGNED_CERT
29003,insomniaccia.com,http_503
29040,ggmax.com.br,http_403
28972,yxotakeji.com,timeout
29042,netbeans.org,http_404
29044,ezcater.com,http_403
29053,estacio.br,http_403
29054,cintnetworks.com,ENOTFOUND
29048,brasil.gov.br,CERT_HAS_EXPIRED
29049,zztfly.com,CERT_HAS_EXPIRED
29059,booktopia.com.au,http_403
29061,travelweekly.com,http_403
29064,five9.net,http_404
29032,esmplus.com,http_200
29073,mchost.guru,ENOTFOUND
29076,hembed.com,ERR_TLS_CERT_ALTNAME_INVALID
29014,springlightcfl.com,timeout
29075,arenabreakout.com,http_404
29078,tut.by,ENOTFOUND
29082,booklog.jp,http_202
29083,cambiumtds.com,ENOTFOUND
29081,online.net,http_404
29084,openrainbow.com,http_200
29085,acc-edge.com,ECONNREFUSED
29088,earthweb.com,http_403
29086,rim.or.jp,http_404
29092,pipigougamingstudio.com,http_404
29071,bitgravity.com,http_200
29106,tsp.li,ENOTFOUND
29102,intrack.ir,http_404
29107,xp94.com,ENOTFOUND
29112,lawyers.com,http_403
29114,tryhackx.org,http_404
29116,nashvybor.online,http_406
29096,cilema.xyz,timeout
29117,fortunedancer.com,http_200
29070,interimnameserver.com,timeout
29119,filedownloadlink.xyz,ENOTFOUND
29120,1cv8update.com,http_403
29121,qidigroup.com,ECONNREFUSED
29129,perfalytics.com,http_404
29109,locsec.net,timeout
29136,auth-secure-socket.com,http_404
29139,tipico.de,http_200
29146,likr.tw,http_404
29148,ubncloud.com,ENOTFOUND
29147,scenariolearning.net,ENOTFOUND
29149,flixfacts.com,ENOTFOUND
29150,vaxilu.com,ENOTFOUND
29152,ocmtag.com,http_404
29110,bidence.net,timeout
29155,wbgames.com,http_200
29113,hexsdk.com,timeout
29160,1plus.io,ENOTFOUND
29163,vseosvita.ua,http_403
29164,qwadro.com,ENOTFOUND
29167,freenom.com,http_404
29168,toogoodtogo.com,http_429
29172,teoacc.com,ENOTFOUND
29177,toureiffel.paris,http_200
29176,vfc.com,http_404
29178,strike.fox,ENOTFOUND
29179,aireuropa.com,http_403
29181,gt162037.com,ENOTFOUND
29180,klei.com,http_404
29183,partcommunity.com,http_403
29131,law-gov.cn,timeout
29184,vncdn.net,ENOTFOUND
29187,forbes.com.br,http_403
29186,mailbank.com,EHOSTUNREACH
29193,newarab.com,http_403
29199,hkexnews.hk,http_400
29170,torrentclub.online,timeout
29201,voipgate.com,http_404
29151,omk.ru,timeout
29206,supremepanel.com,ENOTFOUND
29207,superhumanstatic.com,http_404
29209,d-velop.cloud,http_200
29211,reactos.org,http_200
29185,quickddns.com,ENOTFOUND
29208,thzhost.com,http_404
29216,qoder.sh,ENOTFOUND
29223,cdn.cr,ENOTFOUND
29224,hansha.online,http_404
29227,namestar.com,http_403
29232,rabbitmq.com,http_404
29235,fontshare.com,http_200
29237,t2rytwsha.com,ENOTFOUND
29236,tixr.com,http_403
29239,mst.edu,http_404
29188,mysynchrony.com,timeout
29241,monopost.com,err
29244,shopco.com,ERR_TLS_CERT_ALTNAME_INVALID
29217,ugs.com,timeout
29218,cnstock.com,http_404
29253,part-kom.ru,http_204
29246,topelec.com.cn,http_404
29255,bytedgame.com,ENOTFOUND
29251,midco.net,CERT_HAS_EXPIRED
29260,ntu.ac.uk,http_403
29256,cdnhwc9.com,ENOTFOUND
29265,novmedtech.ru,http_404
29262,wiodo.tech,http_200
29200,get.no,timeout
29268,onlinehome.us,ERR_SSL_TLSV1_ALERT_INTERNAL_ERROR
29269,mx.microsoft,ENOTFOUND
29272,safenames.com,http_403
29266,njgjp.com,http_404
29277,echofungames.net,ENOTFOUND
29278,billionaire-spin.io,http_404
29281,persistfromchicago.com,ENOTFOUND
29280,vitaexpress.ru,http_503
29279,gyxrmyy.cn,ENOTFOUND
29284,baohiemxahoi.gov.vn,http_404
29287,justspam.org,ECONNREFUSED
29248,dyndns-ip.com,timeout
29297,api-yandex.net,ENOTFOUND
29298,nic.ltd,ERR_TLS_CERT_ALTNAME_INVALID
29299,rocket-cdn-eu.biz,ENOTFOUND
29305,cwtv.com,http_452
29307,apartmenthomeliving.com,http_403
29311,m10s.io,ENOTFOUND
29310,ipv6tracker.org,DEPTH_ZERO_SELF_SIGNED_CERT
29314,gtue.world,http_200
29316,rlinfraservices.com,ENOTFOUND
29318,turnerapps.com,ENOTFOUND
29317,interfax-russia.ru,http_200
29322,mysonicwave.com,ENOTFOUND
29326,paytmbank.com,http_403
29327,twdcns.com,http_403
29328,slackdns.com,ENOTFOUND
29330,gateway.dev,http_404
29335,attntags.com,ENOTFOUND
29334,atf.gov,http_403
29336,adikteev.io,ENOTFOUND
29339,allfootballapp.com,http_404
29337,eapps.com,ENOTFOUND
29304,gxzf.gov.cn,ECONNREFUSED
29312,beepong.net,timeout
29333,zhejiang.gov.cn,ENOTFOUND
29342,qidi3dprinter.com,ENOTFOUND
29350,mollyflow.com,ENOTFOUND
29274,dilg.gov.ph,timeout
29352,fancyanalytics.net,http_404
29351,hostmar.com,CERT_HAS_EXPIRED
29346,suidc.com,ERR_TLS_CERT_ALTNAME_INVALID
29353,samanage.com,http_200
29361,cb2.com,http_403
29362,9ljp.com,ENOTFOUND
29364,alkira3.net,ENOTFOUND
29367,htplayground.com,ENOTFOUND
29368,naydex.net,http_403
29366,mc-complex.com,http_404
29371,dns05.com,ERR_SSL_WRONG_VERSION_NUMBER
29372,wuchuyun.com,http_403
29377,uberns.info,ENOTFOUND
29378,moe.edu.tw,ENOTFOUND
29382,awsdns-cn-35.biz,ENOTFOUND
29384,dengisrazy.ru,http_403
29388,ck12.org,http_403
29370,toyohara.ru,timeout
29391,mgo.com,http_200
29394,raindrop.page,http_404
29399,pppefa.com,http_404
29402,pointandplace.com,http_200
29403,mdpi-res.com,http_404
29404,s-bol.com,ENOTFOUND
29405,jgrqyxupl.com,ENOTFOUND
29376,nic.ml,ENETUNREACH
29408,wedos.net,ENOTFOUND
29355,slcloud.ru,timeout
29410,utrsed.com,ENOTFOUND
29358,bobaocn.com,timeout
29414,autodoc.co.uk,http_403
29406,litek.cn,ECONNREFUSED
29416,ansmp.net,ENOTFOUND
29413,ebuckler.com,ENOTFOUND
29417,peoplefinders.com,http_403
29420,shop.com,http_403
29425,tsmc.com,http_403
29426,ruijieyun.com,ENOTFOUND
29424,bradescopj.com.br,http_200
29428,cloudsystemnetworks.com,ECONNREFUSED
29430,insops.net,ENOTFOUND
29392,blockboardtech.com,timeout
29435,awsdns-01.org,ENOTFOUND
29440,hket.com,http_403
29436,rodeointl.com,ERR_TLS_CERT_ALTNAME_INVALID
29441,videoplaza.tv,http_404
29443,visitnorway.com,http_403
29445,ksztone.com,http_404
29418,state.or.us,timeout
29438,honeyping.com,timeout
29439,pingmybee.net,timeout
29437,ecnu.edu.cn,http_404
29450,cheapoair.com,http_403
29452,seizedservers.com,http_403
29453,consumerist.com,http_410
29459,dbschenker.com,http_404
29460,cisdata.net,CERT_HAS_EXPIRED
29457,cpc-sieton.cn,ECONNREFUSED
29462,v.gd,http_200
29464,webpronews.com,http_403
29456,cruisesystem.com,http_404
29467,rvohealth.com,http_200
29465,bradescoprime.com.br,http_200
29470,boomlings.com,http_403
29446,chocopinglate.org,timeout
29471,uralsibbank.ru,err
29474,foreskin.cc,ECONNRESET
29475,maa.org,http_403
29473,szgjp.com,http_404
29480,heartland.us,http_403
29477,tatamotors.com,http_403
29479,int-ncloudgtm.com,ENOTFOUND
29483,omiapp.me,http_404
29487,torrentsmd.com,http_200
29444,rightnowtech.com,timeout
29482,cau.edu.cn,http_200
29491,wishabi.net,ENOTFOUND
29490,alestra.net.mx,ECONNREFUSED
29481,docebosaas.com,http_404
29502,cdnhwcllh11.com,ENOTFOUND
29503,orb.ru,http_503
29504,alghas.cc,ENOTFOUND
29500,boj.or.jp,http_404
29512,pearlabyss.com,http_404
29515,vulkan-spiele-online.com,ECONNRESET
29517,sxgjp.com,http_404
29519,jht.services,http_404
29520,rutube-cdn.com,ENOTFOUND
29521,zonasearch.com,ENOTFOUND
29522,excelsecu.com.cn,http_200
29485,tplink.com,timeout
29510,tomodoko.com,http_404
29530,nicegram.app,ENOTFOUND
29499,cendant.com,timeout
29531,narrativ.com,ENOTFOUND
29532,yoyospins.net,http_404
29538,forrent.com,http_403
29528,awardpongsur.org,timeout
29516,pldt.net,timeout
29541,chavoads.com,http_404
29543,pprdfa.com,http_404
29544,images-iherb.com,ENOTFOUND
29518,dzszyjsxx.com,timeout
29548,smartrg.com,ENOTFOUND
29551,volkswagen.com,http_200
29549,customwheeloffset.com,http_405
29554,tbiwtech.com,ENOTFOUND
29552,nmpa.gov.cn,http_404
29558,onvesper.com,ENOTFOUND
29560,dguv.de,http_404
29559,tobii.com,http_200
29555,hbchengjian.com,ERR_SSL_TLSV1_ALERT_INTERNAL_ERROR
29561,ussoccer.com,http_200
29567,rpcpool.com,ECONNREFUSED
29525,limoodns.com,timeout
29565,ewuye.vip,http_404
29566,sogaz.ru,http_403
29568,pamyat-naroda.ru,http_404
29570,nintendo.co.uk,http_200
29575,gammacdn.com,ENOTFOUND
29573,traceparts.com,http_403
29534,sdyuxi.com,timeout
29581,optima-telekom.hr,ENOTFOUND
29577,jiasule.net,SELF_SIGNED_CERT_IN_CHAIN
29584,lkdgdcg1.com,ENOTFOUND
29571,wxgrasp.com,http_404
29580,es.net,http_404
29588,iptv2021.com,ENOTFOUND
29590,globalsun.io,http_200
29592,eccdn.co,ERR_SSL_TLSV1_ALERT_INTERNAL_ERROR
29585,yn.gov.cn,http_404
29595,goodnic.net,ECONNREFUSED
29599,suanovela.com,http_404
29602,unicatt.it,http_200
29600,indianrailways.gov.in,ECONNREFUSED
29606,xaas.systems,ENOTFOUND
29609,whatismyip.host,http_200
29612,ppecufa.com,http_404
29618,avnet.com,http_403
29617,avmws.com,http_200
29622,gelocal.it,ENOTFOUND
29615,soutugo.com,ERR_TLS_CERT_ALTNAME_INVALID
29625,mintel.com,http_200
29608,staging-airtableblocks.com,ERR_TLS_CERT_ALTNAME_INVALID
29621,shanghufang.com,http_404
29627,osnova.io,ENOTFOUND
29632,volza.com,http_403
29633,amherst.edu,http_405
29626,mingsenlawyer.com,ECONNREFUSED
29634,cloudsfor.com,http_404
29638,ttcportals.com,http_403
29639,zaubacorp.com,http_403
29640,wptrf.com,ENOTFOUND
29635,ttslots.games,http_404
29643,trimblecloud.com,ENOTFOUND
29646,sbermegamarket.ru,http_403
29650,axissecurity.com,ECONNREFUSED
29651,ptsecurity.ru,SELF_SIGNED_CERT_IN_CHAIN
29652,alchemer.eu,http_404
29656,modelmayhem.com,http_403
29654,oneprotaro.com,http_404
29661,cloudcpp.com,http_404
29666,pokkt.com,http_200
29674,gtconnectedservices.com,ENOTFOUND
29676,netraidly.ru,UND_ERR_SOCKET
29675,ulpgc.es,http_403
29677,bluehost.in,http_403
29657,byd.auto,timeout
29679,nordicsemi.com,http_403
29681,photoconnector.net,ENOTFOUND
29680,targetrtb.com,http_404
29682,suremdm.io,http_404
29683,societegenerale.com,http_404
29684,reflected.net,http_403
29685,fwsyxt.com,ERR_TLS_CERT_ALTNAME_INVALID
29687,s1search.co,http_400
29688,cofc.edu,http_404
29653,disneyworld.eu,timeout
29659,sogoucdn.com,timeout
29691,truevaultcdn.com,http_403
29689,changan.com.cn,http_200
29692,nbqfbj.com,http_404
29695,royal-elementor-addons.com,http_403
29696,pogospike.com,ENOTFOUND
29697,boost.org,http_404
29699,agddns.net,http_404
29701,getletterpress.com,http_200
29672,hbzy.edu.cn,timeout
29703,enplus.ru,http_403
29702,mapq.st,http_202
29710,atitesting.com,http_403
29716,bcbits.com,ENOTFOUND
29715,scio.gov.cn,ENOTFOUND
29719,boatsgroup.com,http_403
29722,vaicore.xyz,ENOTFOUND
29724,v-one.click,http_200
29729,idexxsmartservice.com,ENOTFOUND
29730,hillnohouse.com,http_404
29720,thinkphp.cn,http_404
29735,bmwk.de,http_404
29731,mavenlink.com,http_200
29747,yhgfb-cn-static.com,ENOTFOUND
29750,topsrvimp.com,ENOTFOUND
29751,chasecdn.com,ENOTFOUND
29752,stratum1.ru,http_200
29757,elements.video,ENOTFOUND
29760,ads2.bid,http_200
29759,samsunggeopush.com,ENOTFOUND
29744,cdsuojia.com,http_404
29763,dmagazine.com,http_403
29764,therecord.media,http_404
29761,klclick1.com,ECONNRESET
29776,sougo.net,ERR_TLS_CERT_ALTNAME_INVALID
29780,wmflabs.org,http_200
29783,hscoscdn20.net,ENOTFOUND
29785,aerosafe.work,ENOTFOUND
29705,sourcedns.com,timeout
29786,mydnscloud.com,ENOTFOUND
29790,zoomconnector.com,ENOTFOUND
29792,portotheme.com,http_403
29789,hotsoz.com,CERT_HAS_EXPIRED
29795,adobe-addons.com,ENOTFOUND
29793,adserving.ru,http_200
29796,dns-domain.jp,ECONNREFUSED
29797,czgjp.com,http_404
29803,pathtosuccess.global,http_404
29806,tele2.net,CERT_HAS_EXPIRED
29809,awsdns-cn-61.com,ENOTFOUND
29810,physorg.com,ERR_TLS_CERT_ALTNAME_INVALID
29812,houstontx.gov,http_200
29814,yundunwaf4.com,ENOTFOUND
29815,rcncustomer.com,ENOTFOUND
29754,hmzyet.com,timeout
29817,republika.pl,ERR_SSL_TLSV1_ALERT_INTERNAL_ERROR
29819,nic.office,http_404
29769,filesyscrm.com,timeout
29820,bna.com,http_403
29823,brocku.ca,http_403
29800,cloud-xip.com,ENOTFOUND
29824,firefoxusercontent.com,http_403
29825,corvetteforum.com,http_403
29830,wemesh.ca,http_404
29834,adservrs.com,ENOTFOUND
29811,neodatagroup.com,http_200
29837,ihop.com,http_403
29838,helper-internet.com,ENOTFOUND
29841,savantcs.com,ENOTFOUND
29849,safesecureweb.com,ENOTFOUND
29826,nihr.ac.uk,http_403
29856,seoab.io,ECONNRESET
29808,fredmeyer.com,timeout
29827,omniture.com,timeout
29860,60ah.com,ENOTFOUND
29859,prodns.eu,ENOTFOUND
29876,configurationcenter.com,http_404
29878,salesmarketmsk.ru,ENOTFOUND
29884,aexp-static.com,http_404
29881,awsdns-cn-52.cn,ENOTFOUND
29887,lgwebostv.com,ENOTFOUND
29889,nopcommerce.com,http_403
29891,blinkist.com,http_403
29894,veradigmcloud.com,ENOTFOUND
29893,guess.com,http_403
29895,goip.de,http_200
29896,jira.com,http_200
29900,fnf.com,http_404
29904,familytreenow.com,http_403
29905,billionaire-spins.com,http_404
29902,hyey.cn,http_404
29908,hardreset.info,http_403
29912,z.fi,ENOTFOUND
29913,meli-n13.info,ENOTFOUND
29842,suo-lang.com,timeout
29919,huayoucn.com,http_520
29921,ussearch.com,http_403
29922,toponadss.com,ENOTFOUND
29923,hi3gaccess.se,ENOTFOUND
29925,forgen.cc,ENOTFOUND
29929,hostguy.com,http_404
29931,playrust.com,http_200
29924,ctihk.com,ERR_TLS_CERT_ALTNAME_INVALID
29933,webrserver.com,http_404
29903,ponghive.org,timeout
29930,ok.com,http_200
29936,polarcdn-engine.com,http_403
29935,nihon-u.ac.jp,http_200
29943,tekta.com,http_200
29941,its-newid.net,http_200
29944,net318.cn,ENOTFOUND
29949,sfdns.net,ENOTFOUND
29951,bsu.edu,http_403
29955,groupe-sncf.com,http_403
29888,libreriauniversitaria.it,timeout
29950,infoldgames.com,http_404
29959,68.in-addr.arpa,ENOTFOUND
29962,wtsp.com,http_200
29966,atlanta-games.com,ENOTFOUND
29967,casino-mit-gewinnchance.de,ECONNRESET
29970,tleechreload.org,http_404
29974,114dns.com,UNABLE_TO_VERIFY_LEAF_SIGNATURE
29976,hightail.com,http_400
29979,friendfeed.com,ERR_TLS_CERT_ALTNAME_INVALID
29948,aatkit.com,timeout
29986,vwfs.tools,ENOTFOUND
29991,opec.org,http_403
29987,shjyun.com,http_404
29993,vitals.app,http_200
29992,fsvps.ru,http_403
29996,kmp.im,http_404
29999,cequintvzwecid.com,ENOTFOUND
29998,sysinternals.com,http_404
29995,mefound.com,ERR_SSL_WRONG_VERSION_NUMBER
29945,mcclatchydc.com,timeout
29968,adzl888.com,timeout
30001,salyk.kg,http_418
30002,ecu.edu.au,http_403
30010,celine.com,http_403
30012,ellieservices.com,ENOTFOUND
30011,bet6.com.br,http_403
30013,prevter.me,http_200
30014,la-la-land.top,ENOTFOUND
30017,dnrs.godaddy,ENOTFOUND
30019,deribit.com,http_404
30021,playerauctions.com,http_403
30018,ug.link,http_200
30026,ceu.edu,http_200
30025,avtograd.ru,ECONNREFUSED
30028,mrbet777.com,ENOTFOUND
30033,prandolisto.com,ENOTFOUND
30038,xxxlutz.de,http_403
30035,allyes.com,ENOTFOUND
30040,yousendit.com,http_400
30044,htvapps.com,http_500
30043,opskope.com,ENOTFOUND
30031,push-pole.com,http_523
30052,finishline.com,http_403
30050,heraldcorp.com,http_404
30047,xzgjp.com,http_404
30057,ddns3-instar.de,http_400
30059,psacard.com,http_403
30055,777servers.com,http_404
30058,vagrantup.com,http_200
30060,appcloudbox.net,ENOTFOUND
30061,mg-inf.com,ENOTFOUND
30066,vide365.com,ENOTFOUND
30072,mobaelo2000.cc,ECONNRESET
30074,voltlio.com,ERR_SSL_TLSV1_ALERT_INTERNAL_ERROR
30067,iprimus.net.au,http_200
30078,mobileapptracking.com,ENOTFOUND
30077,secureworks.com,http_200
30080,blackhatworld.com,http_403
30082,awsdns-cn-09.cn,ENOTFOUND
30083,awsdns-cn-37.net,ENOTFOUND
30086,volterra.io,http_200
30097,flowwow.com,http_403
30095,bjwlxy.cn,http_403
30098,ecstuning.com,http_403
30069,ipe.ac.cn,http_404
30107,setupad.net,ENOTFOUND
30106,wikimatrix.org,http_200
30114,yonhapnews.co.kr,ERR_SSL_UNSAFE_LEGACY_RENEGOTIATION_DISABLED
30109,caeb.cn,CERT_HAS_EXPIRED
30116,warbandits.gg,http_404
30118,ninjakiwi.com,http_403
30119,gmointernet.jp,ENOTFOUND
30122,ponosgames.com,http_403
30123,adeo.com,http_200
30125,dns-es.com,http_404
30068,unioncrediting.com,timeout
30126,alterdata.com.br,http_403
30129,senato.it,http_202
30131,cypack.com,http_404
30132,haihuizx.com,DEPTH_ZERO_SELF_SIGNED_CERT
30135,255.in-addr.arpa,ENOTFOUND
30136,greenbiz.com,http_200
30120,partners.org,http_200
30139,bj-tencentclb.net,ENOTFOUND
30142,int-azure-api.net,ENOTFOUND
30105,jujingsw.cn,timeout
30143,unr.edu.ar,http_404
30146,mysite.com,ECONNREFUSED
30112,360910.com,timeout
30113,cloudpit.com,timeout
30148,top500.org,http_404
30155,byteplusdns.com,ENOTFOUND
30157,aolcdn.com,ENOTFOUND
30133,customs.ru,timeout
30161,oliveyoung.co.kr,http_403
30162,l1wt.com,ENOTFOUND
30164,lxypt.net,http_404
30165,plus.pl,http_200
30145,cbechero.net,timeout
30169,bwbx.io,ENOTFOUND
30150,tattelecom.ru,timeout
30172,cdnhwcsjs09.cn,ENOTFOUND
30153,wan-peng.com,timeout
30175,aslwls.com,ECONNREFUSED
30180,prdg.io,ENOTFOUND
30156,cn.net,timeout
30177,nic.support,ERR_TLS_CERT_ALTNAME_INVALID
30186,soglasie.ru,http_403
30160,huifengjiazheng.cn,timeout
30185,aizenway.cn,ERR_TLS_CERT_ALTNAME_INVALID
30189,hirri.cn,UND_ERR_SOCKET
30196,samknows.com,http_403
30197,utair.ru,http_403
30192,shixcam.com,ERR_TLS_CERT_ALTNAME_INVALID
30209,tips.gg,http_403
30205,zwmss.com,http_404
30211,bambuser.io,http_200
30210,zohohost.com,http_404
30213,rtbsrv.com,http_404
30198,luofutang.com,ECONNRESET
30170,merchantware.net,timeout
30222,markedu.com.cn,ECONNREFUSED
30226,dns.lu,http_404
30218,fzjiading.com,http_200
30227,postoffice.co.uk,http_403
30224,develsoftware.com,ERR_SSL_TLSV1_UNRECOGNIZED_NAME
30228,bac-assets.com,http_400
30231,mnbvcxzq.com,ENOTFOUND
30233,adminvps.net,ECONNREFUSED
30229,nict.go.jp,http_200
30236,dynatrace-managed.com,http_200
30230,syxtvip.cn,ENOTFOUND
30240,walletexplorer.com,http_404
30241,gmwq.com.cn,ECONNREFUSED
30190,o2switch.net,timeout
30250,chambermaster.com,http_502
30249,u.ae,http_404
30246,dakuan.net,http_404
30253,awsdns-cn-41.com,ENOTFOUND
30251,yingdai.online,CERT_HAS_EXPIRED
30256,mybcapps.com,ENOTFOUND
30259,remini.ai,http_404
30263,imall.net,http_403
30265,amazingmoboosts.com,ENOTFOUND
30261,ahcgyy120.com,ERR_TLS_CERT_ALTNAME_INVALID
30268,flexwebhosting.com,ERR_TLS_CERT_ALTNAME_INVALID
30244,kaizhenglaw.com,http_404
30276,comsenz.com,EHOSTUNREACH
30278,rescueglobalx.com,http_403
30280,rttrk.com,http_404
30282,flagship.io,http_403
30283,bonchat.download,ENOTFOUND
30285,clubrunner.ca,UNABLE_TO_VERIFY_LEAF_SIGNATURE
30287,copilot.fun,http_404
30288,tmconst.com,ENOTFOUND
30289,polarcdn.com,ENOTFOUND
30293,hbjqlaw.com,ECONNREFUSED
30248,pk-live.cn,timeout
30295,partiful.com,http_404
30281,sihuacloud.com,timeout
30296,nicemedia.com.cn,ERR_TLS_CERT_ALTNAME_INVALID
30297,inside.chat,http_404
30298,haloitsm.com,http_200
30294,thednscompany.com,ENETUNREACH
30269,365danzhao.cn,timeout
30303,xdfsh.com,ECONNREFUSED
30305,buecher.de,http_403
30273,metasolutions.net,timeout
30308,mantoxp.click,ENOTFOUND
30310,sanpoiljejuna.cfd,ENOTFOUND
30311,awsdns-cn-24.cn,ENOTFOUND
30286,justin.tv,timeout
30301,gxn.net,ENOTFOUND
30316,webway.host,http_404
30317,shikosharply.shop,ENOTFOUND
30320,masto.host,http_404
30313,anyan.com,ENOTFOUND
30318,nwpu.edu.cn,http_404
30324,pokerstrategy.com,http_403
30325,xgen.dev,ENOTFOUND
30331,first-ns.de,ERR_SSL_WRONG_VERSION_NUMBER
30332,fosdem.org,http_404
30337,w-bo.com,ENOTFOUND
30336,inauth.com,http_404
30340,lnzjlss.com,ERR_SSL_TLSV1_ALERT_INTERNAL_ERROR
30339,tj.gov.cn,http_404
30342,principalaws.com,ENOTFOUND
30300,esggi.com,timeout
30346,promotionx.io,ENOTFOUND
30347,admin.net,ENOTFOUND
30329,hcyt.tech,ENOTFOUND
30348,wtzm.cn,ERR_TLS_CERT_ALTNAME_INVALID
30326,capcom.co.jp,http_404
30304,mmk.ru,timeout
30357,sandals.com,http_403
30363,workspaceone-gov.com,ENOTFOUND
30359,vivozap.com.br,ENOTFOUND
30368,doorblog.jp,http_404
30371,vimla.io,http_403
30372,freebitco.in,http_502
30344,upcbroadband.com,ENOTFOUND
30366,jyxlzs.com,http_200
30377,howtopronounce.com,http_404
30379,meli-iot.systems,ENOTFOUND
30381,rapidc.cc,ENOTFOUND
30383,picacomic.com,http_404
30386,cdnhwcbqs106.com,ENOTFOUND
30370,benphe.cc,timeout
30389,srv53.org,ECONNREFUSED
30391,tdatabrasil.net.br,ENOTFOUND
30392,cdnst.net,ENOTFOUND
30384,valvetc.com,timeout
30385,tmk.group,timeout
30395,c-8-e-y.com,http_405
30396,profitablecpmratenetwork.com,http_200
30354,evenue.net,timeout
30397,keenetic.name,http_200
30399,adblock-for-youtube.com,ENOTFOUND
30387,mrshmc.com,timeout
30401,pmosvc.io,http_404
30404,coop.ch,http_403
30405,iconfont.cn,http_200
30406,zjzdlo.com,CERT_HAS_EXPIRED
30410,fc2web.com,ERR_TLS_CERT_ALTNAME_INVALID
30376,twinspires.com,timeout
30415,mitarbeiterangebote.de,http_200
30417,artistshot.com,http_403
30419,sr.se,http_403
30413,invgate.net,http_200
30422,360wzb.com,ENOTFOUND
30421,a.ki,http_200
30423,gktsy.com,ENOTFOUND
30427,identitynow.com,ECONNRESET
30430,public.express,http_200
30435,rcnoc.com,http_521
30432,zhhainiao.com,http_404
30438,helm.sh,http_404
30440,readwriteweb.com,http_200
30439,cnytsj.com,ENOTFOUND
30443,pixeltracker.co,http_404
30437,ahfplaw.com,ECONNRESET
30394,ibsrv.net,timeout
30448,nintendo.de,http_200
30451,workindia.in,http_403
30452,rtbuniverse.com,ENOTFOUND
30455,stopandshop.com,http_403
30420,flydubai.com,timeout
30456,ismedia.jp,http_200
30457,gsi.go.jp,ENOTFOUND
30459,dstv.stream,http_451
30460,hcch.net,http_200
30426,remitir.com,timeout
30463,vevreen7.com,ENOTFOUND
30447,gz.gov.cn,http_404
30462,qdedu.cn,ENOTFOUND
30468,newzoo.com,http_403
30469,digitalmarketinginstitute.com,http_200
30467,ljhls.cn,ECONNRESET
30473,matterlytics.com,ENOTFOUND
30478,donorperfect.net,http_530
30480,b343s4r5ptarj9d9x5csa.cc,http_404
30481,traff.world,ENOTFOUND
30483,creolineserver.com,http_200
30464,veepee.tech,timeout
30489,ajmc.com,http_403
30492,zaoshang.ru,ECONNREFUSED
30493,xenkod.cc,ENOTFOUND
30496,alertyagency.com,ENOTFOUND
30499,cloudezapp.io,ENOTFOUND
30500,ppmovie.cc,ENOTFOUND
30501,headway.co,http_403
30503,stbuttons.click,ENOTFOUND
30506,notion-static.com,ENOTFOUND
30507,shtehe.com,ENOTFOUND
30458,rodeointl.com.cn,timeout
30510,snson.net,ENOTFOUND
30461,greensunhosting.com,timeout
30502,almostmy.com,ERR_SSL_WRONG_VERSION_NUMBER
30516,centerblog.net,ECONNREFUSED
30517,zooios.com,ENOTFOUND
30520,filesafe.space,ENOTFOUND
30470,xn--xhq8a773e95j9l5a.com,timeout
30523,newscgp.com,ENOTFOUND
30540,similarsites.com,http_404
30542,jdgslb.com,ENOTFOUND
30531,waltongroup.cn,CERT_HAS_EXPIRED
30545,aurevoir143.com,ENOTFOUND
30547,dnsuser.de,ENOTFOUND
30554,deeplink.dev,http_404
30558,wlwt.com,http_451
30557,teamfortress.com,http_404
30560,awsdns-cn-08.com,ENOTFOUND
30539,ufma.br,timeout
30569,sphera.tools,ENOTFOUND
30570,justpaste.me,http_200
30573,canpages.ca,http_403
30511,rodeointl.cn,timeout
30572,buaa.edu.cn,http_404
30576,as-infra.de,http_200
30581,nmn.io,ENOTFOUND
30583,corpnet.pl,ENOTFOUND
30587,beeradvocate.com,http_403
30590,morlix.cc,ENOTFOUND
30585,jljlptt.net.cn,ENOTFOUND
30594,education.gov.uk,http_200
30598,engage-x.io,http_404
30596,thinkquest.org,EHOSTUNREACH
30597,paxstore.us,http_403
30601,wpdns.site,http_525
30602,behefun.com,http_200
30606,hscoscdn30.net,ENOTFOUND
30567,mantoo.com.cn,CERT_HAS_EXPIRED
30600,ku.ac.th,http_200
30613,moyandmoy.com,ENOTFOUND
30612,shgjp.net,http_404
30617,ctyunxs.cn,ENOTFOUND
30553,assoc-amazon.com,timeout
30622,omnichannelengagementhub.com,ENOTFOUND
30620,cdnhwcaoc115.cn,ENOTFOUND
30627,xm.com,http_403
30625,my7v.com,ECONNREFUSED
30631,zsttk.net,ENOTFOUND
30636,q-bid.ru,ENOTFOUND
30638,tukios.net,ENOTFOUND
30641,alwaysdata.net,http_404
30643,m6r.eu,ENOTFOUND
30645,yah.live,http_404
30648,71e.com,ENOTFOUND
30652,ci360.marketing,ENOTFOUND
30654,topgoe.com,ENOTFOUND
30655,cloudabove.net,ENOTFOUND
30656,baz-on3.ru,http_404
30657,anglican.org,ERR_SSL_UNSUPPORTED_PROTOCOL
30599,cindmin.com,timeout
30660,sipvoice.com,ENOTFOUND
30658,hkcable.com.hk,ENOTFOUND
30662,lightspeedevo.com,http_403
30666,bcf.com.au,http_403
30630,acfun.cn,http_502
30670,sbdv.ru,ENOTFOUND
30672,anaf.ro,http_403
30644,avalara.net,ENOTFOUND
30675,rctech.net,http_403
30611,online.de,timeout
30677,samsungfind.com,ENOTFOUND
30678,start-dns.de,ENOTFOUND
30679,namecity.com,ENOTFOUND
30674,ibmcloud.com,UNABLE_TO_GET_ISSUER_CERT_LOCALLY
30682,wingstop.com,http_200
30684,nic.ac,http_404
30681,xtliyi.cn,ECONNREFUSED
30685,jixingdns.net,ENOTFOUND
30688,awsdns-cn-41.biz,ENOTFOUND
30690,batikair.com.my,http_403
30686,wantengyuanlin.com,http_404
30689,indosat.com,CERT_HAS_EXPIRED
30694,awsdns-cn-16.biz,ENOTFOUND
30700,p72udkvceudgldx5gavm.info,http_404
30702,weg.net,http_403
30701,ujaen.es,http_200
30705,txdot.gov,http_404
30704,unpad.ac.id,http_404
30710,cvedetails.com,http_403
30716,scrum.org,http_403
30717,couchbase.com,http_403
30719,q-msedge.net,ENOTFOUND
30718,lifetime.life,UND_ERR_HEADERS_OVERFLOW
30721,commentcamarche.net,http_200
30724,cdnfimgs.com,ENOTFOUND
30725,aitcom.net,CERT_HAS_EXPIRED
30723,activecommunities.com,http_200
30727,rollserver.xyz,http_404
30731,zkcdn.net,ENOTFOUND
30730,sxtyptt.net.cn,ENOTFOUND
30736,denniskirk.com,http_403
30738,cmac.ws,UND_ERR_SOCKET
30671,xcfybj.com,timeout
30742,medcity.net,ENOTFOUND
30745,wtwco.com,http_429
30746,meetcircle.co,http_404
30749,tse.jus.br,http_403
30748,agency2.ru,http_200
30752,posticloud.fi,ENOTFOUND
30760,zscalerone.net,ENOTFOUND
30758,nsi.ru,http_404
30692,severen.com,timeout
30762,beget.app,http_200
30759,more.tv,http_200
30766,nasm.org,http_200
30764,modulbank.ru,http_403
30770,geolab.space,http_404
30772,7hostir.com,ENOTFOUND
30773,fcpeuro.com,http_403
30774,veritas.com,http_403
30778,ca.com,http_404
30775,blueultra.net,CERT_HAS_EXPIRED
30779,au-net.ne.jp,ENOTFOUND
30781,autonomic.ai,http_200
30709,thenewstribune.com,timeout
30787,superhost.pl,http_200
30791,performgroup.com,http_200
30777,ihfjsrkdw.com,timeout
30795,use-application-dns.net,http_200
30741,airfrance.com,timeout
30800,cloudns.uk,http_200
30803,msap.io,ENOTFOUND
30802,mgts-spdop.ru,ENOTFOUND
30805,videostep.com,ENOTFOUND
30809,ns.nu,ENOTFOUND
30812,hostcentric.net,ERR_TLS_CERT_ALTNAME_INVALID
30811,mailsapi.com,http_520
30817,fluentcloud.com,ENOTFOUND
30818,lumiproxy.io,ENOTFOUND
30823,x-sense-iot.com,http_404
30826,wilder-tales.com,http_403
30824,ksdk.com,http_200
30834,sparkbb.co.nz,ENOTFOUND
30782,rmv.de,timeout
30785,madavi.de,timeout
30837,caa.co.uk,http_404
30842,kyoto.lg.jp,ENOTFOUND
30843,ask.fm,ENOTFOUND
30845,reporterre.net,http_403
30848,pyszne.pl,http_403
30849,logoip.de,ENOTFOUND
30846,tencent-cloud.cn,EHOSTUNREACH
30850,ciscosecureaccess.cn,http_403
30851,ninjatrader.com,http_500
30853,webreus.net,ECONNREFUSED
30855,notifadz.com,http_404
30854,concentrix.com,http_200
30858,squadbustersgame.com,ENOTFOUND
30857,patephone.net,ENOTFOUND
30859,coscoshipping.com,http_404
30820,enc.net.cn,timeout
30869,zoomsvr.com,ENOTFOUND
30866,sz-cooleasy.com,ERR_TLS_CERT_ALTNAME_INVALID
30829,asc.edu,timeout
30870,lawsociety.org.uk,http_403
30875,ucs-connect.com,ENOTFOUND
30874,lsr.ru,http_403
30838,eventim.com,timeout
30839,gdleibaoji.com,timeout
30884,skillbrains.com,http_200
30890,oddspedia.com,http_403
30889,searchtor.to,err
30888,jasso.go.jp,http_200
30893,murata.com,http_200
30898,jdadelivers.com,ENOTFOUND
30896,docaccess.com,http_404
30902,rijksapps.nl,ENOTFOUND
30903,jst.ai,ENOTFOUND
30904,elavon.net,ENOTFOUND
30891,airtel.com,http_200
30913,doh.sb,http_200
30914,myntassets.com,ENOTFOUND
30909,scu.edu.cn,http_404
30918,chemistwarehouse.com.au,http_403
30921,dnscloudflare.net,ENOTFOUND
30924,avanafil.online,http_200
30926,lutron.io,ENOTFOUND
30867,ishannetsol.com,timeout
30927,go2affise.com,ENOTFOUND
30933,digital.nhs.uk,http_403
30934,cosmotown.com,http_403
30920,idc.jp,ENOTFOUND
30936,hosted-by-vdsina.com,ERR_TLS_CERT_ALTNAME_INVALID
30939,blogspot.com.ar,http_404
30942,namestudio.com,http_403
30945,dnsdelegation.io,http_404
30943,sz-cxzn.com,ECONNREFUSED
30946,libraryhost.com,http_404
30947,invisionservice.com,http_403
30948,jnto.go.jp,http_404
30901,clouddrive.com,timeout
30952,hotschedules.com,http_200
30905,cisdata.com,timeout
30955,redfastlabs.com,http_403
30953,brinkster.com,http_404
30956,cpanelhost.cl,http_403
30961,pvwacsgqh.com,ENOTFOUND
30962,volcgslb-mlt.com,ENOTFOUND
30960,awsdns-cn-15.com,ENOTFOUND
30915,redirectme.net,timeout
30970,homagames.com,http_404
30971,uhfoadysw.com,ENOTFOUND
30973,art.com,http_403
30976,todaysparent.com,http_403
30979,logrocket.network,ENOTFOUND
30982,getjad.io,ENOTFOUND
30986,swiftinternet.co.uk,ERR_TLS_CERT_ALTNAME_INVALID
30984,cbsistatic.com,ENOTFOUND
30989,sberhealth.ru,http_403
30991,96.in-addr.arpa,ENOTFOUND
30994,bzzcast.com,ENOTFOUND
30997,eatcells.com,http_404
30987,sport.gov.cn,http_404
30995,nic.fo,CERT_HAS_EXPIRED
30999,cricheroes.com,http_403
31000,nshost2.de,ERR_TLS_CERT_ALTNAME_INVALID
31003,st-panel-api.com,ENOTFOUND
30998,ddnskey.com,ECONNREFUSED
30990,mos055.com,UNABLE_TO_VERIFY_LEAF_SIGNATURE
30992,powerdekor-woodfloor.com,http_404
31004,otclick.ru,http_404
31005,mvp.fan,http_404
31011,poecdn.com,ENOTFOUND
31016,modmedapp.com,ENOTFOUND
31012,netregistry.net,ENOTFOUND
31019,zimg.jp,ENOTFOUND
31022,uniba.it,http_404
31023,monitor.co.ug,http_403
31027,profesionalhosting.com,http_403
31030,cloudflare-terms-of-service-abuse.com,http_404
31028,media-lab.ai,http_403
31034,regruhosting.ru,ENOTFOUND
31037,sputnikglobe.com,ENOTFOUND
31041,awsdns-cn-06.net,ENOTFOUND
31043,vynbszicd.com,ENOTFOUND
31044,ecode360.com,http_403
31045,adverttise.com,http_404
31040,yunduns.com,ENOTFOUND
31048,revma.com,http_404
31047,thcxjsjt.com,http_404
31052,ldpskeotj.com,ENOTFOUND
31054,arm-dc-msedge.net,ENOTFOUND
31053,rrpproxy.net,http_200
31021,secget.ru,timeout
31059,braincloudservers.com,ERR_TLS_CERT_ALTNAME_INVALID
31061,quantumvisiontrail.com,ENOTFOUND
31065,mirra.now,http_404
31066,skylinecreatorshub.com,ENOTFOUND
31069,kinozal.tv,ENOTFOUND
31033,moe.edu.cn,ENOTFOUND
31071,astralvisioncraft.com,ENOTFOUND
31070,oneplus.in,http_200
31073,sngb.ru,UNABLE_TO_VERIFY_LEAF_SIGNATURE
31072,byf8855.com,CERT_HAS_EXPIRED
31084,sledcom.ru,http_403
31079,bdysgz.cn,http_502
31035,arkadiumhosted.com,timeout
31091,greenpulseinsight.com,ENOTFOUND
31093,stream.ru,http_500
31085,bongsterpong.com,timeout
31098,hermitagemuseum.org,UNABLE_TO_VERIFY_LEAF_SIGNATURE
31086,enzymic.co,timeout
31087,blippington.com,timeout
31099,sitelytics.tech,ENOTFOUND
31103,upc.biz,ENOTFOUND
31088,trasping.com,timeout
31057,powersrv.de,timeout
31112,littlepinepark.com,ENOTFOUND
31114,entertainmentearth.com,http_403
31113,movie-pilot.org,http_200
31118,p7.de,ENOTFOUND
31110,zhedinglaw.com,CERT_HAS_EXPIRED
31126,cloudsebek.com,ENOTFOUND
31123,xiaoxingauto.com,http_404
31125,nonverifieddomain.com,ENOTFOUND
31127,cloudfirst.digital,ENOTFOUND
31129,axeda.com,http_403
31131,tclclouds.com,http_404
31136,thesports01.com,CERT_HAS_EXPIRED
31140,atsjournals.org,http_403
31102,tripongle.com,timeout
31144,wfpms.com,ECONNREFUSED
31145,lovense.club,http_404
31150,bngtrak.com,http_404
31149,cdnhwcajk17.com,ENOTFOUND
31153,ntfy.sh,http_404
31156,rebxgame.com,ENOTFOUND
31157,botframework.com,http_200
31160,noc40.com,ENOTFOUND
31158,cnguancai.com,ECONNREFUSED
31163,bitcoin.it,http_404
31162,wynncraft.com,http_200
31165,kcci.com,http_451
31164,bbarlock.com,http_404
31135,interq.or.jp,ENOTFOUND
31166,oxfordre.com,http_403
31169,dramaexpo.com,http_404
31170,wandzops.com,ENOTFOUND
31172,af-sdk.net,ENOTFOUND
31174,trueserver.nl,ERR_TLS_CERT_ALTNAME_INVALID
31171,servethehome.com,http_404
31175,sidorovcloud.ru,http_404
31115,iptime.org,timeout
31178,ncisoft.com,ENOTFOUND
31179,localiza.com,http_403
31183,jm-data.at,ENOTFOUND
31187,rt-dc.ru,http_403
31159,ferragamo.com,http_403
31186,cnif.cn,ERR_TLS_CERT_ALTNAME_INVALID
31134,sieraddns.com,timeout
31196,serifservices.com,ENOTFOUND
31190,queniukr.com,ENOTFOUND
31200,journeys.com,http_403
31193,nongrenzhaipin.com,ENOTFOUND
31194,cnki.com.cn,timeout
31204,streamtheworld.net,ENOTFOUND
31207,wirenboard.cloud,http_200
31206,cs.com.cn,http_404
31177,hbhzs.org.cn,timeout
31218,christuniversity.in,http_200
31220,adidas.co.uk,http_403
31221,gamma.be,http_429
31222,mbos.cloud,ENOTFOUND
31197,qooh.me,timeout
31198,gu-global.com,timeout
31216,embassy.gov.au,http_404
31224,uralsib.ru,SELF_SIGNED_CERT_IN_CHAIN
31226,oncehuman.game,http_200
31231,strato.com,http_404
31243,boattrader.com,http_403
31244,eastlink.ca,http_403
31242,maxxxcdn.com,SELF_SIGNED_CERT_IN_CHAIN
31239,fdbaudio.com,CERT_HAS_EXPIRED
31247,rcntec.com,http_404
31250,iseaskies.com,ENOTFOUND
31251,printercloud5.com,http_404
31252,bidmatrixdsp.com,http_404
31202,junipercloud.net,timeout
31254,suprion.ru,ECONNREFUSED
31256,smuzimaxi.ru,ENOTFOUND
31260,mtn.cm,http_403
31262,onelink-edge.com,http_404
31208,ihsdnsw1.com,timeout
31265,dai.ly,http_404
31267,xshaon123.sbs,ENOTFOUND
31269,doityourself.com,http_403
31273,telega.one,http_404
31271,aliqbwl.com,ECONNREFUSED
31268,guangaishangcheng.com,ENOTFOUND
31277,phoenixit.ru,ENOTFOUND
31285,pdsns.net,ENOTFOUND
31282,geely.com,http_200
31287,xreapps.net,ENOTFOUND
31297,kirlediuka.ru,ENOTFOUND
31241,kidztri3.com,timeout
31298,onescreener.com,http_404
31302,audiusa.com,http_403
31303,h5v.eu,http_200
31306,teresto.net,ENOTFOUND
31308,cmz56k3w.com,ENOTFOUND
31253,jiangxi.gov.cn,timeout
31311,fonts.com,http_200
31314,utl.pt,ENOTFOUND
31291,anvisa.gov.br,http_404
31315,bobdaytech.ru,ENOTFOUND
31317,ezoicanalytics.com,http_404
31319,upeer.me,UNABLE_TO_GET_ISSUER_CERT_LOCALLY
31274,zdyyxnk.com,timeout
31324,athome.com,http_403
31326,hims.com,http_403
31330,corebrandsdev.net,ENOTFOUND
31331,sanookonline.net,ENOTFOUND
31332,relap.io,http_200
31337,carvana.io,ENOTFOUND
31312,wasabii.com.tw,timeout
31342,sharepoint-mil.us,ENOTFOUND
31344,whitecase.com,http_403
31346,fair-spins-casino.net,http_404
31343,yakjk.com,http_404
31345,netdirekt.com.tr,http_404
31347,awsdns-cn-48.cn,ENOTFOUND
31351,patriarchia.ru,http_200
31352,shoplightspeed.com,http_404
31307,chinadxscycp.org,timeout
31355,netvoyage.com,ERR_SSL_TLSV1_ALERT_INTERNAL_ERROR
31357,gtv-cdn.com,ENOTFOUND
31309,blog.ir,timeout
31358,accessacloud.com,http_200
31362,yangguangdd.com,ENOTFOUND
31359,seiren-sh.com,ENOTFOUND
31365,nxcli.io,ENOTFOUND
31366,ev2-dc-msedge.net,ENOTFOUND
31368,pubg.dev,ENOTFOUND
31372,serving-sys.com,ENOTFOUND
31369,g20.org,http_200
31371,publicinterestregistry.org,ERR_TLS_CERT_ALTNAME_INVALID
31375,mytemp.website,ENOTFOUND
31379,spybett.net,http_404
31374,donlim.com,http_404
31385,ray-balance.space,ENOTFOUND
31384,guildwars.com,http_200
31387,transneft.ru,http_403
31388,turborace.space,http_404
31391,zive.cz,http_403
31394,brooklynmuseum.org,http_429
31396,almosafer.com,http_404
31336,airtelbroadband.in,timeout
31401,gwern.net,err
31403,ibict.br,http_404
31407,sharethru.com,ERR_TLS_CERT_ALTNAME_INVALID
31408,chainnear.com,ENOTFOUND
31406,hnkgdh.cn,http_404
31409,mlcdn.com,ENOTFOUND
31412,minoximed.online,http_200
31395,nuancehdp.com,ENOTFOUND
31414,hbgjp.cn,http_404
31417,gamegrow.ru,ENOTFOUND
31422,mystify.online,ENOTFOUND
31424,smart.car,ENOTFOUND
31376,citkuban.ru,timeout
31426,embercascademaple.com,ERR_SSL_TLSV1_ALERT_INTERNAL_ERROR
31428,iol.it,http_200
31429,dnsimple-edge.net,ENOTFOUND
31430,r10.net,http_403
31382,uspu.ru,timeout
31432,setupad.io,http_404
31435,fxdx.in,ENOTFOUND
31433,artron.net,http_200
31440,143.in-addr.arpa,ENOTFOUND
31444,draw.io,http_404
31454,edgetag.io,http_200
31451,dyntrk.com,http_404
31455,876dns.com,ENOTFOUND
31400,servehttp.com,timeout
31459,jimdoweb.com,http_403
31461,netcraze.cloud,http_200
31464,apl-music-multimodal.com,ENOTFOUND
31467,anzuinfra.com,ENOTFOUND
31466,niumacdn.com,ENOTFOUND
31474,unoadsrv.com,ENOTFOUND
31458,sinolight.cn,UND_ERR_RES_CONTENT_LENGTH_MISMATCH
31477,crackerbarrel.com,http_403
31478,bmtcad.com,http_404
31479,univ-paris-diderot.fr,http_200
31482,dextools.io,http_403
31484,ut.ac.ir,http_200
31483,aaxxgames.com,http_404
31488,getzend.digital,ENOTFOUND
31489,safenames.net,http_403
31490,overtake.gg,http_404
31492,raymourflanigan.com,http_403
31486,azure-dns-1.cn,ENOTFOUND
31494,kym-cdn.com,ENOTFOUND
31496,mcr-dc-msedge.net,ENOTFOUND
31413,fnbconnect.co.za,timeout
31495,yljxf.com,http_404
31504,refinitiv.co.uk,ENOTFOUND
31509,lrv.lt,http_403
31503,myftp.info,ERR_SSL_WRONG_VERSION_NUMBER
31511,metaffiliation.com,ERR_TLS_CERT_ALTNAME_INVALID
31512,unifiedlayer.com,CERT_HAS_EXPIRED
31519,uni-sb.de,ERR_TLS_CERT_ALTNAME_INVALID
31520,pricegrabber.com,http_403
31528,cpln.app,ENOTFOUND
31523,openssh.com,http_404
31532,onlinekasinolla.com,http_200
31533,ihs.com,http_403
31534,triumph.com,http_200
31539,57.in-addr.arpa,ENOTFOUND
31537,brooksrunning.com,http_403
31542,gdcld.net,ENOTFOUND
31543,adview.com,http_404
31546,gilt.com,http_403
31544,mdjdkfyp.com,ECONNREFUSED
31557,shengyitang.com,ECONNREFUSED
31561,jinritemai.com,http_200
31475,secureparkme.com,timeout
31572,allaboutdnt.com,http_200
31547,thefastcdns.com,ENOTFOUND
31581,lxhdz.com,ECONNREFUSED
31579,mediacdn.vn,http_501
31585,meteor.com,http_404
31587,vsax.net,http_404
31589,indilogic.com,http_404
31588,etecsa.net,ENOTFOUND
31592,nonghyup.com,http_200
31597,printfleetcentral.com,http_404
31599,wuuklabs.io,ENOTFOUND
31598,tvnow.de,http_200
31584,dft-cdn42.net,ERR_TLS_CERT_ALTNAME_INVALID
31601,globalreporting.org,http_404
31600,workdaycdn.com,http_403
31608,yingdailianmeng.com,ECONNREFUSED
31560,xxx-cdn.com,timeout
31613,joom.it,http_429
31615,dotvpn.com,http_404
31614,sp0n.io,CERT_HAS_EXPIRED
31612,songjiang.gov.cn,http_403
31618,vrenthaliox.site,ENOTFOUND
31567,chat.ru,timeout
31619,gbede.com,http_404
31624,kanopy.com,http_200
31616,tianlonggroup.com.cn,ERR_SSL_UNSUPPORTED_PROTOCOL
31596,threatpulse.com,http_401
31633,cog-tr4.com,ENOTFOUND
31635,drhorton.com,http_403
31638,toponepp.com,ENOTFOUND
31639,usensejn.com,ENOTFOUND
31642,5read.com,CERT_HAS_EXPIRED
31654,everbridge.net,ERR_SSL_TLSV1_ALERT_INTERNAL_ERROR
31651,samsungmembers.com,http_200
31655,123ns.de,ENOTFOUND
31657,ns0.nl,http_404
31659,cog-tr3.com,ENOTFOUND
31660,kuantokusta.pt,http_403
31661,drei.com,ERR_TLS_CERT_ALTNAME_INVALID
31656,nao.ac.jp,http_404
31662,empowher.com,http_404
31634,cloudhost.id,ENOTFOUND
31667,mytelco.io,ENOTFOUND
31669,ourstates.org,http_403
31670,kinepolis.ch,http_403
31665,ignorelist.com,ECONNREFUSED
31674,immanitys.com,http_404
31678,mountvernon.org,http_403
31679,kdvm.ru,ENOTFOUND
31681,tajhotels.com,http_403
31684,4armn.com,ENOTFOUND
31683,net52.cc,http_404
31687,airable.io,ENOTFOUND
31688,lrclib.net,http_200
31677,kleientertainment.com,http_404
31693,twc1.net,ENOTFOUND
31690,hiwufhi.com,ERR_TLS_CERT_ALTNAME_INVALID
31694,crabdance.com,ECONNREFUSED
31697,tiket.photos,ENOTFOUND
31699,hostwhitelabel.com,http_404
31704,vggcdn.net,ENOTFOUND
31645,jyhuanyu.cn,timeout
31709,asfinag.at,http_403
31691,ntuh.gov.tw,ENOTFOUND
31708,ikco.ir,http_403
31712,webpu.sh,http_403
31710,ruldin.cc,ECONNRESET
31707,huachu.com.cn,http_404
31721,iledefrance-mobilites.fr,http_403
31711,undway.com,ERR_SSL_SSL/TLS_ALERT_HANDSHAKE_FAILURE
31716,brainlyads.com,ERR_TLS_CERT_ALTNAME_INVALID
31724,mediaset.net,ENOTFOUND
31727,ipsolver.com,ENOTFOUND
31726,qsolution.ru,http_404
31723,wixstudio.com,http_200
31728,launchdarkly.us,ENOTFOUND
31729,turncdn.com,ENOTFOUND
31731,valueyourmusic.com,http_403
31735,msidentity.net,ENOTFOUND
31737,virgin.net,ENOTFOUND
31736,nm.ru,DEPTH_ZERO_SELF_SIGNED_CERT
31740,fifaindex.com,http_403
31685,pi-hole.net,timeout
31741,zlongame.com,http_404
31745,mcluck.com,http_403
31746,110mb.com,ECONNREFUSED
31744,gansu.gov.cn,http_404
31747,sniffiesassets.com,ENOTFOUND
31749,sparrow.ru,http_404
31751,multiww.com,ENOTFOUND
31755,vtrcdn.com,ENOTFOUND
31756,cvnt.net,ERR_TLS_CERT_ALTNAME_INVALID
31742,jxmls.com,timeout
31759,emailapi.info,http_520
31761,g1-dns.com,ENOTFOUND
31760,amzndns-cn.biz,ENOTFOUND
31763,juventus.com,http_403
31764,orel.ru,ECONNREFUSED
31767,devsisters.cloud,http_404
31770,guns.com,http_403
31725,gabia.io,timeout
31775,rndfnk.com,ENOTFOUND
31734,delhi.gov.in,timeout
31780,areait.lv,http_404
31776,beekeeper.io,http_200
31781,firstmail.ltd,http_404
31743,fidnet.com,timeout
31790,bookcreator.com,http_200
31792,internalmeta.com,http_401
31748,enes.tech,timeout
31799,awsdns-cn-29.com,ENOTFOUND
31797,baidustatic.com,ERR_TLS_CERT_ALTNAME_INVALID
31798,blogimg.jp,http_404
31800,flypobeda.ru,http_403
31804,au-msedge.net,ENOTFOUND
31801,yok.gov.tr,http_200
31806,sxjtxy.com,ECONNREFUSED
31807,homebank.kz,ECONNRESET
31810,ssfm.ru,ERR_TLS_CERT_ALTNAME_INVALID
31788,pptv.com,http_404
31795,gn.gov.ie,timeout
31814,securewebsystems.net,http_404
31812,dffl.com.cn,http_404
31820,dnspropio.com,http_403
31815,xincache1.cn,ENOTFOUND
31821,cedia.org.ec,http_500
31823,hns.tm,http_200
31827,econodata.com.br,http_403
31829,alexhost.md,http_404
31777,zds8158.com,timeout
31834,shopdealsdaily.com,ERR_TLS_CERT_ALTNAME_INVALID
31838,tb.cn,ENOTFOUND
31808,tcpshield.net,timeout
31841,doveserver.com,ERR_TLS_CERT_ALTNAME_INVALID
31836,advantech.com,http_404
31843,cnmsn.com,ENOTFOUND
31842,pchome.net,ECONNREFUSED
31851,annefrank.org,http_404
31848,fss.ru,ERR_SSL_DH_KEY_TOO_SMALL
31854,thepure.team,ENOTFOUND
31856,cdnsfree.com,ENOTFOUND
31857,visionheight.com,http_200
31858,nt-isp.net,ENOTFOUND
31862,sciprofiles.com,http_403
31844,licard.com,ECONNRESET
31863,xmhns.com,CERT_HAS_EXPIRED
31824,gcjszfl.com,timeout
31868,prowly.com,http_200
31840,chinazxscp.org,timeout
31875,talantiuspeh.ru,http_503
31878,208.in-addr.arpa,ENOTFOUND
31888,others-cdn.com,ENOTFOUND
31852,covermymeds.com,timeout
31890,qwapi.com,ENOTFOUND
31893,corpsson.com,ENOTFOUND
31897,powerdns.de,ENOTFOUND
31895,braintreepayments.com,http_200
31896,zan.kz,UNABLE_TO_VERIFY_LEAF_SIGNATURE
31898,coolblue.be,http_403
31869,hbszyysy.cn,http_404
31860,nsk.su,timeout
31906,ticketm.net,ENOTFOUND
31913,localinfo.jp,ENOTFOUND
31916,maudau.com.ua,http_403
31911,xyzs.cc,http_404
31919,awsdns-cn-22.com,ENOTFOUND
31925,tf4srv.com,ENOTFOUND
31921,hga035.com,CERT_HAS_EXPIRED
31927,emex.ru,http_403
31929,quantarelay.net,ENOTFOUND
31930,s81c.com,ERR_SSL_TLSV1_UNRECOGNIZED_NAME
31933,digilent.com,http_403
31871,tjrs.jus.br,timeout
31939,lecho.be,http_403
31938,cradlepointecm.com,http_200
31944,zillow.net,ENOTFOUND
31945,gov.wales,http_403
31946,aritypmp.com,ENOTFOUND
31948,djigate.com,http_200
31953,king-wifi.win,UNABLE_TO_GET_ISSUER_CERT_LOCALLY
31954,mysonicwall.com,http_404
31960,allears.net,http_403
31961,wpdns.host,ENOTFOUND
31962,welocal.cloud,http_200
31963,podigee.net,ENOTFOUND
31943,mymitchell.com,ENOTFOUND
31910,dexterchaney.com,timeout
31966,apiarydata.net,ENOTFOUND
31950,bizport.cn,ENOTFOUND
31914,segso.net,timeout
31972,usbla.net,ENOTFOUND
31971,keepitpumpin.io,ENOTFOUND
31974,pandasoftware.com,ERR_TLS_CERT_ALTNAME_INVALID
31977,axisbank.co.in,ENOTFOUND
31980,dckr.io,ENOTFOUND
31984,zalandoapis.com,ENOTFOUND
31979,xinyunda-gov.cn,ENOTFOUND
31988,icelandair.com,http_403
31992,elkdata.ee,ERR_TLS_CERT_ALTNAME_INVALID
31993,totaltools.com.au,UND_ERR_HEADERS_OVERFLOW
32002,mister-auto.com,http_403
31994,sinopet-xm.org,ERR_TLS_CERT_ALTNAME_INVALID
32004,zarahome.com,http_403
31973,thejra.com,ENOTFOUND
32010,tele.dk,http_200
32009,radius.video,http_200
31955,twsiu781.com,timeout
32014,crainsnewyork.com,http_403
32020,flyanalytics.link,ENOTFOUND
32019,consumertrack.com,http_404
32024,easyviewercloud.com,ENOTFOUND
31969,embratel.net.br,timeout
32029,cdnjtzy.com,http_404
32027,sdyzskqyy.com,ECONNRESET
32030,hatalike.jp,http_503
32032,cdn568.net,ENOTFOUND
32034,arstechnica.net,ENOTFOUND
32036,zappstore.pro,ENOTFOUND
32040,gnb.ca,http_403
32022,thetvapp.to,timeout
32043,ucpjdhivl.com,ENOTFOUND
32039,active-logistics.com,http_200
32049,iegcom.com,ENOTFOUND
32052,browser-intake-ddog-gov.com,http_403
32055,informit.org,http_404
32056,myfymain.com,ENOTFOUND
32058,seoclerk.com,http_200
32059,enjin.com,http_403
32062,granicusgovaccess.net,ENOTFOUND
32012,byboai.com,timeout
32060,kfqzdfwzx.cn,ECONNREFUSED
32044,versa-test.net,timeout
32076,komen.org,http_403
32078,deltadna.net,ECONNRESET
32081,mybobs.com,http_403
32080,pc.com.cn,http_503
32087,knipp.net,ENOTFOUND
32083,dahe.cn,http_403
32088,playastronaut.cc,UNABLE_TO_GET_ISSUER_CERT_LOCALLY
32090,tgtag.io,http_404
32089,jianweifz.com,http_404
32093,arnoo.com,ENOTFOUND
32092,confease.cn,ENOTFOUND
32098,preprints.org,http_403
32100,serviceprovider.nl,http_404
32099,nxtbook.com,http_403
32038,coherentpath.com,timeout
32105,terratraf.io,ENOTFOUND
32114,fantic.top,ENOTFOUND
32117,tele2.kz,http_404
32118,netcabo.pt,http_521
32119,wickynode.com,ENOTFOUND
32096,queniumf.com,ENOTFOUND
32064,fnacspectacles.com,timeout
32121,licasd.com,ECONNRESET
32107,adobe-campaign.com,timeout
32128,ukcod.org.uk,http_200
32131,townisp.com,http_404
32126,xn--l9qya375kzx4a.com,ERR_SSL_TLSV1_ALERT_INTERNAL_ERROR
32133,pp.credit,http_404
32132,abcdstable.com,http_404
32137,safevisit.online,http_404
32138,ril.com,http_200
32141,avisynth.nl,ERR_TLS_CERT_ALTNAME_INVALID
32134,cuponomia.com.br,http_403
32143,bpbs.cn,ENOTFOUND
32144,yjsry.com,http_404
32146,keybaseapi.com,ENOTFOUND
32147,immoscout24.ch,http_403
32151,ip-adress.com,http_403
32148,wooribank.com,http_200
32110,ing.de,timeout
32155,moneylion.com,http_403
32158,khaosod.co.th,http_403
32154,ficto.ru,SELF_SIGNED_CERT_IN_CHAIN
32159,berkshirehathaway.com,http_404
32142,qihucdn.cn,ENOTFOUND
32164,ptservidor.net,http_404
32162,nic.today,ERR_TLS_CERT_ALTNAME_INVALID
32166,dnsimple-edge.io,ENOTFOUND
32163,awsdns-cn-51.biz,ENOTFOUND
32169,dslreports.com,http_503
32168,amfam.com,http_403
32172,momence.com,http_404
32173,sbercloud.tech,ENOTFOUND
32177,viacomtech.net,ENOTFOUND
32176,zmxfybjy.com,ENOTFOUND
32179,stripe-terminal-local-reader.net,ENOTFOUND
32178,unicourt.com,http_405
32181,bdnews24.com,http_403
32182,vsb.cz,http_404
32184,dns.ec,ENOTFOUND
32187,sumup.net,http_200
32191,nintendo-europe.com,http_200
32193,scopelypv.com,ENOTFOUND
32194,inmense.site,ENOTFOUND
32196,faviconcdn.com,http_403
32195,clouparking.cn,ENOTFOUND
32198,zumba.com,http_403
32201,gbdydns.com,ENOTFOUND
32202,zscaler9.net,ENOTFOUND
32207,gothesea.com,ENOTFOUND
32152,kansas.com,timeout
32210,threejs.org,http_404
32213,awsdns-cn-60.cn,ENOTFOUND
32216,eventim-light.com,http_403
32156,zysycp.com,timeout
32221,midwayusa.com,http_403
32223,files-text.com,ENOTFOUND
32192,usj.co.jp,ENOTFOUND
32227,ulimitserver.com,http_404
32228,rmprod.zone,ENOTFOUND
32165,dvrdns.org,timeout
32238,fanzz.tech,ENOTFOUND
32241,workspaceair.com,http_200
32245,cart-bot.net,http_200
32249,usbr.gov,http_200
32253,inaf.it,ENOTFOUND
32255,paruvendu.fr,http_200
32257,yucf.top,ENOTFOUND
32258,coolblue.de,http_403
32233,koosoo.cn,ENOTFOUND
32229,eccic.com.cn,ECONNREFUSED
32261,gd-sanhe.com,ECONNREFUSED
32265,veeblehosting.com,http_200
32264,bfarm.de,http_404
32271,canadavisa.com,http_404
32217,zoominternet.net,timeout
32274,leuchtstark.de,http_403
32275,sfu-kras.ru,UNABLE_TO_VERIFY_LEAF_SIGNATURE
32280,meazy-ads.com,http_204
32282,nex8.net,ENOTFOUND
32281,joynetgame.com,http_200
32285,twenty-nine-connect.com,ENOTFOUND
32286,trellis.law,http_403
32267,ucmerced.edu,http_403
32292,sedelectronica.gal,ERR_TLS_CERT_ALTNAME_INVALID
32294,uth.edu,http_403
32250,cens.io,timeout
32300,blz-contentstack.com,ENOTFOUND
32260,cpanelhosting.rs,timeout
32303,marketplace-anzu.io,ENOTFOUND
32304,deepinstinctweb.com,ENOTFOUND
32302,mtv.fr,http_200
32291,supramail.com.br,timeout
32308,amberweather.com,http_404
32309,africaua.com,ERR_TLS_CERT_ALTNAME_INVALID
32312,udag.net,ERR_SSL_TLSV1_UNRECOGNIZED_NAME
32314,ngrok-cname.com,ERR_TLS_CERT_ALTNAME_INVALID
32318,nbwaf.com,ENOTFOUND
32321,mailo.com,http_200
32298,fsrar.ru,ENETUNREACH
32317,sblo.jp,ERR_TLS_CERT_ALTNAME_INVALID
32323,kcdn.kz,ENOTFOUND
32327,weheartit.com,http_403
32328,apartmentlist.com,http_403
32330,leslibraires.ca,http_403
32331,roundprincemusic.com,ENOTFOUND
32322,uwmedicine.org,http_403
32283,caterpillar.com,timeout
32340,blog-gold.com,http_403
32335,tju.edu.cn,http_404
32341,altabank.ru,ENOTFOUND
32342,wowpic2.store,ENOTFOUND
32334,xnfhtech.com,CERT_HAS_EXPIRED
32344,haisum.com,ENOTFOUND
32351,bosch-iot-rollouts.com,http_403
32349,meo.pt,http_410
32354,ua5v.com,ENOTFOUND
32345,cecece.com.cn,ERR_SSL_TLSV1_ALERT_INTERNAL_ERROR
32356,ivermactin.sbs,http_200
32359,biggogo.com,http_200
32361,avantel.ru,http_403
32362,locatefamily.com,http_404
32364,regfish-ns.net,ENOTFOUND
32368,site24x7rum.com,ENOTFOUND
32369,nic.company,ERR_TLS_CERT_ALTNAME_INVALID
32367,dnscpanel.com,http_404
32376,fixpr.top,ENOTFOUND
32375,unified.services,http_200
32374,internet-census.org,http_403
32378,rl0.ru,ERR_TLS_CERT_ALTNAME_INVALID
32380,europeanbc.ru,ENOTFOUND
32381,millenniumhotels.com,http_403
32326,qwords.net,ENETUNREACH
32388,ecerdns.com,ENOTFOUND
32393,oncatapult.com,ENOTFOUND
32394,ogyfmts.com,http_403
32403,buycloud.app,ENOTFOUND
32401,pandi.id,http_404
32410,highalanfull.ru,ENOTFOUND
32408,adseye.com,http_200
32407,guns.lol,err
32412,pazarama.com,http_403
32416,smoothwall.cloud,ERR_TLS_CERT_ALTNAME_INVALID
32417,skdnsreg.net,ENOTFOUND
32420,vh1.com,http_200
32423,sonichealthcare.com,http_403
32425,yppcn.com,ECONNRESET
32430,webcasts.com,http_200
32431,sci.gov.in,http_403
32435,shadow.tech,http_404
32358,siplogin.de,timeout
32440,imall.com,http_403
32441,mufy.ai,ENOTFOUND
32443,adm.gov.it,http_403
32447,opentok.com,ENOTFOUND
32448,freemyip.com,http_404
32406,vjing.com.cn,timeout
32419,myddns.me,timeout
32455,fastscr.cc,ENOTFOUND
32449,uni-weimar.de,http_404
32458,booknode.com,http_403
32459,wtae.com,http_451
32457,sphere.ad.jp,ECONNREFUSED
32462,clnmde.com,ENOTFOUND
32463,happytalkio.com,ENOTFOUND
32464,okko.sport,http_200
32429,fairwork.gov.au,timeout
32467,ipvideotalk.com,http_404
32469,sonicdrivein.com,http_403
32466,ecured.cu,http_404
32477,blackboardcdn.com,http_403
32437,givc.ru,timeout
32483,kruidvat.be,http_403
32487,mosyle.io,ENOTFOUND
32485,nic.games,ERR_TLS_CERT_ALTNAME_INVALID
32490,mizbanfadns.net,ENOTFOUND
32492,carfax.ca,http_403
32491,jiangpingjx.cn,ERR_SSL_TLSV1_ALERT_INTERNAL_ERROR
32494,topstepx.com,http_404
32476,kwaixiaodian.com,http_200
32496,getsentry.net,ENOTFOUND
32495,elim.net,UNABLE_TO_VERIFY_LEAF_SIGNATURE
32499,csu.edu.cn,http_404
32486,fibertel.com.ar,timeout
32468,mediacomcable.com,timeout
32472,molex.com,timeout
32500,cbn.net.id,http_200
32493,wcsmlxx.com,timeout
32502,ammnlth.net,ENOTFOUND
32505,apibar.cloud,http_404
32508,brxcdn.com,http_400
32511,gedidigital.it,ENOTFOUND
32514,yourwebhoster.nl,ERR_TLS_CERT_ALTNAME_INVALID
32504,xaas3.jp,http_404
32515,battlefield.com,http_200
32521,verygoodvault.com,ENOTFOUND
32516,rikang.com,ERR_SSL_TLSV1_ALERT_INTERNAL_ERROR
32526,xhscdn.net,ENOTFOUND
32529,blockchainnodeengine.com,ENOTFOUND
32530,ciberserver.com,http_404
32532,asanausercontent.com,http_403
32535,ravenjs.com,http_404
32538,innogamescdn.com,http_200
32540,nolags.pw,http_200
32542,lrkt-in.com,ENOTFOUND
32548,alamyimages.fr,http_429
32546,netsolhost.com,ERR_SSL_TLSV1_ALERT_INTERNAL_ERROR
32547,edong.com,http_404
32558,kinja.com,http_429
32560,gocarty.net,http_200
32562,min-saude.pt,ERR_TLS_CERT_ALTNAME_INVALID
32566,awsdns-cn-11.cn,ENOTFOUND
32571,akenai.click,ENOTFOUND
32580,ninetailed.co,ENOTFOUND
32577,flextronics.com,http_200
32525,crw066.com,timeout
32561,iplsc.com,ENETUNREACH
32586,betgenius.com,ERR_SSL_TLSV1_ALERT_INTERNAL_ERROR
32590,dot-security-systems.com,http_404
32583,fsticks.net,timeout
32581,yemen.net.ye,UNABLE_TO_VERIFY_LEAF_SIGNATURE
32595,donotcall.gov,http_200
32598,etracker.de,UND_ERR_SOCKET
32599,betcity24.ru,ENOTFOUND
32597,cssn.cn,http_404
32601,cncqe.cn,UND_ERR_SOCKET
32589,myconnectwise.net,timeout
32604,axcient.net,http_200
32606,flightconnections.com,http_403
32605,netlightsystems.com,http_404
32612,wlv.ac.uk,http_202
32587,aacap.org,timeout
32602,fiddler2.com,timeout
32624,cmds-tachyon.com,ENOTFOUND
32591,hnzhonglinda.com,timeout
32630,flnet.su,ENOTFOUND
32629,salsalpolox.ru,ENOTFOUND
32633,zenlink.net,ENOTFOUND
32635,lsmedia1.com,ENOTFOUND
32636,freeviewplay.net,ENOTFOUND
32639,fssb.io,ENOTFOUND
32609,portals.mobi,http_404
32640,dentons.com,http_403
32643,awsdns-cn-62.cn,ENOTFOUND
32644,keizai.biz,http_200
32648,dxpapi.com,ENOTFOUND
32649,onestorecorp.kr,ENOTFOUND
32669,flyscoot.com,http_403
32672,ally.ac,http_404
32676,muralssouth.shop,ENOTFOUND
32677,mktgcdn.com,ENOTFOUND
32683,pocoo.org,CERT_HAS_EXPIRED
32674,dyhyjxzz.cn,ERR_SSL_TLSV1_ALERT_INTERNAL_ERROR
32681,strangled.net,ECONNREFUSED
32687,bloombergquint.com,ENOTFOUND
32686,tandem.co,http_404
32684,ros.org,http_404
32692,glowhost.net,http_404
32694,icpsuawn1zy5amys.com,http_403
32614,houseoffraser.co.uk,timeout
32691,gblx.net,ENOTFOUND
32698,paginebianche.it,http_403
32702,quantumdex.io,http_200
32700,own-platform.com,http_404
32697,cnppri.com,http_404
32709,shibahsjessing.qpon,ENOTFOUND
32707,pcpop.com,http_200
32713,ifrance.com,ENOTFOUND
32715,xmoky.tech,ENOTFOUND
32714,msudrf.ru,ERR_TLS_CERT_ALTNAME_INVALID
32717,joinpeertube.org,http_404
32712,goholp.com,CERT_HAS_EXPIRED
32724,tg.dev,http_404
32627,modvault.blog,timeout
32716,gktvip.cn,ENOTFOUND
32731,rbzdns.com,ENOTFOUND
32728,qcloudcdn.cn,ENOTFOUND
32737,voguebusiness.com,http_404
32732,amway.com,http_403
32743,dewrain.world,ENOTFOUND
32740,tycg.gov.tw,http_428
32744,zhibo8.cc,http_404
32751,nic.net.mm,ENOTFOUND
32757,aihw.gov.au,http_403
32758,alaraby.co.uk,http_403
32760,footlocker.id,http_200
32764,rutraff.info,http_404
32761,newtekdns.com,ECONNRESET
32766,clstorage.net,http_403
32770,fix-price.com,http_403
32768,dfzyxx.com,ECONNRESET
32777,orb.net,http_404
32776,shi.com,http_403
32778,awsdns-cn-14.biz,ENOTFOUND
32783,work.de,http_404
32779,photophoto.cn,UND_ERR_SOCKET
32786,iphost.gr,http_404
32790,opntxtdns.com,ENOTFOUND
32745,nintendowifi.net,timeout
32797,texasroadhouse.com,http_403
32796,interwrx.com,http_404
32794,globalindustrial.com,http_403
32801,iapure.com,ENOTFOUND
32805,notebooksbilliger.de,http_403
32806,peakpx.com,http_403
32804,pub.ro,ENOTFOUND
32816,dnshost.net,ENOTFOUND
32820,menswearhouse.com,http_200
32819,serverfreak.biz,CERT_HAS_EXPIRED
32813,vpnspacev.com,http_502
32826,wdl.org,http_403
32825,surfy.space,DEPTH_ZERO_SELF_SIGNED_CERT
32821,chaint.net,ERR_TLS_CERT_ALTNAME_INVALID
32835,avp.ru,ECONNRESET
32837,diariodarepublica.pt,http_200
32845,edrive-hosting.cz,http_404
32847,ello.co,http_200
32822,gtei.net,ENOTFOUND
32769,cloudflarecn.net,timeout
32853,cdnhwcupf06.com,ENOTFOUND
32857,ebezy.tech,ENOTFOUND
32858,tvs-pix.com,ENOTFOUND
32866,bloomberg.net,http_403
32869,bestfreecdn.com,ENOTFOUND
32870,sicurezzapostale.it,UNABLE_TO_VERIFY_LEAF_SIGNATURE
32873,mininform-nnov.ru,ECONNRESET
32877,kc.rocks,ENOTFOUND
32878,rentbyowner.com,http_403
32876,peopledaily.com.cn,ENOTFOUND
32882,acast.cloud,ENOTFOUND
32859,mainloop.net,timeout
32887,nic.domains,ERR_TLS_CERT_ALTNAME_INVALID
32889,seesaw.me,http_404
32891,bento.me,http_200
32892,discounttire.com,http_403
32893,meli-n12.info,ENOTFOUND
32895,amediateka.tech,ENOTFOUND
32885,gsspcln.jp,http_403
32861,egov66.ru,ENETUNREACH
32901,zohoaccl.eu,ENOTFOUND
32904,proff.no,http_202
32908,dauup.com,http_404
32900,dtyuanyang.com,ERR_TLS_CERT_ALTNAME_INVALID
32911,freeads.co.uk,http_403
32914,volunteermatch.org,http_404
32917,braintree.tools,ENOTFOUND
32918,rmdsp.ru,ENOTFOUND
32921,divarcdn.com,http_403
32874,goadservices.com,timeout
32925,ambientdsp.com,http_200
32927,cddbp.net,ECONNREFUSED
32928,myfox.io,ENOTFOUND
32906,zgcxy.cn,ENOTFOUND
32930,abrws.club,ENOTFOUND
32909,uniregistrymarket.link,ENOTFOUND
32933,interactivedns.com,http_404
32937,meduniwien.ac.at,http_404
32936,battlelog.com,http_200
32942,sysnx.net,ENOTFOUND
32938,go360iq.com,ERR_TLS_CERT_ALTNAME_INVALID
32941,sf.gov,http_202
32916,sf-cdn.com,timeout
32946,skywater.io,http_404
32943,jswanjiasupply.com,ERR_SSL_TLSV1_ALERT_INTERNAL_ERROR
32949,iuc.kz,UNABLE_TO_VERIFY_LEAF_SIGNATURE
32948,msdkfaas.com,ENOTFOUND
32954,sberfactoring.ru,http_403
32961,bolt.com,http_429
32960,centrsvet.com,http_200
32963,toucharcade.com,http_403
32966,topnotchs.site,ENOTFOUND
32973,apmex.com,http_403
32972,tff.org,CERT_HAS_EXPIRED
32975,rusneb.ru,http_403
32969,bdkgroup.cn,ERR_SSL_TLSV1_ALERT_INTERNAL_ERROR
32979,awsdns-cn-20.net,ENOTFOUND
32952,idep.us,timeout
32978,avcweigh.com,DEPTH_ZERO_SELF_SIGNED_CERT
32953,tcplusondemand.com,ECONNRESET
32987,vetrf.ru,http_200
32988,imp.ch,http_403
32991,longchamp.com,http_301
32992,icewhale.io,ENOTFOUND
32995,doingbusiness.org,http_404
32996,jsyraf.cn,ERR_SSL_TLSV1_ALERT_INTERNAL_ERROR
32989,jskejing.com,ERR_SSL_TLSV1_ALERT_INTERNAL_ERROR
33000,jiuhuax.com,ENOTFOUND
32959,thy.com,timeout
33004,jylt888.cn,ERR_SSL_TLSV1_ALERT_INTERNAL_ERROR
32990,essencedrive.su,timeout
33008,sputnikmedia.net,ERR_SSL_UNSUPPORTED_PROTOCOL
33011,lpomxfbjs.com,ENOTFOUND
33009,clf.cn,ERR_TLS_CERT_ALTNAME_INVALID
32976,ocn.ad.jp,timeout
33017,specialservers.com,http_404
33021,aismo.ru,http_200
33022,freeimage.host,http_200
33012,dyhj66.cn,ERR_SSL_TLSV1_ALERT_INTERNAL_ERROR
33025,nintendo.be,http_200
33026,slicelife.com,http_403
33029,t-com.hr,ERR_TLS_CERT_ALTNAME_INVALID
33032,de5.net,http_404
33006,telnor.net,timeout
33031,post.gov.tw,http_404
33036,jylebao.com,ERR_SSL_TLSV1_ALERT_INTERNAL_ERROR
33041,rebelsport.com.au,http_403
33039,grouponcdn.com,http_200
33043,funvideorus.net,ERR_SSL_TLSV1_ALERT_INTERNAL_ERROR
32998,katherena.com,timeout
33045,mccme.ru,http_404
33047,openweb.com.br,http_200
33044,degitec-jiangyin.com,http_404
33015,kyivstar.net,timeout
33051,instradns.com,http_404
33057,webexapis.com,http_401
33056,orange.co.il,ENOTFOUND
33055,ksyuncdn-k2.com,ENOTFOUND
33058,p-dc-msedge.net,ENOTFOUND
33064,wynnlasvegas.com,http_200
33067,route71.net,ENOTFOUND
33053,hueb.edu.cn,http_404
33071,wook.pt,http_403
33073,vpgrp.net,ECONNREFUSED
33062,fabit.ru,http_403
33078,hexagonsmartlicensing.com,ENOTFOUND
33077,odkl.ru,ERR_TLS_CERT_ALTNAME_INVALID
33079,trvl-px.com,http_502
33081,freemeteo.com,http_403
33075,dlmd.me,ENOTFOUND
33083,telemost-ads.net,ENOTFOUND
33085,camcom.it,http_200
33087,kiwify.com.br,http_404
33082,snapp.market,http_404
33098,edc.org,http_403
33094,x.org,http_404
33097,awsdns-cn-27.com,ENOTFOUND
33100,weglot.io,ENOTFOUND
33099,link.space,http_503
33103,zdxgov.net,ENOTFOUND
33102,flixster.com,http_200
33108,dcbstatic.com,ENOTFOUND
33106,crackle.co.in,http_404
33110,dxnt.net,ENOTFOUND
33111,domainnamens.com,ENOTFOUND
33113,vqserve.com,ENOTFOUND
33107,aszmr.com,ECONNREFUSED
33118,pgamrtb.com,ENOTFOUND
33117,pokemonchampions.jp,http_403
33121,botman.ninja,http_404
33114,flockingchina.com,DEPTH_ZERO_SELF_SIGNED_CERT
33129,cmgdns.com,ENOTFOUND
33123,jyjbjx.cn,ERR_SSL_TLSV1_ALERT_INTERNAL_ERROR
33128,gov.hr,http_200
33131,nosok-top.com,DEPTH_ZERO_SELF_SIGNED_CERT
33125,hqmachinery.net,ERR_SSL_TLSV1_ALERT_INTERNAL_ERROR
33132,jinkailijx.cn,ENOTFOUND
33135,wal.ltd,ECONNRESET
33146,destinyitemmanager.com,http_200
33147,gites-de-france.com,http_403
33149,rdkf.io,ENOTFOUND
33148,vngdns.net,ENOTFOUND
33150,brcdn.com,ENOTFOUND
33153,armtek.ru,http_403
33144,dayoo.com,http_403
33091,nnm-club.info,timeout
33126,transer.com,DEPTH_ZERO_SELF_SIGNED_CERT
33159,sd360.com.ve,DEPTH_ZERO_SELF_SIGNED_CERT
33160,jsvlsjx.com,ERR_SSL_TLSV1_ALERT_INTERNAL_ERROR
33162,enhanced.live,ENOTFOUND
33154,dns-servicios.es,timeout
33167,asqq.io,http_403
33156,erols.com,ENOTFOUND
33169,sipgate.cloud,ENOTFOUND
33164,jyjcms.cn,ERR_SSL_TLSV1_ALERT_INTERNAL_ERROR
33168,kvue.com,http_200
33172,watchliveformula1.com,ENOTFOUND
33174,tamgrt.com,http_404
33141,dns-engine.com,timeout
33177,awsdns-cn-51.com,ENOTFOUND
33158,guizhou.gov.cn,timeout
33179,compute-pipe.com,ENOTFOUND
33176,fazenda.sp.gov.br,http_404
33181,butterfly-effect.dev,ENOTFOUND
33173,otherdns.com,ECONNREFUSED
33185,mxcontent.net,ENOTFOUND
33178,yhj.com.cn,ENOTFOUND
33191,signnow.com,http_404
33195,jy-xm.com,ERR_SSL_TLSV1_ALERT_INTERNAL_ERROR
33197,ntesmail.com,ERR_TLS_CERT_ALTNAME_INVALID
33203,zpsyxx.com,ECONNREFUSED
33207,freeforums.net,http_404
33212,nullschool.net,http_404
33175,ingrammicro.com,timeout
33201,shangjin88.com,ERR_SSL_TLSV1_ALERT_INTERNAL_ERROR
33217,earz.com,UNABLE_TO_VERIFY_LEAF_SIGNATURE
33216,meliadn.com,http_404
33218,finansbank.com,ENOTFOUND
33215,ipb.ac.id,http_503
33220,dt.fox,ENOTFOUND
33208,ntjlzz.cn,ERR_SSL_TLSV1_ALERT_INTERNAL_ERROR
33221,flykatyusha.net,ENOTFOUND
33222,lotoquebec.com,ERR_SSL_UNSAFE_LEGACY_RENEGOTIATION_DISABLED
33226,1rtb.net,http_404
33232,pososite.com,ENOTFOUND
33237,pwc.de,http_403
33224,jymljs.cn,ERR_SSL_TLSV1_ALERT_INTERNAL_ERROR
33236,keen.io,http_404
33238,cnjingying88.com,ERR_SSL_TLSV1_ALERT_INTERNAL_ERROR
33240,postech.ac.kr,http_404
33241,verdesmares.com.br,http_403
33244,rwb.ru,http_404
33248,canstrm.com,ENOTFOUND
33249,tstserver.com,ERR_SSL_SSL/TLS_ALERT_HANDSHAKE_FAILURE
33254,mpulsefusion.com,ENOTFOUND
33253,fritz.box,DEPTH_ZERO_SELF_SIGNED_CERT
33255,med.or.jp,http_200
33259,bitkeep.top,ENOTFOUND
33262,att.com.mx,http_403
33189,opentable.co.uk,timeout
33261,jymds.com,ECONNREFUSED
33265,srvb1.com,http_404
33267,nyi.net,http_200
33270,ybx-emc.com,ECONNREFUSED
33272,sf-api.com,http_404
33273,puwapp.com,http_404
33274,infra-host.com,ENOTFOUND
33223,triumvirat.ru,timeout
33277,drivethrurpg.com,http_403
33263,cnzhongxing.com,timeout
33279,dyhrsj.com,ERR_SSL_TLSV1_ALERT_INTERNAL_ERROR
33283,superbalist.com,http_403
33282,hetzner.cloud,http_200
33287,ebgames.ca,http_403
33242,mynetgroup.com,timeout
33292,maxonline.com.sg,ENOTFOUND
33271,confstage.com,timeout
33294,yandex-bank.net,ENOTFOUND
33297,wrangler.com,http_403
33296,aetv.com,http_200
33300,cjintegrations.com,ENOTFOUND
33301,topsitenet.com,http_404
33305,statad.ru,http_204
33303,omeganet.it,http_200
33309,natro.com,http_403
33307,jsyongsheng.cn,ERR_SSL_TLSV1_ALERT_INTERNAL_ERROR
33264,microsoftinternetsafety.net,timeout
33308,dgtcjn.com,ERR_SSL_TLSV1_ALERT_INTERNAL_ERROR
33314,babylonbee.com,http_404
33317,ironmountain.com,http_429
33322,trademarkarea.com,http_403
33323,dbappwaf.cn,DEPTH_ZERO_SELF_SIGNED_CERT
33325,ddns.info,ENOTFOUND
33327,thefappeningblog.com,http_404
33328,lbdns-streamguys.com,ENOTFOUND
33324,feb.ltd,ECONNRESET
33329,codns.net,ERR_SSL_UNSUPPORTED_PROTOCOL
33332,cedexis.com,http_404
33334,pwrs.ru,http_404
33335,britishnewspaperarchive.co.uk,http_403
33336,servidoresph.com,ERR_TLS_CERT_ALTNAME_INVALID
33331,js-hongdi.com,ERR_SSL_TLSV1_ALERT_INTERNAL_ERROR
33341,strikinglydns.com,ENOTFOUND
33337,jyshengqifz.cn,ERR_SSL_TLSV1_ALERT_INTERNAL_ERROR
33339,createspace.com,http_200
33345,hpplus.jp,http_404
33346,panasonic.biz,http_404
33347,snom.com,http_404
33298,krskstate.ru,timeout
33326,gl-cs.com,timeout
33306,hanoi.gov.vn,timeout
33359,asp-frontier.net,ENOTFOUND
33364,sportinglife.ca,http_403
33366,iptwins.com,http_200
33356,jyclbj.cn,ERR_SSL_TLSV1_ALERT_INTERNAL_ERROR
33367,amzndns-cn.com,ENOTFOUND
33369,jiggleroctene.cyou,ENOTFOUND
33368,dgvddfdpn7vm.net,http_404
33376,redcircle.com,http_403
33374,jyweihu.cn,ERR_SSL_TLSV1_ALERT_INTERNAL_ERROR
33383,ounass.com,http_200
33382,ulinkcollege.com,http_500
33387,openhd.ru,http_403
33381,jchldryq.com,ERR_SSL_TLSV1_ALERT_INTERNAL_ERROR
33385,xmshiteng.com,ENOTFOUND
33386,olaelectric.com,http_200
33396,runpod.net,ENOTFOUND
33391,jykalige.cn,ERR_SSL_TLSV1_ALERT_INTERNAL_ERROR
33395,onvio.com.br,http_404
33398,swat-adping.com,ENOTFOUND
33403,360yield-basic.com,ENOTFOUND
33401,openphoneapi.com,http_526
33407,jjzlcc.com,ERR_SSL_TLSV1_ALERT_INTERNAL_ERROR
33409,myhuaweicloud-custom.com,ENOTFOUND
33408,zamimg.com,DEPTH_ZERO_SELF_SIGNED_CERT
33411,oberberg-online.de,ERR_SSL_WRONG_VERSION_NUMBER
33410,lite-host.su,ERR_TLS_CERT_ALTNAME_INVALID
33412,menaapp.net,ENOTFOUND
33413,wbaltv.com,http_451
33352,adopenstatic.com,timeout
33419,postpulse.space,ENOTFOUND
33420,orerve.net,ENOTFOUND
33399,akadev.de,timeout
33421,ndtvprofit.com,http_403
33417,cecchina.com,ENOTFOUND
33425,openshiftapps.com,ENOTFOUND
33426,ethicspoint.com,http_200
33428,snappfood.ir,http_403
33430,allmende.io,http_404
33392,zbzoom.net,timeout
33397,speed-sci.net,timeout
33436,s3xified.com,ENOTFOUND
33435,patchflow.shop,ECONNREFUSED
33432,lcxyljtrmyy.cn,ENOTFOUND
33422,huekit.shop,timeout
33438,vnc.com,http_403
33424,optad360.io,timeout
33437,tax.gov.ua,http_403
33440,blacknightsolutions.com,ECONNREFUSED
33443,globetrotter.de,http_403
33447,newvoicemedia.com,http_403
33453,scaliainfra.nl,ENOTFOUND
33454,eurovision.tv,http_403
33455,17pytzy5p.com,ENOTFOUND
33452,natgeofe.com,http_406
33457,drmartens.com,http_200
33461,oraclersys.com,ENOTFOUND
33448,socrf.com,CERT_HAS_EXPIRED
33460,pbteen.com,http_200
33462,idp365.net,http_403
33465,onlinesequencer.net,http_403
33458,js-sannai.com,ERR_SSL_TLSV1_ALERT_INTERNAL_ERROR
33466,anwap.today,CERT_HAS_EXPIRED
33469,wind.it,UNABLE_TO_VERIFY_LEAF_SIGNATURE
33470,joy-sourcing.com,ENOTFOUND
33471,trackercdn.com,http_404
33473,awsdns-cn-48.biz,ENOTFOUND
33476,smnvc.com,ENOTFOUND
33477,interdomain.net,ERR_TLS_CERT_ALTNAME_INVALID
33480,alby.net,ENOTFOUND
33483,mackolikfeeds.com,ENOTFOUND
33423,rewhosting.com,timeout
33487,wesh.com,http_451
33488,logrocket.com,http_404
33489,pegahtech.ir,ERR_TLS_CERT_ALTNAME_INVALID
33492,target.com.au,http_403
33494,ofcs.top,ERR_SSL_TLSV1_UNRECOGNIZED_NAME
33496,dwp.gov.uk,ERR_TLS_CERT_ALTNAME_INVALID
33495,zcnotary.cn,ENOTFOUND
33479,telemar.net.br,ENOTFOUND
33500,dnsnuts.com,ENOTFOUND
33502,unmask.com,http_403
33497,cshchina.com,ENOTFOUND
33468,catholichealth.net,timeout
33504,hosted-by-vdsina.ru,ERR_TLS_CERT_ALTNAME_INVALID
33514,clearbitscripts.com,http_404
33478,foreverpirates.co,timeout
33516,callupcontact.com,ENOTFOUND
33518,webnode.es,http_404
33513,cnppri.com.cn,ERR_TLS_CERT_ALTNAME_INVALID
33526,freeip.com,http_404
33527,22lkys32pj0zl2vbip82oqe.live,http_404
33522,ca-2000.com,ERR_SSL_TLSV1_ALERT_INTERNAL_ERROR
33529,gks.ru,UNABLE_TO_VERIFY_LEAF_SIGNATURE
33532,googledrive.com,http_404
33537,domainhasexpired.com,ENOTFOUND
33536,awsdns-cn-41.net,ENOTFOUND
33540,algogear.com,http_200
33508,ccb.com.cn,ENOTFOUND
33541,sanxingyesone.com,UNABLE_TO_VERIFY_LEAF_SIGNATURE
33544,hikvisiondb.webcam,http_200
33542,rohitab.com,ERR_SSL_UNSUPPORTED_PROTOCOL
33549,radiopublic.com,ENOTFOUND
33547,centralservers.com,http_200
33550,jysenxin.com,ERR_SSL_TLSV1_ALERT_INTERNAL_ERROR
33558,mysrsx.com,ENOTFOUND
33559,cavelodata.com,ENOTFOUND
33560,ri.se,http_403
33562,wdesk.com,http_403
33561,ju.edu.jo,http_200
33564,jellycat.com,http_403
33568,englishclub.com,http_403
33569,sellpy.net,ENOTFOUND
33524,grampus-server.ru,timeout
33530,ccss.sa.cr,timeout
33573,airnewzealand.co.nz,http_404
33534,awxcdn.com,timeout
33577,majesticsofaindia.com,http_404
33575,daarr.com,ECONNREFUSED
33584,univalle.edu.co,http_500
33585,drbryanpwalsh.com,http_444
33572,itaupersonnalite.com.br,http_403
33589,browser1.app,ENOTFOUND
33554,ooonet.ru,timeout
33594,dc.uz,http_404
33593,66yahoo.com,ERR_TLS_CERT_ALTNAME_INVALID
33598,casemine.com,http_404
33600,ssqt.io,ENOTFOUND
33601,lenobl.com,ECONNREFUSED
33597,xephion.ne.jp,ENOTFOUND
33603,teleport.sh,http_200
33599,sega.jp,http_404
33602,czgsjz.com,ERR_SSL_TLSV1_ALERT_INTERNAL_ERROR
33566,mp3.com,timeout
33607,belgiantrain.be,http_403
33582,weatherlink.com,http_404
33606,sunway-wine.com.cn,ERR_SSL_TLSV1_ALERT_INTERNAL_ERROR
33611,yandexcom.net,http_200
33612,starnxdomain.net,ENOTFOUND
33618,dev-my.games,ENOTFOUND
33619,zpagov.net,ENOTFOUND
33621,w1.money,http_200
33610,secure.ne.jp,ENOTFOUND
33626,shopinfo.jp,ENOTFOUND
33613,vnecdn.net,timeout
33615,uplift-platform.com,http_404
33630,iili.io,http_200
33628,tdnsv12.com,ENOTFOUND
33595,more.net,timeout
33636,antpi.net,http_404
33637,appguard.co.kr,ENOTFOUND
33641,atiads.tv,ENOTFOUND
33642,piedmont.org,http_403
33605,pinupden.casino,timeout
33643,informatica.com,http_200
33651,thefacebook.com,ERR_TLS_CERT_ALTNAME_INVALID
33648,adfox.net,ENOTFOUND
33657,tmdak.top,ENOTFOUND
33654,310s309s.cn,ECONNREFUSED
33656,cyberarkgov.cloud,ENOTFOUND
33661,landmarkcinemas.com,http_403
33668,githubstatus.com,http_200
33664,fromsoftware-game.net,http_404
33670,u4a.cn,ENOTFOUND
33666,cloudjscdn.cn,DEPTH_ZERO_SELF_SIGNED_CERT
33673,toiimg.com,ENOTFOUND
33675,ztna1p-msedge.net,ENOTFOUND
33669,yun-ns.cn,ENOTFOUND
33688,argo-net.su,CERT_HAS_EXPIRED
33695,san.ru,http_404
33629,dsredirection.com,timeout
33699,wxkjpump.cn,ERR_SSL_TLSV1_ALERT_INTERNAL_ERROR
33687,queniuwx.com,ENOTFOUND
33693,nskeeper.ru,timeout
33696,sitestatic.net,ENOTFOUND
33709,imcdb.org,http_403
33707,sberclass.ru,http_403
33711,shopifynetwork.com,http_200
33716,ankersmartdns.com,ENOTFOUND
33715,verizonmedia.com,http_502
33677,sigmacdn.net,timeout
33717,mobuppsrtb.com,CERT_HAS_EXPIRED
33714,sumicity.net.br,http_404
33719,kbos.net,http_404
33680,turboboost.pro,timeout
33720,f1connect.net,ENOTFOUND
33723,glbth.com,http_404
33730,convert-flow.net,http_404
33733,liketech.site,ENOTFOUND
33700,qhres2.com,ENOTFOUND
33734,tecnm.mx,http_403
33739,chiba.lg.jp,ENOTFOUND
33735,chlitchi.com,http_404
33744,allo.ua,http_403
33748,zone.tc,http_404
33749,icq.net,ENOTFOUND
33750,eslite.com,http_403
33752,joplincloud.com,http_404
33751,level27.eu,http_404
33758,pewsocialtrends.org,http_404
33760,m2b-log.ru,http_404
33763,onlineslot-nodeposit.com,ECONNRESET
33747,punjab.gov.in,timeout
33766,cancaonova.com,http_200
33718,websiteservername.com,timeout
33769,hispeed.ch,http_200
33728,questia.com,timeout
33770,esped.com,http_200
33773,major-design.ru,ERR_TLS_CERT_ALTNAME_INVALID
33776,gamescombine.com,ENOTFOUND
33741,qdjtxx.com,timeout
33777,alsoenergy.com,http_404
33780,giraffic.net,ENOTFOUND
33782,limbuscompanyapi.com,http_400
33785,startssl.com,http_404
33765,economia.gov.br,timeout
33788,bamf.de,http_404
33762,mskobr.ru,timeout
33774,ksosoft.com,http_404
33793,energysavingtrust.org.uk,http_403
33798,syncbak.com,http_200
33797,bjhwsj.com,http_200
33784,slackware.com,ECONNREFUSED
33805,eniro.se,http_403
33801,gengxinhuandai.com,ENOTFOUND
33809,icp0.io,http_400
33812,cci-dns.net,ENOTFOUND
33786,servidoraweb.net,ENETUNREACH
33815,sky1x.com,ENOTFOUND
33816,siliconrepublic.com,http_403
33807,amzndns-cn.cn,ENOTFOUND
33814,che168.com,http_200
33823,beisilechina.com,ERR_SSL_TLSV1_ALERT_INTERNAL_ERROR
33826,dayunmotor.com,http_403
33802,ntguchi.cn,timeout
33830,planet.nl,http_200
33831,awsdns-cn-17.cn,ENOTFOUND
33835,newizv.ru,http_200
33832,leju.com,http_404
33836,skullgirlsmobile.com,http_403
33838,cineplex.com,http_403
33824,tgnn.live,timeout
33846,dxc.technology,http_200
33810,giacom.net,timeout
33848,myfritz.link,ERR_TLS_CERT_ALTNAME_INVALID
33849,healthsafe-id.com,http_400
33851,yzrsbxg.com,ERR_SSL_TLSV1_ALERT_INTERNAL_ERROR
33850,kxlims.com,ERR_TLS_CERT_ALTNAME_INVALID
33827,fresnobee.com,timeout
33852,khzdq.com,ERR_SSL_TLSV1_ALERT_INTERNAL_ERROR
33856,zeroweb.kr,http_404
33834,dwxdf.cn,timeout
33855,haixinlai.cn,ERR_SSL_TLSV1_ALERT_INTERNAL_ERROR
33861,zauba.com,http_403
33862,intake-lr.com,http_530
33864,mxrouting.net,ERR_TLS_CERT_ALTNAME_INVALID
33863,iinet.com,http_404
33872,azconfig.io,ENOTFOUND
33842,yi.org,timeout
33873,threatgrid.com,ERR_TLS_CERT_ALTNAME_INVALID
33844,tverreg.ru,timeout
33874,goforandroid.com,ERR_TLS_CERT_ALTNAME_INVALID
33877,xiaomimobile.com,ERR_SSL_TLSV1_ALERT_INTERNAL_ERROR
33879,letsplaywell.com,ENOTFOUND
33880,allmyfaves.com,http_200
33883,mediasmart.es,ERR_SSL_WRONG_VERSION_NUMBER
33888,uindex.org,http_404
33889,simpleanalyticscdn.com,ENOTFOUND
33892,rationalwiki.org,http_503
33895,marqo-ep.ai,ENOTFOUND
33901,pagescdn.com,http_404
33902,cooladata.com,ERR_SSL_SSL/TLS_ALERT_HANDSHAKE_FAILURE
33903,mono-project.com,http_404
33909,ubuy.co.id,http_403
33910,manything.com,http_200
33916,idoocloud.com,http_200
33885,ems.com.cn,http_405
33917,tzsjysg.com,ERR_SSL_TLSV1_ALERT_INTERNAL_ERROR
33921,dditservices.com,http_404
33919,cycletrader.com,http_403
33866,waters.com,timeout
33870,wspan.com,timeout
33933,config-factory.com,ENOTFOUND
33927,jiasuma.com,ENOTFOUND
33931,bugs.co.kr,http_200
33940,activoblog.com,http_403
33939,bet.br,ENOTFOUND
33944,as20676.net,ENOTFOUND
33947,ns.lb,ENOTFOUND
33945,waqi.info,http_404
33946,livingspaces.com,http_403
33950,golfchannel.com,http_403
33948,cyysj.com,ERR_SSL_TLSV1_ALERT_INTERNAL_ERROR
33955,jwpub.org,ENOTFOUND
33962,ohousecdn.com,ENOTFOUND
33963,illuma-tech.com,ENOTFOUND
33914,sclub.com.tw,timeout
33970,calyra.cc,ENOTFOUND
33973,tink.network,ENOTFOUND
33972,elexapp.com,http_200
33977,galeria.de,http_403
33979,dream-zenith.com,ENOTFOUND
33975,platform9.horse,ENETUNREACH
33988,bostonreview.net,http_403
33941,zhky.ru,timeout
33990,mljt.tech,ERR_TLS_CERT_ALTNAME_INVALID
33993,ns-serve.net,ECONNREFUSED
33999,nfm.com,http_200
34000,boyner.com.tr,http_403
33981,wtzw.com,http_200
34004,tunet.tn,ERR_TLS_CERT_ALTNAME_INVALID
34005,wb-bank.ru,http_498
34001,591.com.tw,http_403
34008,vultrobjects.com,ENOTFOUND
34006,good-server-list.life,ENOTFOUND
33958,foodmate.net,timeout
34014,dy-api.eu,http_404
34010,fanotech.ir,http_200
34022,mpb.com,http_403
34026,l4dns.com,ENOTFOUND
34025,superservice.com,http_502
34032,themedia.jp,ENOTFOUND
33982,eudemon365.net,timeout
34030,nexon.io,http_200
34034,dreo-tech.com,http_403
34035,firstcycling.com,http_403
34033,wcnc.com,http_200
34040,assettype.com,ENOTFOUND
34042,66.in-addr.arpa,ENOTFOUND
34044,twibbonize.com,http_404
34037,lockobank.ru,SELF_SIGNED_CERT_IN_CHAIN
34049,yarnflowgame.com,ENOTFOUND
34048,yundunwaf3.com,ENOTFOUND
34047,stat.media,http_404
34050,sitescdn.net,ENOTFOUND
34021,securen.net,timeout
34052,awsdns-cn-35.net,ENOTFOUND
34055,tu-braunschweig.de,http_404
34056,webim2.ru,http_401
34063,unirusgroup.ru,http_403
34064,nic.expert,ERR_TLS_CERT_ALTNAME_INVALID
34066,calvinklein.us,http_403
34072,domino-dreams.com,ENOTFOUND
34073,fairplay24.win,http_404
34071,xn--lovu62d.cn,ECONNREFUSED
34074,araujo.com.br,http_403
34079,arubadns.cz,ENOTFOUND
34083,pearlcdn.com,ENOTFOUND
34082,madgenius.com,http_404
34087,cdn-lab.shop,ENOTFOUND
34089,nagoya.jp,ENOTFOUND
34088,hostinglotus.net,ERR_TLS_CERT_ALTNAME_INVALID
34092,gohawaii.com,http_403
34059,adtpulse.com,http_403
34054,on-nets.com,http_200
34093,qaxcloudwaf.com,ENOTFOUND
34094,pipopayment.us,ENOTFOUND
34098,sg-tencentclb.cloud,ENOTFOUND
34100,ppppay.xyz,ENOTFOUND
34102,domxyrxsfevpzjeg.net,ENOTFOUND
34058,mnr.gov.cn,ENOTFOUND
34109,hushiedu.net,http_404
34101,moi.st,http_200
34116,mntprod.net,ENOTFOUND
34117,sgcloudhosting.com,ENOTFOUND
34119,extremereach.com,http_200
34122,yundunwaf2.com,ENOTFOUND
34125,cesseon.com,ENOTFOUND
34132,umbraco.io,http_200
34130,crowdrise.com,http_200
34136,boylesports.com,http_403
34138,chinazyxxcp.org,ENOTFOUND
34134,foxhis.com,http_404
34137,iem.sh,http_200
34142,lr-ingest.io,ENOTFOUND
34146,guidewire.net,ENOTFOUND
34148,nordaccount.com,http_403
34152,sec-ns.de,ENOTFOUND
34153,waconazure.com,ENOTFOUND
34155,galerabett.com,ENOTFOUND
34096,kisti.re.kr,timeout
34163,panotoday.net,ENOTFOUND
34160,einzahlungbonus.de,http_200
34151,scol.com.cn,http_200
34167,nintendo.es,http_200
34170,247-inc.net,ENOTFOUND
34173,convex.cloud,http_200
34174,cnh.com,http_200
34176,ruvr.ru,ENOTFOUND
34175,ldv-dns.com,ENOTFOUND
34177,infiniplay-game.com,http_403
34180,cluep.com,http_200
34112,grepler.com,timeout
34185,bouxavenue.com,http_200
34178,fsist.com.br,http_404
34186,base-search.net,http_200
34188,web24.net.au,ENOTFOUND
34149,whut.edu.cn,http_403
34192,suomi-casinos.com,ENOTFOUND
34190,udache.com,http_403
34195,peer4you.net,ENOTFOUND
34198,fnac.es,http_403
34201,intername.ch,http_404
34206,dsp-redirect.com,http_204
34207,getglobaldata.com,ERR_SSL_DH_KEY_TOO_SMALL
34209,dynamix-network.com,http_404
34210,domains.lt,http_404
34211,rollout.io,http_200
34215,supercheapauto.com.au,http_403
34214,masterweb.com,CERT_HAS_EXPIRED
34183,telefonica.net,ENOTFOUND
34219,massivegrid.net,http_404
34225,next.ie,http_403
34212,lixiang.com,http_200
34231,jejuair.net,http_403
34234,jftechws.ru,ENOTFOUND
34237,arkdedicated.com,http_404
34230,wxhdlhj.cn,ERR_SSL_TLSV1_ALERT_INTERNAL_ERROR
34235,visaonline.com,http_200
34239,avo.app,http_200
34243,playusdev.com,ENOTFOUND
34240,novabev.com,UNABLE_TO_VERIFY_LEAF_SIGNATURE
34238,awsdns-cn-38.cn,ENOTFOUND
34246,ronet.de,http_420
34247,tranzit-net.ru,ENOTFOUND
34249,free3d.com,http_403
34250,initxx.com,ENOTFOUND
34248,jskingtex.com,DEPTH_ZERO_SELF_SIGNED_CERT
34255,guerlain.com,http_403
34257,as13285.net,ENOTFOUND
34259,ultrastar.ru,ECONNREFUSED
34264,xarth.tv,ENOTFOUND
34208,lordfilm.art,timeout
34266,cnode.io,ENOTFOUND
34267,hnc.cl,http_404
34253,inq.com,timeout
34268,qrserver.com,ENOTFOUND
34271,engineeringtoolbox.com,http_404
34265,apteka-april.ru,err
34273,zincha.net,ENOTFOUND
34278,sipregistration.net,ENOTFOUND
34279,reddybook.green,http_404
34276,jsczkt.cn,ERR_SSL_TLSV1_ALERT_INTERNAL_ERROR
34281,cls.expert,ECONNREFUSED
34261,qbnz.com,timeout
34242,luckyorange.net,timeout
34244,comerica.com,timeout
34283,rakuten.ad.jp,ENOTFOUND
34287,aswpsdkeu.com,http_404
34284,apple.cn,http_200
34289,qip.ru,http_200
34297,dongee.com,http_403
34299,sexdepvl.blog,http_403
34291,hsiidevelop.com,ECONNREFUSED
34303,scrapbook.com,http_403
34306,pelotalibretv.su,ENOTFOUND
34307,a2z.org.cn,ENOTFOUND
34308,aboutyoublog.com,http_403
34309,ribsiuds.qpon,ENOTFOUND
34311,dealereprocess.org,http_403
34280,muztorg.ru,err
34315,granjamillonaria.com,ECONNREFUSED
34313,ukzn.ac.za,http_404
34319,quattroruote.it,http_403
34312,educacao.pe.gov.br,http_404
34321,quorbentaxil.cc,ENOTFOUND
34318,bytes.media,ENOTFOUND
34322,technologynetworks.com,http_403
34323,ironlogic.company,ERR_TLS_CERT_ALTNAME_INVALID
34326,nswebhost.com,http_404
34328,stat-rock.com,http_200
34327,highperformanceformat.com,http_200
34331,wavecdn.net,ENOTFOUND
34332,ofssbihar.net,http_404
34335,edgesuite88.net,ENOTFOUND
34345,hostbasket.com,ECONNRESET
34344,infosecinstitute.com,http_403
34302,kddziot.online,ENOTFOUND
34348,legaldaily.com.cn,ENOTFOUND
34352,topgai.blog,http_403
34347,dmed.technology,http_200
34356,fastliii.com,ENOTFOUND
34355,sistyle.ru,UND_ERR_SOCKET
34357,seld.be,http_404
34359,kmk.org,http_500
34360,owdin.live,http_410
34337,hazzptt.net.cn,ENOTFOUND
34366,dnscloud.net.au,ENOTFOUND
34317,cubadebate.cu,timeout
34353,thdws.com,http_403
34320,myzone.cn,timeout
34368,businessworld.in,http_403
34367,samsungconnectivity.com,http_403
34373,gematsu.com,http_403
34372,historydb.date,ECONNRESET
34376,hzngx.com,ECONNREFUSED
34362,halyptt.net.cn,ENOTFOUND
34379,gearbest.com,ENOTFOUND
34381,tazkarti.com,http_200
34382,fiservmobileapps.com,ENOTFOUND
34385,fbref.com,http_403
34387,vevida.net,ENOTFOUND
34384,jybczy.com,ERR_SSL_TLSV1_ALERT_INTERNAL_ERROR
34392,icmdb.ru,ENOTFOUND
34393,usp.org,http_403
34394,nsimg.net,ENOTFOUND
34374,domrfbank.ru,SELF_SIGNED_CERT_IN_CHAIN
34395,psvgamestudio.com,http_200
34397,vficloud.net,ENOTFOUND
34377,uw0.xyz,timeout
34361,webamg.com,timeout
34378,host-h.net,timeout
34401,storagetreasures.com,http_403
34402,revlifter.io,ENOTFOUND
34408,hellopublic.com,ENOTFOUND
34413,dailypress.com,http_403
34415,alfahosting.info,ERR_TLS_CERT_ALTNAME_INVALID
34414,web.ad.jp,ENOTFOUND
34417,savethestudent.org,http_403
34422,awsdns-cn-39.biz,ENOTFOUND
34390,xuebody.com,ENOTFOUND
34425,wear2.jp,ENOTFOUND
34426,flairadscpc.com,http_404
34429,my-alfred.com,CERT_HAS_EXPIRED
34436,betcitybk.ru,ENOTFOUND
34439,fciis.net,ENOTFOUND
34441,ru.ru,ENOTFOUND
34442,lendingsvcs.com,ENOTFOUND
34407,lausd.org,http_403
34448,giffgaff.com,http_200
34444,asmallorange.com,http_523
34453,news.com,http_200
34454,mapixl.com,http_403
34457,xhslink.com,http_404
34461,kivbf.de,DEPTH_ZERO_SELF_SIGNED_CERT
34462,petrobras.com.br,http_403
34465,eschool.edu.ps,http_404
34468,nocibe.fr,http_403
34464,jjjshg.com,ERR_SSL_TLSV1_ALERT_INTERNAL_ERROR
34466,cbs8.com,http_200
34431,becasbenitojuarez.gob.mx,timeout
34475,highcdnvideo.link,http_521
34470,hgy120.com,ECONNREFUSED
34471,shang-nan.cn,ECONNREFUSED
34485,dnsimple-edge.org,ENOTFOUND
34486,marcjacobs.com,http_403
34476,zgtxyh.com,ERR_SSL_TLSV1_ALERT_INTERNAL_ERROR
34488,7gis.ru,ERR_TLS_CERT_ALTNAME_INVALID
34493,mygamebox.top,http_404
34497,allstarunion.com,ENOTFOUND
34495,enscape3d.com,http_200
34500,fluvenkarthon.info,ENOTFOUND
34504,discourse.group,http_200
34510,gametrailers.com,ENOTFOUND
34505,kfzimg.com,http_404
34513,mydnsvault.com,ENOTFOUND
34509,chinaetea.com,http_200
34519,rootsoc.com,ENOTFOUND
34514,yiwu2016.com,ECONNREFUSED
34526,pepper.com,http_200
34533,bizbuysell.com,http_403
34535,tapc.art,http_404
34534,teacheron.com,http_403
34529,connectedlyric.com,ERR_TLS_CERT_ALTNAME_INVALID
34541,gravitycloud.io,ENOTFOUND
34545,nordstrommedia.com,ENOTFOUND
34546,my-it-solutions.net,ENOTFOUND
34548,america.net,http_200
34551,xpln.tech,http_404
34558,flux-cdn.com,http_404
34553,cwpanama.net,ERR_TLS_CERT_ALTNAME_INVALID
34561,airbuds.fm,http_404
34560,tut.fi,http_200
34562,lta.gov.sg,http_404
34564,good-game-service.com,ENOTFOUND
34477,zxxjscp.com,timeout
34570,carandclassic.com,http_403
34571,zanox.com,http_200
34574,squoosh.app,http_404
34576,interactgo.com,http_200
34577,gigaset.net,http_200
34579,culvers.com,http_403
34583,hostprofis.com,http_404
34584,ynet.com,http_403
34586,oojoovae.org,ENOTFOUND
34589,nict.jp,ENOTFOUND
34524,ucoz.ua,timeout
34596,dickblick.com,http_200
34593,digitalproserver.com,http_404
34599,omguk.com,ENOTFOUND
34600,dns.py,ENOTFOUND
34549,cpplusddns.com,timeout
34575,cup.com.cn,http_404
34604,cmmobile.cn,ENOTFOUND
34605,nycu.edu.tw,http_404
34608,jspm.io,http_404
34609,rustfavorites.com,ENOTFOUND
34555,dnsireland.com,timeout
34613,abus.com,http_403
34603,hnfxjt.com,ERR_TLS_CERT_ALTNAME_INVALID
34614,tab.com.au,http_500
34619,geodns.pro,DEPTH_ZERO_SELF_SIGNED_CERT
34627,eastendapps.com,ENOTFOUND
34630,olx.ba,http_403
34628,ustb.edu.cn,http_400
34633,homematic.com,http_404
34635,api66y.space,http_403
34634,1filmyfly.dad,ENOTFOUND
34637,badak178daftar.com,http_403
34631,msu.su,ENOTFOUND
34638,bampt3.com,http_404
34642,futbollibregol.pe,ENOTFOUND
34645,hyperbolicglobal.com,ENOTFOUND
34639,cbseresults.nic.in,http_500
34632,tzcxhr.cn,ERR_SSL_TLSV1_ALERT_INTERNAL_ERROR
34646,khelo24bet88.com,ENOTFOUND
34647,kinghorsetotox58.com,http_403
34650,officialyonogames.com,ENOTFOUND
34651,sexnetvc.com,http_403
34649,my99exch.tech,http_404
34652,skymovieshd.free,ENOTFOUND
34654,tellybiz.in,http_404
34658,9gti.com,http_525
34653,surepay1.com,http_200
34660,scriptwrapper.com,ENOTFOUND
34662,awsdns-cn-23.net,ENOTFOUND
34663,bitget.fit,http_503
34666,rvtrader.com,http_403
34668,txxddt.com,ERR_SSL_TLSV1_ALERT_INTERNAL_ERROR
34671,myrepublic.co.id,http_404
34675,demts.ru,ENOTFOUND
34683,r9cdn.net,ENOTFOUND
34679,txhykj.com,ERR_SSL_TLSV1_ALERT_INTERNAL_ERROR
34685,skysrt.com,CERT_HAS_EXPIRED
34684,fxycpx.com,http_404
34691,googlesyndication-cn.com,http_404
34693,nintendo.it,http_200
34698,hbfxzx.com.cn,ECONNRESET
34699,bluekai.com,CERT_HAS_EXPIRED
34701,christianlouboutin.com,http_403
34703,terra.es,ERR_TLS_CERT_ALTNAME_INVALID
34702,gcom.ru,ERR_TLS_CERT_ALTNAME_INVALID
34704,didomains.com,ENOTFOUND
34707,amazonaws.org,ENOTFOUND
34711,lejia114.com,ENOTFOUND
34681,tais.ru,ERR_TLS_CERT_ALTNAME_INVALID
34713,noventi-ora.de,http_200
34712,nankai.edu.cn,http_404
34715,outplayed.tv,http_404
34718,proctorauth.com,ENOTFOUND
34719,zohocal.com,ENOTFOUND
34722,isse-russia.ru,http_403
34723,wma.net,http_200
34697,pt.lu,timeout
34729,playstove.com,ENOTFOUND
34730,dmcomic.org,DEPTH_ZERO_SELF_SIGNED_CERT
34732,iberdrola.es,http_403
34733,robokassa.ru,http_503
34735,usgovcloud-static.microsoft,ENOTFOUND
34736,nysun.com,http_429
34738,officeworks.com.au,http_405
34678,optus.net.au,timeout
34739,xn--ykts2c47u5r4a.com,ECONNREFUSED
34746,zeelandnet.nl,http_200
34747,walmartdigital.cl,ENOTFOUND
34696,konkurent.ru,timeout
34744,dtci.technology,http_200
34750,savelyev.click,ENOTFOUND
34727,lqdt1.com,ENOTFOUND
34754,admile.ru,http_404
34757,gs1.org,http_403
34759,vsenet.net,ERR_TLS_CERT_ALTNAME_INVALID
34767,netto-online.de,http_403
34766,playerinfinite.com,ENOTFOUND
34773,madgexhosting.net,ENOTFOUND
34774,dgsecure.com,http_403
34779,intrastack.dev,ENOTFOUND
34749,staticontent.com,http_403
34780,jsjlxf.cn,ERR_SSL_TLSV1_ALERT_INTERNAL_ERROR
34778,951dns.com,ENOTFOUND
34785,pusan.ac.kr,http_404
34789,tld.ee,ERR_TLS_CERT_ALTNAME_INVALID
34796,qlikdev.com,ENOTFOUND
34797,push-sdk.com,http_404
34799,reichelcormier.bid,http_200
34745,idahostatesman.com,timeout
34800,orkut.com,http_404
34802,rpctrk.com,ENOTFOUND
34763,onlinebank.com,timeout
34816,bergdorfgoodman.com,http_403
34813,nic.ink,http_200
34817,f5silverline.com,ECONNREFUSED
34777,cfi.co.ug,timeout
34823,instastatistics.com,http_403
34809,parsdn.com,ERR_TLS_CERT_ALTNAME_INVALID
34821,ert.gr,http_404
34825,txsmtyl.net,http_404
34831,microstrategy.com,http_403
34784,uk.gov.in,timeout
34832,stfc.ac.uk,http_200
34829,picoxr.com,http_200
34833,server-cpanel.com,ECONNREFUSED
34841,mitm.it,http_404
34842,awsdns-cn-23.com,ENOTFOUND
34846,flaru.com,http_403
34827,cycu.edu.tw,http_200
34845,sipregistration.com,UNABLE_TO_VERIFY_LEAF_SIGNATURE
34848,citrixnetworkapi.net,ENOTFOUND
34850,tap.bio,http_200
34844,waseda.ac.jp,ENOTFOUND
34839,objectrocket.com,http_200
34847,gohojy.com,http_404
34860,ak-core.ru,ENOTFOUND
34855,txqsyz.com,ERR_SSL_TLSV1_ALERT_INTERNAL_ERROR
34869,airchina.com.cn,http_404
34865,nprstations.org,ECONNRESET
34877,brucetec.com,ERR_SSL_TLSV1_UNRECOGNIZED_NAME
34879,domaininfo.com,http_200
34878,imaginet.co.za,http_200
34885,datatechonert.com,http_204
34886,adcanvas.com,http_404
34887,wyff4.com,http_451
34891,dnssmarthost.net,ENOTFOUND
34890,yjs-cdn.com,ENOTFOUND
34892,aifvfjuf56juh.cfd,http_200
34898,kaufland.cz,http_403
34896,quick.net.au,http_404
34901,o11.tech,ENOTFOUND
34902,guoxiaodonggroup.com,DEPTH_ZERO_SELF_SIGNED_CERT
34908,mixlink.top,ENOTFOUND
34909,myuplink.com,http_200
34912,rh.com,http_403
34914,xn--pssw46az6cqs3a.com,DEPTH_ZERO_SELF_SIGNED_CERT
34917,wscvip.top,ENOTFOUND
34919,brave.app,http_200
34854,pcdog.ch,timeout
34920,masomogaming.com,ENOTFOUND
34922,rutracker.cc,ENOTFOUND
34923,tokyometro.jp,http_403
34925,boldwin.live,ENOTFOUND
34870,servebeer.com,timeout
34924,cntxcl.com,ERR_SSL_TLSV1_ALERT_INTERNAL_ERROR
34929,sainwertapr.com,ERR_SSL_TLSV1_ALERT_INTERNAL_ERROR
34876,solocoo.tv,timeout
34927,mbsrv.net,ERR_TLS_CERT_ALTNAME_INVALID
34932,adjha1k.com,ENOTFOUND
34913,cerf.net,ENOTFOUND
34936,backerkit.com,http_403
34931,myfloridalicense.com,http_403
34941,fivebelow.com,http_403
34943,qdrant.io,http_200
34940,tmu.edu.tw,http_404
34955,lorexddns.net,CERT_HAS_EXPIRED
34957,hpdata.click,ENOTFOUND
34956,slb.ru,http_403
34958,myteamspeak.com,http_200
34960,mozillabd.science,ENOTFOUND
34964,lkjhgfdsc.com,ENOTFOUND
34930,bitcoinexplorer.org,timeout
34959,long-mcquade.com,http_200
34972,einstein.br,http_403
34976,ukn.gg,http_403
34977,rancherdesktop.io,http_404
34962,battlenet.com.cn,http_200
34978,prxygo.shop,ENOTFOUND
34987,westernjournal.com,http_403
34988,radio-browser.info,http_200
34989,jetbrains-ide-services.com,http_404
34990,ilsos.gov,http_403
34935,chinaxxscp.org,timeout
34995,moritech.net,ENOTFOUND
34997,hannovermesse.de,http_200
34998,accainsurancetips.com,http_200
34994,ccmu.edu.cn,http_200
34969,kyschools.us,timeout
34971,kornet.net,timeout
34975,marinabaysands.com,timeout
35001,wbpay.ru,ECONNRESET
35009,shopifypreview.com,http_404
35010,agropoliya.ru,http_404
35015,whale.camera,http_404
35014,doubleclickbygoogle.com,http_200
35011,diditaxi.com.cn,http_404
35018,wmcloud.org,http_200
35019,imetaedu.com.cn,http_404
35022,ticaret.gov.tr,http_200
35027,faceitanalytics.com,ENOTFOUND
35030,insider-gaming.com,http_403
35024,x17grorfjwiytre2d.info,ENOTFOUND
35037,cognigy.cloud,ERR_SSL_SSL/TLS_ALERT_HANDSHAKE_FAILURE
35031,12news.com,http_200
35036,oliveyoung.com,http_403
35043,evo-node.com,ENOTFOUND
35047,shgcdn3.com,ENOTFOUND
35052,emcali.net.co,http_404
35054,hertz.io,ERR_TLS_CERT_ALTNAME_INVALID
35056,zzounds.com,http_403
35057,unrwa.org,http_403
35058,iihf.com,http_404
35063,mediaklikk.hu,http_403
35065,firstmedia.com,http_403
35066,sjapis.com,ENOTFOUND
35069,rostelshute.shop,ENOTFOUND
35070,rapidcdn.click,ENOTFOUND
35074,uicdn.com,ENOTFOUND
35033,mot.gov.cn,http_404
35076,cashweb.com.cn,ENOTFOUND
35064,internet1.de,ENOTFOUND
35044,qookkagames.com,http_200
35087,w3c.org,ECONNREFUSED
35092,taplink.st,http_404
35091,nmg.gov.cn,http_403
35095,controlpanel.si,http_404
35097,kajabi-cdn.com,ENOTFOUND
35096,sangfor.com,http_403
35086,robi.com.bd,http_200
35101,fndl.dev,ENOTFOUND
35100,awsdns-cn-28.net,ENOTFOUND
35080,woa.com,EHOSTUNREACH
35062,santander.com.mx,timeout
35111,db-dns.de,ENOTFOUND
35114,airlessbacach.shop,ENOTFOUND
35116,quantumgraph.com,ENOTFOUND
35117,duel.com,http_403
35118,adcell.com,http_200
35121,ameren.com,http_403
35105,mrse.com.ar,ENOTFOUND
35122,powered-by-nitrosell.com,ENOTFOUND
35123,widdimo.com,http_404
35126,a-m-p.xyz,http_403
35128,adf.ly,http_200
35124,zjguode.com,ERR_SSL_TLSV1_ALERT_INTERNAL_ERROR
35110,wixpress.com,timeout
35134,roomstogo.com,http_403
35115,synchronoss.net,timeout
35141,systeme.ru,http_403
35145,rzdss.com,ENOTFOUND
35133,7m.com.cn,http_404
35099,lipetsk.ru,timeout
35147,mysticechohaven.com,ERR_SSL_TLSV1_ALERT_INTERNAL_ERROR
35146,samsungmilkradio.com,ENOTFOUND
35103,cqhlyt.com,timeout
35151,themarker.com,http_403
35142,contentsfeed.com,ECONNREFUSED
35150,gocertify.me,http_200
35152,ekmdomains.net,ECONNRESET
35156,polyfill.io,http_401
35161,phoenix-dnr.ru,UNABLE_TO_VERIFY_LEAF_SIGNATURE
35157,excellmedia.net,http_200
35163,przelewy24.pl,http_200
35168,localizecdn.com,http_200
35170,devrev.ai,http_429
35173,rapidbidding.com,http_520
35171,ddo.jp,http_200
35178,cartefashion.fr,http_403
35183,powerad.ai,http_404
35186,frag-den-doc.de,ERR_SSL_UNSUPPORTED_PROTOCOL
35180,panthur.com,http_200
35185,wbir.com,http_200
35189,olacabs.com,http_200
35192,yourcpanelserver.com,DEPTH_ZERO_SELF_SIGNED_CERT
35187,aasaam-ns.ir,DEPTH_ZERO_SELF_SIGNED_CERT
35195,crossforward.com,http_404
35194,sipc.org,http_404
35198,playcdn.tv,ENOTFOUND
35201,sttsmntz.ru,ENOTFOUND
35199,cgu.gov.br,http_200
35205,us.kg,ENOTFOUND
35206,dettingchanel.com,ENOTFOUND
35207,instant.page,http_404
35203,1233dns.com,ENOTFOUND
35214,jimstatic.com,ENOTFOUND
35215,airties.com,http_404
35212,zgyxlc.com,http_404
35221,stevehoffman.tv,http_403
35228,americantrucks.com,http_403
35227,akrdinfo.cn,CERT_HAS_EXPIRED
35197,satofull.jp,ENOTFOUND
35233,testfreaks.com,http_200
35236,iot320.com,ENOTFOUND
35239,volcfcdndvs2.com,ENOTFOUND
35238,faceapp.photo,http_200
35234,alc.co.jp,http_403
35242,aswatson.com,http_403
35243,cujo.io,ENOTFOUND
35246,ysagin.top,ENOTFOUND
35249,elpts.ru,http_200
35251,amzndns-cn.net,ENOTFOUND
35174,european-server.com,timeout
35257,teksavvy.com,http_403
35255,js-lssy.com,ERR_SSL_TLSV1_ALERT_INTERNAL_ERROR
35262,schengenvisainfo.com,http_405
35264,trinitydesktop.org,http_404
35200,tellas.gr,ECONNREFUSED
35237,kielce.pl,ENOTFOUND
35271,autoglassonline.com.br,http_200
35269,gizmodo.com.au,http_200
35275,gkdionis.ru,http_404
35273,liketoknow.it,http_404
35278,prsmedia.fr,ENOTFOUND
35281,wswebpic.info,ENOTFOUND
35283,emuseum.com,http_404
35285,minfin.ru,http_503
35284,lzzhmp.com,ENOTFOUND
35287,ccleanerbrowser.com,http_200
35289,chtsite.com,ECONNREFUSED
35263,osmanates.com,http_503
35296,streetsblog.org,http_200
35295,revenue.ie,http_200
35252,biologists.org,timeout
35306,mundoen.com,ENOTFOUND
35308,propertyshark.com,http_403
35307,handelsregister.de,http_200
35312,mae.ro,http_503
35292,cdtapps.com,ENOTFOUND
35318,empowerlocal.co,ENOTFOUND
35319,aba.com,http_403
35280,fsb.ru,timeout
35282,scandichotels.com,timeout
35322,lnks.gd,http_404
35324,avis-verifies.com,http_404
35329,kasperskylabs.net,ENOTFOUND
35310,huzhou.org,ENOTFOUND
35333,imghst-de.com,http_521
35334,jimcdn.com,ENOTFOUND
35337,blueorigin.com,http_429
35338,tyxsyy.com,ENOTFOUND
35340,swk-web.com,http_404
35335,apxns.com,ENOTFOUND
35341,trdns.com,http_404
35346,otteravision.com,ENOTFOUND
35317,scu.edu.tw,timeout
35349,awsdns-cn-56.cn,ENOTFOUND
35351,caprover.com,http_404
35353,samsungpay.com,http_404
35355,wibes.ru,http_498
35305,gov39.ru,timeout
35362,herokudns.net,ENOTFOUND
35365,cdn30.com,ENOTFOUND
35368,fastconnection.ink,ENOTFOUND
35366,alimama.com,http_200
35376,comm100.io,ENOTFOUND
35374,awsdns-cn-29.net,ENOTFOUND
35377,my-manager-account.com,UND_ERR_SOCKET
35379,jsdeliver.cloud,ENOTFOUND
35382,satis.fi,ERR_TLS_CERT_ALTNAME_INVALID
35385,telekom.ru,ECONNREFUSED
35386,dogado.net,http_404
35326,cef.com.br,timeout
35387,teads.net,ENOTFOUND
35391,al-ad.com,ENOTFOUND
35393,2026cname.com,ENOTFOUND
35394,louis.de,http_403
35397,aedns.ae,ENOTFOUND
35399,cablecolor.hn,http_200
35403,eencloud.com,ENOTFOUND
35404,charitycommission.gov.uk,ENOTFOUND
35343,piccy.info,timeout
35406,kpadplayer.com,ENOTFOUND
35410,azure-automation.net,ENOTFOUND
35409,stroke.org,http_403
35411,pws-dns.net,http_404
35412,asia-home.com,http_403
35381,hpdns.net,timeout
35347,kunlunno.com,timeout
35419,chosenonegames.com,ENOTFOUND
35417,propertyguru.com.sg,http_403
35418,byteark.com,http_404
35423,turbify.net,ENOTFOUND
35413,tzfhbwg.com,ERR_SSL_TLSV1_ALERT_INTERNAL_ERROR
35415,navidns.net,ENOTFOUND
35420,goodline.info,http_200
35429,mobileadexchange.net,ENOTFOUND
35427,debaojiancha.com,UND_ERR_SOCKET
35425,sdsc.edu,http_404
35430,er4ustartup.in,http_200
35436,mushroomtrack.com,ENOTFOUND
35434,lybrate.com,http_403
35428,gzchgzc.cn,ENOTFOUND
35437,dnscdc.tech,ENOTFOUND
35442,pulse.insure,http_403
35444,je-labs.com,ENOTFOUND
35433,nga.cn,http_404
35440,reutersconnect.com,http_200
35454,en-japan.com,ENOTFOUND
35455,cog-tr5.com,ENOTFOUND
35457,intellicast.com,ERR_TLS_CERT_ALTNAME_INVALID
35450,giige.online,ENOTFOUND
35459,rdcv1.com,ENOTFOUND
35461,manulife.ca,http_403
35462,jscxwt.net,ERR_SSL_TLSV1_ALERT_INTERNAL_ERROR
35467,alisolution.cn,ENOTFOUND
35464,dealertrack.com,http_200
35471,jensonusa.com,http_403
35473,zzazz.com,http_404
35476,stellarium.org,http_404
35477,rafflecopter.com,http_200
35480,datasver.com,ENOTFOUND
35478,customer.ne.jp,ENOTFOUND
35486,qzgs.net,ENOTFOUND
35487,raisingchildren.net.au,http_403
35488,podigee-cdn.net,ENOTFOUND
35489,nocsu.com,CERT_HAS_EXPIRED
35490,azure-apihub.net,ENOTFOUND
35493,myacurite.com,http_403
35497,mbidadm.com,ENOTFOUND
35502,wtg-ads.com,ENOTFOUND
35501,pushy.ai,http_404
35505,alamy.de,http_429
35506,kachingappz.app,ENOTFOUND
35504,hiddns.com,ENOTFOUND
35485,ludevices.com,timeout
35451,viagogo.net,timeout
35517,falsemirrov.com,ENOTFOUND
35519,db-dns.com,ENOTFOUND
35520,privilegemanagercloud.com,ENOTFOUND
35527,paypalcorp.com,ENOTFOUND
35528,jsyixi.com,http_404
35530,dodois.com,http_200
35533,lycos.de,ENOTFOUND
35532,topgslb.com,ENOTFOUND
35472,zghmx.cn,timeout
35535,aptechestvo.ru,http_403
35536,ticketek.com.au,http_403
35542,edimaxcloud.com,http_404
35546,ninicoin.io,ENOTFOUND
35549,arvixeshared.com,ENOTFOUND
35550,mediametr.net,ENOTFOUND
35515,jingbianhairong.com,ENETUNREACH
35553,aki-game2.net,ENOTFOUND
35556,rct.uk,http_403
35545,challenge-hct.com,timeout
35560,qiyeshangpu.com,ENOTFOUND
35561,akaplat.net,ENOTFOUND
35563,devplay.com,ENOTFOUND
35564,smartsurvey.co.uk,http_404
35543,vxuebao.com,timeout
35525,jehost.ru,timeout
35568,y5en.com,http_404
35547,ns-tech-ns.com,timeout
35567,aerisapi.com,timeout
35566,sgcc.cn,ENOTFOUND
35577,boomskope.com,ENOTFOUND
35580,emcd.network,ENOTFOUND
35573,top-plus.net,ENOTFOUND
35578,geb.net.cn,ENOTFOUND
35586,longdo.com,http_404
35583,hntuji.com,http_404
35588,boostcommerce.io,ENOTFOUND
35594,wifi-doctor.org,ENOTFOUND
35597,asusappnw.com,ENOTFOUND
35598,dnsze.com,DEPTH_ZERO_SELF_SIGNED_CERT
35600,idscraper.com,ENOTFOUND
35570,alshamil.net.ae,timeout
35605,dy-api.com,http_404
35603,cas.go.jp,http_404
35607,laas.fr,http_404
35579,xysa.com.cn,timeout
35608,defibit.io,ENOTFOUND
35606,bcloud365.net,http_404
35610,evoevoevo.com,ENOTFOUND
35604,zengyuan.org,DEPTH_ZERO_SELF_SIGNED_CERT
35613,second-squad.com,ENOTFOUND
35611,lovestoblog.com,http_404
35617,progameguides.com,http_403
35618,iiasa.ac.at,http_403
35581,domainoo.fr,ENETUNREACH
35615,minlib.net,http_200
35623,fordaq.com,http_403
35624,allsaints.com,http_403
35619,zjmcyz.com,ERR_SSL_TLSV1_ALERT_INTERNAL_ERROR
35631,aviva.co.uk,http_403
35635,pbservers.ru,ENOTFOUND
35640,djiservice.org,http_200
35637,imax.com,http_403
35632,zhsumarc.com,http_200
35642,samsungosp.com.cn,ENOTFOUND
35645,teo-rum.com,http_404
35651,ballou.se,CERT_HAS_EXPIRED
35609,cau.ac.kr,ECONNREFUSED
35655,catchaleak.com,http_404
35654,jb51.net,http_200
35660,nhs.net,http_404
35659,yztfjc.com,ERR_SSL_TLSV1_ALERT_INTERNAL_ERROR
35595,domainrecover.com,timeout
35662,csmc.edu,http_200
35664,funcionpublica.gov.co,ECONNRESET
35666,ufouxbwn.com,ENOTFOUND
35670,sdc.com,http_404
35673,windowshouse.xyz,ECONNRESET
35674,icht.fun,ENOTFOUND
35675,rowman.com,http_403
35677,shukwai.com,http_200
35657,cdnsvc.com,timeout
35679,tink.com,http_404
35661,sanqianghx.cn,ENOTFOUND
35682,dulo.tv,ENOTFOUND
35683,buick.com,http_403
35667,wcsapi.com,ERR_TLS_CERT_ALTNAME_INVALID
35646,sura.ru,timeout
35676,onehealthcareid.com,timeout
35688,callcentric.net,http_403
35678,dgdkjg.com,ENOTFOUND
35696,awsdns-cn-26.cn,ENOTFOUND
35701,foxtel.com.au,http_403
35704,dholding.ru,http_403
35708,e-boticario.com.br,ENOTFOUND
35710,mailanyone.net,http_404
35714,cloooudlayer.com,ENOTFOUND
35715,paradoxwikis.com,http_200
35717,yuspcdn.com,ENOTFOUND
35719,reichelt.de,http_503
35718,x0.com,ENOTFOUND
35722,naderman.de,http_200
35724,tuyuandl.com,ERR_SSL_TLSV1_ALERT_INTERNAL_ERROR
35681,ticket-onlineshop.com,timeout
35727,blackpast.org,http_403
35731,project1service.com,http_200
35732,1a-1791.com,http_404
35689,fwdby.com,timeout
35735,halarastatic.com,ENOTFOUND
35736,people-press.org,http_403
35734,nowscore.com,http_200
35739,ru.ac.za,http_200
35743,yazio-analytics.com,http_404
35707,shunyuanlawyer.com,timeout
35716,my-sje.com,timeout
35721,dongxiangsoft.com,timeout
35729,1px.tw,timeout
35756,mydigitalpublication.com,http_202
35752,poderjudicial.es,ENOTFOUND
35757,securecomwireless.com,UNABLE_TO_VERIFY_LEAF_SIGNATURE
35758,spcs.bio,http_404
35760,deszo.tech,ENOTFOUND
35764,brindovaxel.online,ENOTFOUND
35763,uubb.website,http_200
35767,lskube.eu,DEPTH_ZERO_SELF_SIGNED_CERT
35744,serveirc.com,timeout
35745,altex.ro,timeout
35773,awsdns-cn-02.com,ENOTFOUND
35775,enchantedlearning.com,http_403
35776,tv.com,ENOTFOUND
35774,dts.mg,ENOTFOUND
35777,secure-traffic.com,ENOTFOUND
35779,aaecosystem.com,ENOTFOUND
35783,mergecakegame.com,http_404
35784,peoplefungames.com,ENOTFOUND
35782,cadburygifting.in,http_200
35785,one-bid.com,ENOTFOUND
35753,more.com,timeout
35793,watsons.com.tr,http_403
35795,neoncrm.com,http_404
35800,dianshiyexiao.com,http_404
35807,avto.ru,http_200
35755,pocruises.com,timeout
35810,techaro.lol,http_404
35806,17ex.com,http_404
35809,suda.edu.cn,http_404
35818,acortar.link,http_200
35820,cyberpolice.cn,ENOTFOUND
35825,penguin.de,http_200
35804,moriarty-web.com,timeout
35827,tibco.com,http_403
35824,xn--wbr89i17glxijyay55ao40c5eza.com,ERR_SSL_TLSV1_ALERT_INTERNAL_ERROR
35835,kaznu.kz,CERT_HAS_EXPIRED
35838,pushio.com,ERR_TLS_CERT_ALTNAME_INVALID
35839,thalescloud.io,ENOTFOUND
35837,fit.edu,http_404
35840,personio-dev.com,http_429
35819,queniubm.com,ENOTFOUND
35848,arsmtp.com,ENOTFOUND
35851,antpcdn.com,ENOTFOUND
35799,cunard.com,timeout
35864,stackblitz.com,http_404
35862,surge.sh,http_404
35867,airwatchportals.com,ENOTFOUND
35870,on3cx.de,ENOTFOUND
35869,onfido.com,http_403
35873,socialchorus.com,http_200
35830,lojavirtualnuvem.com.br,http_410
35876,awsdns-cn-58.net,ENOTFOUND
35878,verisigndns.com,http_200
35874,canberra.edu.au,http_403
35884,focus.it,http_403
35881,colby.edu,http_403
35883,freshpaint-impression.com,http_403
35887,slovaronline.com,http_403
35891,av.ru,http_450
35892,bnnapp.com,ECONNREFUSED
35894,is-fun.net,ERR_TLS_CERT_ALTNAME_INVALID
35898,ual.com,ENOTFOUND
35865,yulorepages.com,http_404
35907,exo.io,ENOTFOUND
35911,ml-attr.com,ENOTFOUND
35910,zotabox.com,http_200
35913,topwargame.com,ENOTFOUND
35916,upf.ai,http_404
35901,nisti.co.uk,timeout
35919,kaust.edu.sa,http_200
35920,bandainamcoid.com,http_404
35877,dongbeiya.org.cn,timeout
35885,usopen.org,timeout
35929,huosp.com,ENOTFOUND
35889,cable.net.co,timeout
35927,farawaygleese.com,ECONNREFUSED
35931,lawpga.com,ERR_SSL_SSL/TLS_ALERT_HANDSHAKE_FAILURE
35930,appsonair.link,http_200
35928,thrive.today,ECONNRESET
35936,ptmnd.com,ENOTFOUND
35914,bellmts.net,timeout
35941,frenzy.bingo,http_403
35937,rinet.ru,ENOTFOUND
35945,unicredit.it,http_403
35944,zxz.su,ENOTFOUND
35942,rmtag.com,ENOTFOUND
35947,bikroy.com,http_403
35948,lighttpd.net,http_404
35951,netsol.su,ERR_TLS_CERT_ALTNAME_INVALID
35946,xn--xhqv9jbtpfww.cn,ECONNREFUSED
35956,camh.ca,http_404
35960,cdnhwcztu09.com,ENOTFOUND
35965,radiojar.com,http_404
35925,tmspk.net,timeout
35977,ersjournals.com,http_403
35969,feelthemusi.com,http_404
35973,trains.com,http_403
35978,accesskenya.com,ENOTFOUND
35982,goriv.co,ENOTFOUND
35985,ukcop26.org,http_405
35989,mzrobo.com,ERR_TLS_CERT_ALTNAME_INVALID
35983,headway-widget.net,http_404
35992,whatjobs.com,http_403
35993,kaufland.sk,http_403
35998,rheumicprofit.shop,ENOTFOUND
35999,inmoment.eu,ENOTFOUND
35994,hldyizhi.cn,ECONNREFUSED
36006,mec.ca,http_403
36004,signin.aws,http_200
36013,mtproxy.pw,ENOTFOUND
36011,fontawesome.io,http_200
36015,clouvider.net,http_404
36010,seti.org,http_404
36020,ine.mx,http_202
36025,fraudshallnotpass.com,ENOTFOUND
36029,usga.org,http_403
36031,zyngawithfriends.com,ENOTFOUND
36032,yoursrs.com,ERR_TLS_CERT_ALTNAME_INVALID
36034,goto-rtc.com,ENOTFOUND
36037,saconsole.com,ENOTFOUND
36038,oracleiaas.com,ENOTFOUND
36039,uestc.edu.cn,http_404
36043,cardlytics.com,http_200
36042,dycdn.com,ENOTFOUND
36017,membrana-cdn.media,http_520
36021,giga.net.tw,ENOTFOUND
36051,notetodoapps.com,http_404
36056,arrayent.com,ERR_TLS_CERT_ALTNAME_INVALID
36058,domainmarkt.de,http_404
36061,quack-dns.com,ENOTFOUND
36062,fxnetworks.com,http_403
36055,cnhcjt.net,ERR_SSL_TLSV1_ALERT_INTERNAL_ERROR
36068,inail.it,http_200
36071,cwgc.org,http_200
36073,stagecoachbus.com,http_403
36007,alregn.ru,timeout
36016,netkl.com,timeout
36081,subscribepage.io,http_200
36085,peru21.pe,http_403
36089,ethnologue.com,http_403
36082,txjlsh.cn,ERR_SSL_TLSV1_ALERT_INTERNAL_ERROR
36078,cscse.edu.cn,ERR_SSL_UNSAFE_LEGACY_RENEGOTIATION_DISABLED
36094,sec-smartswitch.com,ENOTFOUND
36090,ktvb.com,http_200
36095,adtarget.tech,ENOTFOUND
36093,vnukovo.ru,http_200
36092,pymedns.net,http_404
36098,awsdns-cn-05.net,ENOTFOUND
36099,hhmi.org,http_403
36101,citydsp.com,http_404
36106,enot.dev,http_404
36108,heytap.com,http_200
36109,get-moment.com,http_403
36112,forumhouse.ru,http_403
36111,keenetic.net,http_200
36113,zomato.restaurant,ENOTFOUND
36049,anony.eu,timeout
36114,awsdns-cn-10.net,ENOTFOUND
36115,ra3ncmyg1p.com,ENOTFOUND
36120,lampsplus.com,http_403
36118,ltrbxd.com,http_404
36123,oulehdtv.com,ENOTFOUND
36126,tatacliq.com,http_403
36129,jrkyushu.co.jp,http_404
36132,ongageroute.net,ENOTFOUND
36133,boldcf.co,http_404
36083,hp.gov.in,ENOTFOUND
36135,webnode.fr,http_404
36138,gcorelabs.net,ENOTFOUND
36105,yzlib.cn,ENOTFOUND
36137,roadsideamerica.com,http_403
36136,cnhcjt.com,ERR_SSL_TLSV1_ALERT_INTERNAL_ERROR
36145,iconnode.com,CERT_HAS_EXPIRED
36150,awsdns-cn-27.net,ENOTFOUND
36152,24hyyls.com,ENOTFOUND
36122,verisign-grs.net,ENOTFOUND
36159,bullcdn.top,ENOTFOUND
36155,91tcw.cc,http_404
36162,riverside.fm,http_200
36164,embl.de,http_404
36167,slotcatalog.com,http_403
36170,reconn.ru,http_403
36174,h5short.com,ENOTFOUND
36163,digitalpacific.com,http_200
36176,coxautoservices.com,ENOTFOUND
36175,hmdnsgroup.com,http_404
36178,adbephotos.com,ENOTFOUND
36181,swanlibraries.net,http_403
36177,nuso.io,http_200
36179,jina.ai,http_404
36182,tylerhost.net,ENOTFOUND
36183,shoprite.com,http_403
36186,webthemez.com,http_404
36187,afftech.ru,ENOTFOUND
36189,go.ro,http_200
36192,paddypower.it,http_403
36193,pagesjaunes.ca,http_403
36194,nichost.ru,ENOTFOUND
36197,ptvr.ru,ERR_TLS_CERT_ALTNAME_INVALID
36204,ngtld.cn,ENOTFOUND
36210,site-ym.com,http_403
36141,moreover.com,timeout
36213,haodf.com,http_410
36215,dreamlab.pl,http_200
36217,toyotaconnectedeurope.io,ENOTFOUND
36153,topnet.tn,timeout
36216,ninemsn.com.au,http_200
36220,polarremote.com,http_404
36205,float-zone.com,ENOTFOUND
36225,st-note.com,ENOTFOUND
36227,lennar.com,http_403
36230,pub-tktm.io,ENOTFOUND
36231,voila.fr,http_404
36239,omsystem.com,http_404
36238,homehardware.ca,http_403
36242,playergo.top,ENOTFOUND
36245,larkplayerapp.com,http_200
36249,gamepro.de,http_403
36250,cdn-path.com,http_404
36253,prertbdir.com,ENOTFOUND
36251,oicp.net,ERR_TLS_CERT_ALTNAME_INVALID
36206,cardinalhealth.com,timeout
36228,xacjrjy.org.cn,ENOTFOUND
36254,myikas.com,err
36258,xiaoeknow.com,http_404
36259,somee.com,http_404
36257,moo.jp,ERR_TLS_CERT_ALTNAME_INVALID
36265,angelsleep9.com,ENOTFOUND
36266,nlock.xyz,ENOTFOUND
36268,mailchannels.net,ENOTFOUND
36212,tepuyserver.net,timeout
36271,bta.bg,http_404
36275,thecourier.co.uk,http_403
36276,mscds.com,ENOTFOUND
36267,jl.gov.cn,http_404
36282,fast.net.uk,ECONNREFUSED
36278,sdo.com,http_404
36292,1u.ms,ECONNREFUSED
36298,franecki.net,http_200
36301,hotstarext.com,ENOTFOUND
36303,farmers.co.nz,http_403
36247,gotdns.ch,timeout
36306,fmcna.com,http_404
36309,fastviewer.com,CERT_HAS_EXPIRED
36308,2nt.com,http_403
36310,xsz-av.com,http_403
36313,www.com,UNABLE_TO_GET_ISSUER_CERT_LOCALLY
36314,odns.fr,ENOTFOUND
36316,c81358859121583b7adf2ace89cb39f44.com,http_403
36318,awsdns-cn-03.biz,ENOTFOUND
36320,b406929acabac9b095f124c81bdfcf57f.com,http_403
36270,makehook.ws,timeout
36319,5ddd.com,http_200
36322,thirteen.org,http_403
36321,infiot.net,ERR_TLS_CERT_ALTNAME_INVALID
36323,silverpeak.cloud,ENOTFOUND
36325,zonerisq.ca,ENOTFOUND
36324,scielo.org.co,ECONNREFUSED
36279,otstatic.com,timeout
36333,prodmp.ru,http_404
36336,perlmonks.org,http_200
36328,vmall.com,http_200
36338,betfred.com,http_403
36340,bbcverticals.com,ENOTFOUND
36346,metro.de,http_403
36351,awem-platform.com,ENOTFOUND
36294,ebc.net.tw,timeout
36353,beritasatu.com,http_403
36297,accountsupportgroup.com,timeout
36356,onlinesoccermanager.com,http_404
36357,clickup-prod.com,ENOTFOUND
36347,jdpay.com,http_200
36358,mws.ru,UNABLE_TO_VERIFY_LEAF_SIGNATURE
36363,ati-host.net,ENOTFOUND
36349,cqu.edu.cn,http_404
36368,printemps.com,http_403
36369,notebook.ai,http_403
36370,sandiegoreader.com,http_403
36367,mol.im,http_200
36366,storyblocks.com,http_403
36372,atimes.com,ERR_SSL_TLSV1_ALERT_INTERNAL_ERROR
36376,a79ab95c1589a13f8a4cab612bc71f9f7.com,http_403
36377,longines.com,http_200
36379,battlemetrics.com,http_403
36385,lifeboat.games,ENOTFOUND
36392,morningbrew.com,http_403
36389,jalisco.gob.mx,http_404
36394,xactimate.com,http_404
36381,csftr.com,http_404
36397,vntsm.io,ENOTFOUND
36398,haide-tech.com,ENOTFOUND
36400,opaltelecom.net,ENOTFOUND
36402,carrefouruae.com,http_403
36386,newsweaver.com,http_200
36354,yatra.com,timeout
36410,autonation.com,http_403
36411,spur.us,http_429
36409,censusindia.gov.in,UNABLE_TO_VERIFY_LEAF_SIGNATURE
36384,creativedot.net,timeout
36418,scig.gov.hk,ENOTFOUND
36406,as39202.net,timeout
36421,kingdread.de,http_404
36424,internetlivestats.com,http_404
36422,procergs.com.br,ECONNRESET
36413,catamorphic.com,timeout
36431,tellonym.me,http_403
36435,hs-data.com,ENOTFOUND
36436,ghst.net,ENOTFOUND
36438,m-online.net,ENOTFOUND
36433,lzu.edu.cn,http_404
36443,roblox.vn,ENOTFOUND
36399,namshi.com,timeout
36404,yum.com,timeout
36446,allicreative.com,http_200
36450,rbictg.com,ENOTFOUND
36455,aas.org,http_403
36437,equant.com,timeout
36441,nlrb.gov,timeout
36463,oddsshark.com,http_410
36447,inpi.gov.br,timeout
36470,gamaibids.com,http_404
36448,oeticket.com,timeout
36451,vps-private.net,timeout
36476,clarivoy.com,http_200
36483,atpnd.com,http_404
36484,hengam.io,http_404
36485,kgns4.com,ENOTFOUND
36488,sanoma-sndp.fi,ENOTFOUND
36490,rcs.it,http_200
36492,realtimely.io,ENOTFOUND
36495,itecorp.ru,http_404
36497,appfire.app,ENOTFOUND
36499,webzidns.ir,ERR_TLS_CERT_ALTNAME_INVALID
36460,cscudns.com,timeout
36505,pattern-wiki.win,UNABLE_TO_GET_ISSUER_CERT_LOCALLY
36508,superhi.fi,http_200
36507,unifyintent.com,http_404
36511,sabio.us,http_404
36510,racgp.org.au,http_200
36517,rivegauche.ru,http_503
36520,wherewindsmeetgame.com,http_404
36473,mosgorzdrav.ru,timeout
36528,dnsyc.top,CERT_HAS_EXPIRED
36529,justapinch.com,http_200
36535,rapidshare.de,ENOTFOUND
36539,agregatoreat.ru,http_200
36541,amazon-corp.com,ENOTFOUND
36543,extravpn.io,ERR_TLS_CERT_ALTNAME_INVALID
36545,sars.gov.za,http_200
36549,sourceforge.jp,ECONNRESET
36550,awsmpsa.com,ENOTFOUND
36551,recruit.net,http_403
36552,hyattinclusivecollection.com,http_403
36553,dmsik.com,http_403
36557,arcdataservices.com,ENOTFOUND
36562,bananaship.net,ENOTFOUND
36560,congreso.es,http_200
36564,yundunwaf1.com,ENOTFOUND
36514,ekb.eg,timeout
36515,teamusa.org,timeout
36571,interntp.com,http_403
36574,surf.net,ENOTFOUND
36578,westondigita.cloud,http_200
36580,draeger.com,http_403
36522,gost.ru,timeout
36581,islandhosting.com,CERT_HAS_EXPIRED
36558,among.us,timeout
36586,aasaam-ns.net,DEPTH_ZERO_SELF_SIGNED_CERT
36589,cdntips.net,ENOTFOUND
36568,coltfrance.com,ENOTFOUND
36592,bafta.org,http_403
36593,durham.ac.uk,http_403
36594,intellin-tech.ru,CERT_HAS_EXPIRED
36595,pinet.cn,http_404
36598,snrbox.com,http_200
36604,greentube.com,http_200
36605,singaporepaya.com,ENOTFOUND
36608,ibl-video.site,ENOTFOUND
36609,pzxbwg.com,http_404
36613,storm-pro.net,http_404
36611,didi-food.com,http_404
36618,simplex.im,http_200
36617,beehidden.ru,ECONNREFUSED
36619,pbssocal.org,http_200
36620,staxel.click,http_525
36587,stdtime.gov.hk,timeout
36565,fwrd.com,timeout
36622,informationisbeautiful.net,UNABLE_TO_VERIFY_LEAF_SIGNATURE
36630,idealo.at,http_403
36633,logmein-gateway.com,ENOTFOUND
36634,dx.com,http_404
36635,catalyst2.net,ENOTFOUND
36632,schneidercorp.com,http_200
36637,carhartt.com,http_403
36638,cdnbird.com,DEPTH_ZERO_SELF_SIGNED_CERT
36577,adv094.in,timeout
36640,webry.info,http_403
36642,easytier.cn,http_404
36646,askmap.net,ECONNRESET
36649,rgb365.eu,http_404
36656,admd.ink,http_404
36655,ancientfaces.com,http_403
36657,sypi.app,ENOTFOUND
36658,cookiepedia.co.uk,http_403
36660,ourskylight.com,http_200
36628,tn-cloud.net,timeout
36661,etherstress.su,ENOTFOUND
36664,n2p.io,ENOTFOUND
36631,worldsoft-isp.net,timeout
36665,aave.com,http_404
36668,straighttalk.com,http_403
36677,freshdev.io,http_200
36676,cbf.com.br,UNABLE_TO_VERIFY_LEAF_SIGNATURE
36681,ezekielflores.com,http_404
36648,torrentclub.tech,timeout
36687,tl.vg,ENOTFOUND
36688,downloadhiro.app,http_200
36692,momjunction.com,http_406
36693,ekomiapps.de,ENOTFOUND
36696,levelaccess.net,ENOTFOUND
36623,rolls-roycemotorcars.com,timeout
36701,meixingsoft.cn,ENOTFOUND
36703,mybb.com,http_404
36705,dpgmedia.be,http_200
36706,veronap.republican,ENOTFOUND
36711,planet-labs.com,ENOTFOUND
36714,bycsi.com,ENOTFOUND
36715,humanlove.stream,http_200
36716,graphql.org,http_404
36717,uloop.com,http_403
36695,home.nl,http_403
36721,thesiswriting.cn,http_200
36724,v15cdn.com,ENOTFOUND
36726,nitec.kz,UNABLE_TO_VERIFY_LEAF_SIGNATURE
36728,getlimy.ai,ECONNRESET
36682,edu22.info,timeout
36729,slu.cz,http_200
36719,vf-ua.net,timeout
36734,eurasiareview.com,http_403
36698,pzhsdqfybjfwzx.cn,timeout
36735,ajinomoto.co.jp,http_404
36741,copyright.com,http_403
36748,srcdn.com,ENOTFOUND
36753,hndfzyxx.cn,ECONNRESET
36723,inacap.cl,timeout
36725,bizibly.com,timeout
36759,lr-in-prod.com,http_530
36765,consumeririssalary.com,http_200
36758,qifu66.com,CERT_HAS_EXPIRED
36767,xcthings.com,http_200
36768,marvell.com,http_403
36771,ytv.co.jp,http_404
36754,qualitytech.com,timeout
36773,ustraveldocs.com,http_404
36774,smart-bdash.com,http_403
36777,sonatype.dev,ENOTFOUND
36781,asterisk.org,http_403
36782,sogetel.net,http_403
36786,hscicdn.com,ENOTFOUND
36785,attdns.net,ENOTFOUND
36747,livecareer.com,timeout
36790,ksrndkehqnwntyxlhgto.com,http_404
36792,libanswers.com,http_404
36796,uniroma3.it,http_404
36799,europehog.com,ENOTFOUND
36764,atosorigin.de,timeout
36805,agl003.com,ENOTFOUND
36800,itsaol.com,ERR_SSL_WRONG_VERSION_NUMBER
36809,crash.net,http_200
36812,badgerdns.com,ENOTFOUND
36788,microvirt.com,http_404
36816,travelapi.com,ENOTFOUND
36814,armanet.us,http_525
36819,entreda.com,http_403
36822,tbd9.xyz,http_404
36823,stubhubstatic.com,ENOTFOUND
36825,omegatootler.rest,ENOTFOUND
36817,ksdom.kr,ERR_TLS_CERT_ALTNAME_INVALID
36828,grisoft.com,ERR_TLS_CERT_ALTNAME_INVALID
36778,list.ru,timeout
36830,bernery.eu,http_404
36836,wisprflow.com,http_200
36838,cnhind.com,ECONNRESET
36835,church-love.com,DEPTH_ZERO_SELF_SIGNED_CERT
36783,weeklystandard.com,timeout
36840,xincache5.cn,ENOTFOUND
36844,fsldctr.org,ENOTFOUND
36851,toto.com,http_404
36853,nic.la,CERT_HAS_EXPIRED
36862,brusselsairport.be,http_403
36863,ubst.space,http_200
36860,rakuten-static.com,ENOTFOUND
36867,tld.mu,ENOTFOUND
36868,mnpzapewetkon.com,ENOTFOUND
36871,cssz.cz,http_200
36874,jlxyzszy.com,http_404
36883,revistaforum.com.br,http_403
36882,support-intelligence.net,ECONNREFUSED
36886,sportdigi.com,ENOTFOUND
36890,tuservidoronline.com,ENOTFOUND
36891,itpub.cloud,http_400
36887,cba.gov.ar,http_403
36895,lemarit.de,http_200
36897,nic.chat,ERR_TLS_CERT_ALTNAME_INVALID
36892,workspaceoneaccess.com,http_200
36902,tmadsrv.com,ENOTFOUND
36904,servefilesonly.com,ENOTFOUND
36905,iamcloud.net,ENOTFOUND
36906,windowsreport.com,http_403
36894,mha.gov.in,http_404
36908,224.in-addr.arpa,ENOTFOUND
36909,cirrusoft.com,http_404
36911,inboxsdk.com,http_200
36910,vivaticket.com,http_200
36912,tcb-cdn.com,ENOTFOUND
36914,keka.com,UNABLE_TO_VERIFY_LEAF_SIGNATURE
36916,moneymetals.com,http_403
36919,pcloud.link,ENOTFOUND
36922,s-dc-msedge.net,ENOTFOUND
36921,pubguru.net,ECONNRESET
36925,esteelauder.com,http_403
36920,omeka.net,http_200
36924,qingdao.gov.cn,UNABLE_TO_VERIFY_LEAF_SIGNATURE
36927,awsdns-cn-55.biz,ENOTFOUND
36928,voxdns.co.za,ENOTFOUND
36850,mini.de,timeout
36930,informaticacloud.com,http_200
36938,jnjdns.com,ENOTFOUND
36945,pod.link,http_429
36944,embopress.org,http_200
36948,bfan.link,http_404
36952,solvhealth.com,http_403
36946,kobotoolbox.org,http_403
36953,restaurant-partners.com,ENOTFOUND
36954,aips-sol.com,ENOTFOUND
36959,hyr.so,ENOTFOUND
36964,protonpro.xyz,ENOTFOUND
36966,cdmon.net,ECONNREFUSED
36968,bloggerbags.com,http_403
36913,pravoslavnye.ru,ENETUNREACH
36973,machineq.net,ENOTFOUND
36962,ejsino.net,http_404
36976,i-scmp.com,ENOTFOUND
36979,ulster.ac.uk,http_403
36983,s-fg-net.de,ENOTFOUND
36992,mfa.gr,http_403
36997,wingify.net,ENOTFOUND
37000,phase8.net,ECONNREFUSED
37001,ugsdk.cn,ENOTFOUND
37004,dnsleaktest.com,ENOTFOUND
37005,zapf.in,http_404
37006,cineworld.co.uk,http_403
37008,maximstaffingdns.com,ENOTFOUND
36955,topshop.com,timeout
36998,em6b6vip.com,timeout
36963,ssmhc.com,timeout
37012,riftskygames.com,http_404
37015,xsdns.net,ENOTFOUND
37017,rakanto.com,ENOTFOUND
37016,ugto.mx,http_410
37024,unican.es,http_403
37025,accessibly.app,http_400
36995,setlisting.ru,timeout
37002,y-track.com,timeout
37009,tcnetwork.com.cn,timeout
37033,adangle.online,ENOTFOUND
37027,jschina.com.cn,http_404
37029,tok2.com,ERR_SSL_TLSV1_ALERT_INTERNAL_ERROR
37043,office365.cn,ENOTFOUND
37018,strato-hosting.eu,timeout
37044,group.nec,http_403
37042,awsdns-cn-44.cn,ENOTFOUND
37019,plitv.tv,timeout
37049,bloggosite.com,http_403
37047,f2s.com,http_404
37056,zaltrimondex.xyz,ENOTFOUND
37055,interencheres.com,http_403
37053,vitals.co,http_200
37062,audioeye-services.com,ENOTFOUND
37057,javeriana.edu.co,err
37065,blablacar.fr,http_403
37066,fashiondays.ro,http_200
37060,nea.gov.cn,http_404
37076,radcom.hosting,CERT_HAS_EXPIRED
37075,telus.ca,ERR_SSL_SSL/TLS_ALERT_HANDSHAKE_FAILURE
37082,ac-grenoble.fr,http_200
37083,citystgeorges.ac.uk,http_403
37086,teoacc.net,ENOTFOUND
37087,myspacecdn.com,ENOTFOUND
37090,zetacx.net,ENOTFOUND
37091,use-tencentclb.com,ENOTFOUND
37095,datatechone.com,http_204
37084,51changdu.com,http_200
37101,com.de,http_200
37104,panelboxmanager.com,ERR_SSL_TLSV1_UNRECOGNIZED_NAME
37105,sportsbet.com.au,http_403
37108,faiusr.com,CERT_HAS_EXPIRED
37110,sbercity.ru,http_403
37059,securehostdns.com,timeout
37113,rcuniverse.com,http_403
37092,mycrestron.com,http_200
37115,ifortuna.sk,http_403
37119,syb.sh,ENOTFOUND
37073,monsanto.com,timeout
37124,app-measure.com,ENOTFOUND
37125,shubt.net,DEPTH_ZERO_SELF_SIGNED_CERT
37107,tnmr.org,timeout
37134,filmow.com,http_404
37133,awsdns-cn-33.com,ENOTFOUND
37140,adengi.tech,http_403
37139,dns.mn,ENOTFOUND
37143,tlivedns.com,ENOTFOUND
37141,pga.com,http_403
37147,sephora.co.uk,http_403
37144,awsdns-cn-63.biz,ENOTFOUND
37155,okpool.top,ENOTFOUND
37154,partnerconsole.net,http_404
37102,twt.it,timeout
37165,cityofchicago.org,http_403
37121,zmdcdn.me,timeout
37166,amwell.systems,ENOTFOUND
37171,servidoresdominios.com,ERR_TLS_CERT_ALTNAME_INVALID
37164,aminer.cn,http_200
37175,betano.pt,http_403
37174,dns-suspended.com,ENOTFOUND
37176,freecadweb.org,http_200
37182,asburo.ru,http_404
37185,vicoo.tech,http_404
37194,eurolandir.com,ENOTFOUND
37196,panotoday.com,ENOTFOUND
37188,thulo.com,http_500
37172,cqsjd.xyz,ENOTFOUND
37198,lifesize.com,http_200
37205,qemu.org,http_404
37208,cloud-links.net,http_200
37200,betwayafrica.com,timeout
37178,galaxus.com,timeout
37216,onstackit.cloud,ENOTFOUND
37219,nano.pl,http_404
37221,wartranslated.com,http_403
37203,datasus.gov.br,timeout
37222,apec.fr,http_200
37225,vector.dev,http_404
37227,distributel.net,ERR_TLS_CERT_ALTNAME_INVALID
37230,buz-app.com,http_404
37189,telenormobil.no,timeout
37232,academia-assets.com,http_403
37231,scansnap.com,http_404
37240,bigbrain.gg,ENOTFOUND
37238,nfshost.com,http_200
37244,jhancock.com,http_403
37251,gradient.network,http_404
37250,pwd.ne.jp,ENOTFOUND
37213,adidas-group.com,CERT_HAS_EXPIRED
37254,aerithvel.com,ERR_SSL_TLSV1_ALERT_INTERNAL_ERROR
37256,developpez.net,http_404
37224,ispmanager.tech,timeout
37261,shoplazza.store,ENOTFOUND
37259,gsshop.com,http_404
37265,mvqtdbfcw.com,ENOTFOUND
37267,strawberrynet.com,http_404
37272,nicepage.io,CERT_HAS_EXPIRED
37274,u-ga.fr,ENOTFOUND
37275,strem.fun,ENOTFOUND
37278,zohohost.eu,ENOTFOUND
37280,meettech.net,ENOTFOUND
37285,conversionsapigateway.com,ENOTFOUND
37252,nameserver.de,timeout
37299,mbidtg.com,ENOTFOUND
37300,higgsyx.com,ENOTFOUND
37298,foodsafety.gov,http_403
37307,capycore.ru,ENOTFOUND
37306,shitaraba.net,http_404
37309,internetid.ru,ENOTFOUND
37245,febas.net,timeout
37314,costco.com.mx,http_200
37320,itpays.net,ERR_SSL_WRONG_VERSION_NUMBER
37321,cloud4rucustomers001.net,ENOTFOUND
37322,greentechmedia.com,http_200
37327,scdn.st,ENOTFOUND
37328,ntruss.com,ENOTFOUND
37331,examine.com,http_403
37332,grento.cc,ENOTFOUND
37333,boo.dating,http_404
37311,alsa.es,err
37338,rfksrv.com,ENOTFOUND
37334,sharepoint.cn,ERR_TLS_CERT_ALTNAME_INVALID
37264,shen147.com,timeout
37343,specdns.net,ENOTFOUND
37348,ravelin.click,http_401
37342,medsigroup.ru,http_503
37352,construct.net,http_403
37353,topsddns.net,ECONNREFUSED
37350,plusgrade.com,http_404
37359,ai-dns.de,ENOTFOUND
37347,zj-xingyi.com,ERR_SSL_TLSV1_ALERT_INTERNAL_ERROR
37361,attraqt.io,ENOTFOUND
37363,virgul.com,http_204
37360,aisiteanalytics.com,http_404
37357,zdxten.net,ENOTFOUND
37370,practicalmoneyskills.com,http_403
37365,vfairs.com,http_200
37373,luscious.net,http_403
37375,mgimo.ru,http_200
37377,praxis.nl,http_403
37383,io.com,ENOTFOUND
37384,streetfighter.com,http_403
37374,alyac.com,http_200
37390,thirdeye-it.com,ENOTFOUND
37392,hibbett.com,http_403
37396,ubidex.xyz,ENOTFOUND
37397,haufe.io,ERR_TLS_CERT_ALTNAME_INVALID
37386,n1.ru,http_200
37398,boell.org,http_200
37400,blacklivesmatter.com,http_403
37402,costco-static.com,ENOTFOUND
37404,dnchosting.com,ERR_TLS_CERT_ALTNAME_INVALID
37406,dan.net.uk,ERR_TLS_CERT_ALTNAME_INVALID
37407,gamegamb.com,ERR_SSL_UNSUPPORTED_PROTOCOL
37401,nic.xin,ERR_TLS_CERT_ALTNAME_INVALID
37410,bkiconnect.com,ENOTFOUND
37411,sp-prod.net,ENOTFOUND
37412,dtstmio.com,ENOTFOUND
37417,extraspace.com,http_403
37413,wwltv.com,http_200
37418,esports.net,http_200
37420,theobloggers.com,http_403
37421,lzt.market,http_200
37433,flerap.com,http_204
37432,idealo.it,http_403
37436,drtst.com,ENOTFOUND
37438,tvlport.com,ENOTFOUND
37442,webgains.io,http_404
37428,mem.gov.cn,http_404
37444,ogicom.pl,http_200
37446,pluscdn.pl,ERR_TLS_CERT_ALTNAME_INVALID
37448,name-server-kas.de,ENOTFOUND
37372,deepthought.cloud,timeout
37454,tourmkr.com,http_200
37455,iabtechnologylab.com,ENOTFOUND
37457,marketingcharts.com,http_403
37462,livedoor.blog,http_404
37415,vtb24.ru,timeout
37466,awsdns-cn-57.biz,ENOTFOUND
37473,mtstatic.com,ENOTFOUND
37430,vancleefarpels.com,timeout
37472,imsdks.com,ENOTFOUND
37480,globovideos.com,ECONNREFUSED
37437,caller-id.co,timeout
37482,happyfoxchat.com,http_404
37486,his.com,http_404
37492,maria-ra.ru,http_404
37497,aliimg.com,ENOTFOUND
37496,mlsz.hu,http_200
37499,sinacloud.net,http_404
37485,cosmosgroup.ru,timeout
37503,biligame.net,ENOTFOUND
37508,lendingclub.com,http_403
37509,kwaiselfcdn.com,ENOTFOUND
37507,gcore.ru,CERT_HAS_EXPIRED
37504,legami.com,http_200
37511,lyreco.com,http_403
37512,awsdns-cn-57.net,ENOTFOUND
37515,theskylive.com,http_403
37517,fstravel.com,http_403
37514,flava-cloud.com,ENOTFOUND
37521,webengage.co,ENOTFOUND
37527,iloptrex.com,http_404
37524,acemlnb.com,http_404
37530,ns365.net,http_404
37541,gdnkfw.com,ENOTFOUND
37543,webcindario.com,http_200
37542,affrc.go.jp,ENOTFOUND
37548,safebrands.fr,http_200
37546,icafecloud.com,http_404
37536,zyz.org.cn,ENOTFOUND
37552,hokkaido.lg.jp,ENOTFOUND
37553,vidb365.com,ENOTFOUND
37555,lwadm.com,http_404
37556,kinepolis.be,http_403
37551,itesm.mx,http_200
37561,speicherzentrum.de,http_200
37565,betimate.com,http_403
37567,g9hc4.cn,http_404
37529,monkeyisland.xyz,ENOTFOUND
37575,pandora.be,ECONNREFUSED
37581,booicasino.org,http_200
37577,zhiyuanyun.com,http_404
37586,hdbkome.com,http_403
37589,pkwteile.de,http_403
37590,neu6.edu.cn,ENOTFOUND
37593,lovewiki.faith,ECONNRESET
37596,uoi.gr,http_403
37595,princesspolly.com,http_404
37599,quickcache.click,ENOTFOUND
37601,joystiq.com,http_200
37605,politika.rs,http_403
37606,kokusen.go.jp,http_404
37608,prxyhub.click,ENOTFOUND
37607,teacup.com,http_200
37610,spline.design,http_404
37550,myperfectresume.com,timeout
37611,godlikeproductions.com,http_403
37558,servepics.com,timeout
37562,szys2022.cn,timeout
37598,zknu.edu.cn,ENOTFOUND
37625,wh00.ooo,http_403
37624,nychhc.org,http_200
37628,fwsyxt.cn,ENOTFOUND
37634,nomor.net,http_403
37632,dpfile.com,http_404
37616,lycos.co.uk,timeout
37614,ca369.cn,http_200
37644,deluxe.com,http_400
37647,didna.io,http_404
37640,ufpel.edu.br,http_404
37650,getclear.online,ENOTFOUND
37651,sendmetr.com,ENOTFOUND
37657,xlivrdr.com,http_403
37658,stream-io-video.com,ENOTFOUND
37661,duluthtrading.com,http_404
37660,subv.ru,ECONNREFUSED
37645,xdjxpt.com,http_200
37666,ptt.gov.tr,UNABLE_TO_VERIFY_LEAF_SIGNATURE
37671,shopstyle.com,http_200
37673,wdfl.co,ENOTFOUND
37674,taxpolicycenter.org,http_403
37678,mdns.rs,ENOTFOUND
37679,zomro.net,http_523
37675,acronis.work,http_401
37682,zachleat.dev,ENOTFOUND
37684,easypack24.net,http_200
37639,goldhoe.com,ENOTFOUND
37681,dns-server.jp,ERR_TLS_CERT_ALTNAME_INVALID
37688,canada411.ca,http_403
37689,collegeboard.com,http_200
37696,bbbmetrics.net,ENOTFOUND
37695,admidainsight.com,ERR_TLS_CERT_ALTNAME_INVALID
37694,clipstudio.net,http_404
37700,trackflowsite.com,http_404
37701,ivyro.net,http_404
37707,idsequoia.ai,ENOTFOUND
37708,leakedmodels.com,http_404
37713,bemobtrcks.com,http_404
37706,gmarket.com,http_403
37710,zen-sv.com,CERT_HAS_EXPIRED
37709,zhizhiniao.net,ECONNRESET
37717,autonat.com,http_404
37719,komus.net,ENOTFOUND
37725,forhers.com,http_403
37729,ofsted.gov.uk,ERR_TLS_CERT_ALTNAME_INVALID
37728,trackier.io,http_200
37733,fndrsp.net,http_404
37723,iium.edu.my,http_404
37735,one.store,http_404
37742,travelport.com,http_404
37741,ila3.co,http_404
37744,totalbattle.dev,http_520
37748,wgal.com,http_451
37714,usi.net,timeout
37745,asosservices.com,http_200
37753,legioncom.ru,ECONNREFUSED
37754,0x7c0.com,http_404
37756,radissonblu.com,http_404
37758,affinity.net,http_404
37761,platzi.com,http_403
37762,booked.net,http_404
37750,cdp.asia,http_523
37766,seamless.com,http_200
37763,redip.cl,ENOTFOUND
37767,licensebuttons.net,http_404
37768,awsdns-cn-54.cn,ENOTFOUND
37770,panorama9.com,http_200
37775,rayanegarco.com,http_404
37705,maf.ae,timeout
37778,dycdn.net,ENOTFOUND
37773,jfy-jewelry.com,CERT_HAS_EXPIRED
37779,stupidthings.online,http_200
37781,lexilogos.com,http_404
37774,tzsjcjx.com,ERR_SSL_TLSV1_ALERT_INTERNAL_ERROR
37780,signonsandiego.com,CERT_HAS_EXPIRED
37787,ahdmw.com,http_502
37788,czilladx.com,http_403
37789,unidadeditorial.es,http_404
37785,misecure.com,ERR_SSL_WRONG_VERSION_NUMBER
37796,pf-d.ca,ENOTFOUND
37790,sch4.pw,UNABLE_TO_VERIFY_LEAF_SIGNATURE
37797,technews.tw,http_403
37802,legra.ph,http_404
37804,boards.net,http_404
37803,awsdns-cn-19.com,ENOTFOUND
37808,vsrobotics.ru,CERT_HAS_EXPIRED
37811,svdcdn.com,ENOTFOUND
37809,killbot.ru,http_200
37813,archero2.com,ENOTFOUND
37814,amp.dev,http_404
37734,lshhxy.cn,timeout
37817,fenxiaocdn.com,ENOTFOUND
37818,hydroquebec.com,http_200
37821,worldblogged.com,http_403
37825,suinfra.com,http_404
37826,mobicontrol.cloud,http_202
37822,moet.gov.vn,ECONNRESET
37829,icloud-content.com.cn,ENOTFOUND
37833,pmc.com,http_200
37832,us.to,ERR_TLS_CERT_ALTNAME_INVALID
37840,launch.tel,ENOTFOUND
37841,hueadsxml.com,http_404
37842,bankline.ru,http_404
37845,azdot.gov,http_403
37851,fakenews.win,http_200
37850,kyoukaikenpo.or.jp,http_404
37848,mad-sea.com,http_200
37853,afgr1.com,SELF_SIGNED_CERT_IN_CHAIN
37860,azure-dns-2.cn,ENOTFOUND
37866,mailerlite.io,ENOTFOUND
37870,81plug.com,ENOTFOUND
37872,janrain.com,http_404
37875,unisi.it,http_403
37793,sberbank-ast.ru,timeout
37876,dramabloom.com,ENOTFOUND
37879,hoteltonight.com,http_200
37884,melenki.net,ENOTFOUND
37883,asdxwqw.com,http_404
37805,etos.nl,timeout
37891,dns-diy.net,http_404
37863,s1gov.net,timeout
37856,mcu.edu.tw,http_404
37892,nexnet.net.au,http_200
37899,dnbiz.com,ENOTFOUND
37896,unad.edu.co,UNABLE_TO_VERIFY_LEAF_SIGNATURE
37902,fisherinvestments.com,http_403
37900,nsk.ne.jp,ERR_SSL_DH_KEY_TOO_SMALL
37906,iceland.co.uk,http_403
37907,lovableproject.com,http_404
37910,metronieuws.nl,http_403
37911,appsto.re,ENOTFOUND
37904,ntghkt.com,ECONNREFUSED
37914,tzarpeltish.qpon,ENOTFOUND
37915,peninsula.com,http_403
37917,theportugalnews.com,http_202
37919,po.market,ENOTFOUND
37897,lgmi.com,http_200
37920,doppiocdn.live,ENOTFOUND
37923,rivianservices.com,ENOTFOUND
37925,psychiatrictimes.com,http_403
37922,mytel.com.mm,http_404
37918,fancyapi.com,UND_ERR_SOCKET
37933,sonoma.edu,http_403
37935,postmedia.digital,ENOTFOUND
37938,stc-groups.ru,http_403
37943,fluxsp.com,ENOTFOUND
37944,7kprtners.com,http_503
37945,hideservers.net,ENOTFOUND
37948,biolivre.com.br,http_404
37926,alkimi-onboarding.com,timeout
37950,powerplatformusercontent.com,ENOTFOUND
37951,thegrio.com,http_403
37954,ziggogo.tv,http_200
37941,clairedefermat.com,timeout
37963,funsdata.com,http_404
37967,fnac.pt,http_403
37968,chez-alice.fr,ECONNREFUSED
37931,e-freewifi.com,timeout
37971,polyvore.com,http_403
37973,recordedfuture.com,http_200
37979,temporary.link,ENOTFOUND
37980,ift.tt,http_200
37976,anhuinews.com,http_200
37985,pushtorm.net,http_404
37953,nitc.gov.np,timeout
37987,ubs.net,ENOTFOUND
37970,elemecdn.com,timeout
37988,76.in-addr.arpa,ENOTFOUND
37984,w3school.com.cn,http_404
37996,vitkac.com,http_403
37959,dzpengxiwl.com,timeout
38000,hands.net,http_403
37994,pdoca.com,ENOTFOUND
38003,taxify.eu,http_200
37961,byterunner.io,timeout
38010,talkiex.com,http_200
38014,smrtwheel.com,http_522
38007,wlu.edu,http_200
38017,verbraucher-schlichter.de,http_404
38006,khu.ac.kr,http_200
38013,nmt.edu,http_404
38019,yzgz1945.com,ENOTFOUND
38021,chaetumal.com,ENOTFOUND
38022,943seo.com,http_403
38028,forgerock.io,ENOTFOUND
38031,tonie.cloud,ENOTFOUND
38033,queenofthenileslots.org,ENOTFOUND
38030,rewardstyle.com,http_200
38034,bagelgames.com,ENOTFOUND
38039,admozartxml.com,http_404
38037,lionsclubs.org,http_403
38032,abc10.com,http_200
38047,netcenter-cdn.com,http_404
38054,educaplay.com,http_404
38050,ufs.br,http_404
38012,weikeguanjia.com,http_404
38059,unelink.net,http_404
38060,blogsidea.com,http_403
38052,sdjpzy.com,ERR_TLS_CERT_ALTNAME_INVALID
38058,diskunion.net,http_404
38064,adsttc.com,ENOTFOUND
38066,zao-agrokomplex.ru,UNSPECIFIED
38067,qinglanbaseanycast.com,CERT_HAS_EXPIRED
38081,applepie-recipe.ru,ECONNREFUSED
38079,woobox.com,http_404
38091,igg.me,http_403
38093,performax.cz,http_404
38070,deleted-ns.pw,ENOTFOUND
38055,zouliangbu.com,ENOTFOUND
38096,kochbar.de,http_403
38098,dataseat.tv,ENOTFOUND
38094,cbhomes.com,http_200
38099,mlr.press,http_404
38101,pichincha.com,http_200
38111,workopolis.com,http_403
38115,vraphim.com,CERT_HAS_EXPIRED
38118,sportsnow.top,http_200
38120,signal.me,http_200
38123,civitai.red,http_403
38117,trustasia.com,http_200
38130,yonomi.cloud,ERR_TLS_CERT_ALTNAME_INVALID
38133,hiroshima.lg.jp,ENOTFOUND
38142,iijmobile.jp,ENOTFOUND
38148,moderngov.co.uk,ENOTFOUND
38110,tend-table.com,timeout
38150,scs-ns.ch,ENOTFOUND
38149,emich.edu,http_403
38151,telekom-domains.de,http_200
38152,photonhost.com,http_200
38147,tdx.cat,UNABLE_TO_VERIFY_LEAF_SIGNATURE
38154,insperity.com,http_403
38158,aplaut.io,ENOTFOUND
38139,ucloud.com.cn,timeout
38159,miglobalpay.com,ENOTFOUND
38166,sbg.ac.at,ENOTFOUND
38163,lovelive-anime.jp,http_403
38167,rockwellcollins.com,http_403
38171,awsdns-cn-00.cn,ENOTFOUND
38176,tuthost.com,ENOTFOUND
38177,sigma.ru,http_200
38156,eclinicalweb.com,timeout
38182,businessresearchinsights.com,http_403
38183,1c-connect.com,http_404
38179,smartedu.cn,http_403
38185,lenscrafters.com,http_403
38140,eatel.net,timeout
38191,goldbelly.com,http_403
38192,estatesales.net,http_403
38188,hivestack.com,http_403
38143,wirepathdns.com,timeout
38196,hangdaxinli.com,ENOTFOUND
38201,cdnvideo11.shop,ENOTFOUND
38200,wildberries.ge,http_498
38204,streamlock.net,ENOTFOUND
38206,ghlibo.com,ENOTFOUND
38199,dlkbjx.com,ERR_SSL_TLSV1_ALERT_INTERNAL_ERROR
38209,ikoula.com,http_200
38212,collector.ru,http_403
38214,effem.com,ERR_TLS_CERT_ALTNAME_INVALID
38218,linkbio.co,http_403
38173,dhivehinet.net.mv,timeout
38235,bytedns.net,ENOTFOUND
38240,gabbcloud.com,ENOTFOUND
38181,mwr.gov.cn,timeout
38243,tunebat.com,http_403
38245,cudawaas.com,ENOTFOUND
38244,commentsold.com,http_404
38237,private-nameserver.net,ENOTFOUND
38246,acg.gg,http_200
38247,awsdns-cn-62.com,ENOTFOUND
38249,miancname.com,ENOTFOUND
38251,ecco.ru,http_403
38255,vpdcp.com,ENOTFOUND
38252,xaonline.com,http_422
38256,flex.ru,http_200
38259,ramsar.org,http_403
38260,choice.com.au,http_200
38262,flyserv.xyz,ERR_TLS_CERT_ALTNAME_INVALID
38265,rrv.ru,http_404
38203,humanservices.gov.au,timeout
38272,babypips.com,http_403
38274,sourcemanager.dev,ENOTFOUND
38276,replacements.com,http_403
38280,spoofer.us,ENOTFOUND
38278,bankofscotland.co.uk,http_200
38277,groupbycloud.com,http_403
38286,revlet.net,ENOTFOUND
38288,mergetwoaws.com,ENOTFOUND
38290,eon.com,http_403
38219,cgsociety.org,timeout
38293,gravitec.media,http_200
38295,blognody.com,http_403
38287,dblks.net,ERR_TLS_CERT_ALTNAME_INVALID
38297,bmadss.com,http_404
38298,vbulletin.com,http_403
38296,hrt.hr,http_200
38299,starrails.com,ENOTFOUND
38303,rocketleague.com,http_403
38302,kingsoft-office-service.com,http_404
38306,his-j.com,http_403
38313,elsevier-ae.com,http_200
38309,boltraygames.com,http_404
38315,uimserv.net,ENOTFOUND
38314,univ-poitiers.fr,http_200
38312,365cyd.cn,ENOTFOUND
38325,mediahuisgroup.com,ENOTFOUND
38328,11880.com,http_403
38329,taringa.net,http_200
38331,oghub.io,ENOTFOUND
38334,freedomfi.com,http_200
38257,officeskill.com.cn,timeout
38338,nabto.net,ENOTFOUND
38337,filevineapp.com,http_530
38344,litecdncname.com,ENOTFOUND
38320,str-nrg.com,timeout
38350,dhakatribune.com,http_403
38327,teamlava.com,timeout
38360,gotoip1.com,ENOTFOUND
38361,fingersoft.net,CERT_HAS_EXPIRED
38363,keras.io,http_404
38366,bank-dns.com,ENOTFOUND
38368,gunsinternational.com,http_403
38367,mevzuat.gov.tr,UNABLE_TO_VERIFY_LEAF_SIGNATURE
38376,rustelekom.net,ERR_TLS_CERT_ALTNAME_INVALID
38317,aeries.net,timeout
38371,vzconnect.com,http_200
38374,lids.com,http_403
38377,global.toshiba,http_404
38381,gamelet.games,ENOTFOUND
38390,orellfuessli.ch,http_403
38357,xhby.net,http_404
38391,dtexservices.com,ENOTFOUND
38396,junclikrmedi.com,ENOTFOUND
38398,365dm.com,ENOTFOUND
38399,kashkick.com,http_403
38403,tgobhod.forum,ENOTFOUND
38339,gemalto.com,timeout
38405,lancers.jp,http_405
38416,digicert.eu,http_200
38423,takedmca.com,http_404
38424,pcigdc.com,ENOTFOUND
38392,pickbon.us,timeout
38428,blablacar.ru,http_403
38431,zangi.io,ENOTFOUND
38432,petkt.com,ENOTFOUND
38434,nvdst.com,ENOTFOUND
38435,ntia.gov,UNABLE_TO_GET_ISSUER_CERT_LOCALLY
38421,folha.com.br,http_200
38402,joycityglobal.com,timeout
38441,klickly.com,http_200
38440,stratfor.com,http_200
38442,ushow.media,ENOTFOUND
38443,ads-bidfuse.com,ENOTFOUND
38445,nadeko.net,http_404
38446,limeroad.com,http_406
38453,123ns.eu,ENOTFOUND
38454,wu-wien.ac.at,ENOTFOUND
38455,activeview.app,http_520
38457,ub.gov.mn,http_404
38456,jenkins-ci.org,http_404
38459,zopegr.com,ENOTFOUND
38461,at-s.com,http_405
38409,itec.al.gov.br,timeout
38463,mooiedomeinnaam.nl,http_404
38466,dodge.com,http_403
38465,tingyun.com,http_404
38467,124515.xyz,ERR_SSL_TLSV1_UNRECOGNIZED_NAME
38468,ptwmstcnt.com,ENOTFOUND
38433,eosdns.net,ENETUNREACH
38469,telesec.de,http_404
38447,maas360.com,timeout
38475,angusrobertson.com.au,http_403
38478,75.in-addr.arpa,ENOTFOUND
38479,slb.net,ENOTFOUND
38482,vdab.be,http_200
38484,mng.tl,UNABLE_TO_VERIFY_LEAF_SIGNATURE
38488,infomir.com,http_404
38429,quicksrv.de,timeout
38489,brenebrown.com,http_403
38491,wwdl.net,DEPTH_ZERO_SELF_SIGNED_CERT
38500,govdeals.com,http_403
38499,clubexpress.com,http_403
38497,szjuwx.com,http_404
38503,manybooks.net,http_403
38502,xiaomimimo.com,ENOTFOUND
38506,pipecdn.vip,http_403
38510,boldwin.tech,ENOTFOUND
38505,diytrade.com,http_403
38512,959105.xyz,ENOTFOUND
38507,ecombdpage.com,ENOTFOUND
38519,ippen.space,ENOTFOUND
38525,yewsmo.com,ENOTFOUND
38528,ilibr.org,ENOTFOUND
38531,supplyhouse.com,http_403
38458,veiwa.com,timeout
38534,riw.golf,ENOTFOUND
38509,rtss.qc.ca,ENOTFOUND
38541,d3vw.com,http_525
38518,ch-inter.net,timeout
38548,trendbuzz.to,http_404
38550,autoipacket.com,http_200
38530,demon.nl,timeout
38544,fazenda.mg.gov.br,http_200
38554,reasonsbatesystem.xyz,ENOTFOUND
38555,tutti.ch,http_403
38561,agooles.com,http_405
38564,dnh.net,ENOTFOUND
38565,znanierussia.ru,http_403
38563,ahszu.edu.cn,http_404
38567,standoff2.io,ENOTFOUND
38570,alfasrv.com,ENOTFOUND
38569,buy.com,http_200
38524,freeddns.org,timeout
38549,matsukiyococokara-online.com,http_403
38576,ogames.kz,http_404
38575,binalyze.io,http_200
38574,hxfiber.com.cn,DEPTH_ZERO_SELF_SIGNED_CERT
38578,wlfun777.link,http_403
38553,cvtci.com.ar,ENOTFOUND
38580,mpartner.digital,http_500
38582,msdp1.com,http_200
38586,quizur.com,http_200
38584,tus.ac.jp,http_404
38591,vgwgames.com,ENOTFOUND
38546,demysdns.co.uk,timeout
38592,x431.com,http_403
38594,awsdns-cn-59.biz,ENOTFOUND
38599,oneinternetbrowser.com,http_404
38598,ln.gov.cn,http_200
38602,es-dis.net,ENOTFOUND
38607,gorbushkin.click,ENOTFOUND
38593,ddimg.cn,EHOSTUNREACH
38608,365cyd.net,SELF_SIGNED_CERT_IN_CHAIN
38571,dealercenter.net,timeout
38612,habradns.net,ENOTFOUND
38613,antidot.net,http_200
38585,owler.com,timeout
38619,firstcoastnews.com,http_200
38622,secunia.com,http_200
38626,arylblurry.shop,ENOTFOUND
38631,bnm.gov.my,http_403
38633,bitdog.com,http_200
38634,setupcmp.com,http_200
38635,pmc-sierra.bc.ca,ENOTFOUND
38638,hprofits.com,http_200
38639,paradores.es,http_403
38641,writefull.ai,http_404
38644,americanaddictioncenters.org,http_403
38637,dlink.ru,http_404
38648,cr.yandex,http_404
38652,ihsdns.com,ERR_TLS_CERT_ALTNAME_INVALID
38651,isolarcloud.com,http_404
38653,carparts-cat.com,ENOTFOUND
38658,servermanager.app,http_200
38601,nzn-crm.com,timeout
38659,pushmaster-cdn.xyz,http_520
38662,a64x.com,ENOTFOUND
38664,me2zengame.com,http_404
38666,gsitrix.com,CERT_HAS_EXPIRED
38665,redlobster.com,http_200
38668,pornbox.com,http_200
38667,awsdns-cn-04.cn,ENOTFOUND
38645,companytravelinfoco.autos,ENOTFOUND
38673,hc.ru,http_200
38677,polaris.me,http_200
38678,videoly.co,http_200
38657,autodesk.net,timeout
38679,drchrono.com,http_404
38618,dynns.com,timeout
38682,musicradio.com,http_403
38680,realestatedigital.com,http_200
38683,workercn.cn,http_404
38686,awsdns-cn-43.biz,ENOTFOUND
38689,jugploer.icu,ENOTFOUND
38691,negate.io,http_404
38692,internapcdn.net,ENOTFOUND
38694,tripwire.com,http_403
38695,offcn.com,http_404
38702,supercasa.pt,http_403
38701,tz1288.com,http_404
38704,sourcewatch.org,http_403
38656,integraonline.com,timeout
38685,guardianapps.co.uk,timeout
38712,bankinter.com,http_403
38669,cambridgeone.org,timeout
38706,otsuka-office365.jp,ENOTFOUND
38718,adokutrtb.com,http_500
38719,dnslnk.com,ECONNREFUSED
38721,azdhs.gov,http_403
38724,sip.global,ENOTFOUND
38723,dnsfaster.com,ENOTFOUND
38722,evonik.com,http_200
38727,wil.guru,ENOTFOUND
38731,bearblog.dev,http_404
38733,csgo-skins.com,http_403
38736,iterocloud.com,ENOTFOUND
38738,shopback.com,http_403
38740,stpd.cloud,http_404
38742,maserati.com,http_403
38745,blsp.at,http_403
38747,leechshield.link,ENOTFOUND
38753,wrd-aws.com,ENOTFOUND
38756,ifedata.ru,ENOTFOUND
38752,eloview.com,http_200
38757,ttapis.com,ENOTFOUND
38760,onetag.co.kr,ENOTFOUND
38761,zeropartyforms.com,http_400
38758,martech-global.com,ENOTFOUND
38766,yogicentral.science,UNABLE_TO_GET_ISSUER_CERT_LOCALLY
38768,virtualhosts.eu,ENOTFOUND
38767,unand.ac.id,http_500
38770,helpscoutdocs.com,http_404
38772,theoceancleanup.com,http_404
38776,2ch.su,http_404
38779,cootek.com,http_403
38782,utmify.com.br,http_404
38786,grouprecipes.com,ECONNREFUSED
38764,btbu.edu.cn,http_200
38794,bitwarden.net,ENOTFOUND
38795,imbox.io,http_530
38797,v2ex.co,ENOTFOUND
38798,sonetel.net,ERR_TLS_CERT_ALTNAME_INVALID
38805,siliconera.com,http_403
38802,talk2m.com,http_200
38807,vikiplatform.com,ENOTFOUND
38814,epilepsy.com,http_403
38816,psi.net,ERR_TLS_CERT_ALTNAME_INVALID
38806,cybozu.com,http_200
38820,sophosxl.com,ENOTFOUND
38821,flagstar.com,http_403
38824,lifemiles.com,http_403
38825,menwiki.men,http_200
38827,cantonfair.org.cn,http_200
38832,ns35.de,ENOTFOUND
38831,brooksbrothers.com,http_200
38783,moh.gov.my,http_403
38834,gt232558.com,ENOTFOUND
38837,beenets.com,ENOTFOUND
38845,listenlive.co,http_404
38842,qsxyy.com,ENOTFOUND
38850,webnode.io,ENOTFOUND
38848,safenests.com,ENOTFOUND
38853,morphify.net,http_200
38852,tarhelypark.hu,http_200
38858,linkcdn.cloud,http_530
38815,kuna.net.kw,ENOTFOUND
38862,acens.net,http_404
38863,jrnynautilus.net,ENOTFOUND
38860,csc.edu.cn,http_200
38866,ecco.com,http_404
38861,mobage.jp,http_404
38865,concept7.ru,ENOTFOUND
38871,points.com,http_403
38870,careers-page.com,http_404
38868,kir.jp,ENOTFOUND
38873,kucoin.plus,http_400
38877,searchpeoplefree.com,http_403
38881,voyage.bingo,ENOTFOUND
38882,cookiehub.eu,http_200
38883,inman.com,http_403
38886,syn-alias.com,ENOTFOUND
38889,readymap.info,http_403
38817,gseedu.cn,timeout
38893,clvaw-cdnwnd.com,http_403
38895,ktoeto.online,http_404
38867,360tres.com,ENOTFOUND
38896,artsdot.com,http_404
38897,medline.com,http_403
38880,qd.je,timeout
38901,kyutech.ac.jp,http_404
38887,mybluepeak.net,timeout
38914,bubume.com,http_404
38855,paydiant.com,timeout
38916,tasnimnews.com,ENOTFOUND
38915,ndtvimg.com,ECONNREFUSED
38910,lxcvc.com,ECONNRESET
38920,oneokgames.com,ENOTFOUND
38923,autorus.ru,http_403
38919,stellarix.africa,ENOTFOUND
38929,dnsbbz.com,ENOTFOUND
38924,8684.cn,UND_ERR_SOCKET
38943,lognex.ru,ENOTFOUND
38946,lebaobaoxian.cn,ECONNREFUSED
38951,periodicsystem.org,ENOTFOUND
38954,indiehackers.com,http_403
38955,balalaika.click,ENOTFOUND
38963,za3jjhhcc.com,ENOTFOUND
38961,uwinnipeg.ca,http_403
38958,hongji-china.com,ECONNREFUSED
38970,tvscipixel.com,ENOTFOUND
38973,tallinn.ee,http_403
38976,racked.com,http_500
38981,skyairline.com,http_200
38983,dl8.me,http_200
38980,cnu.edu.cn,http_403
38988,fctables.com,http_200
38990,amusnet.io,ENOTFOUND
38998,deliveryhero.com,http_403
39000,theanswerbank.co.uk,http_403
39003,mt48.net,ENOTFOUND
39005,bitbit.net,ENOTFOUND
39008,globalrtb.com,ENOTFOUND
39007,sud.kz,UND_ERR_SOCKET
39011,chainid.network,http_404
38982,totbb.net,ENOTFOUND
39015,swappa.com,http_403
39014,ac-lille.fr,http_403
39019,frogo-aft.tech,ENOTFOUND
39020,edgecache.fun,ENOTFOUND
39021,memorialhermann.org,ENOTFOUND
39027,americanimmigrationcouncil.org,http_403
39024,estantevirtual.com.br,http_403
39030,audio-technica.com,http_200
39032,wifiman.com,http_200
39036,qtaeixd.com,ENOTFOUND
39037,global-x.ru,http_404
39040,caaws.services,ENOTFOUND
38964,krasnodar.ru,timeout
39047,162.in-addr.arpa,ENOTFOUND
39002,newark.com,timeout
39009,mypep.link,timeout
39058,joinroot.com,http_404
39056,hoopchina.com.cn,http_404
39061,sephora.me,http_403
39065,psyonix.com,http_404
39066,ssgcdn.com,ENOTFOUND
39067,mproserv.net,ENOTFOUND
39064,tpsonlines.com,ENOTFOUND
39070,nvdvr.cn,ECONNREFUSED
39072,migames.com,http_404
39075,flavedo.io,ENOTFOUND
39077,onblix.com,ENOTFOUND
39034,1vpn.app,timeout
39078,mrdmca.com,http_404
39039,rtlabs.ru,timeout
39082,pragprog.com,http_404
39084,upd-rkn.net,ENOTFOUND
39042,trf2.jus.br,timeout
39086,bursamalaysia.com,http_403
39060,dramahue.com,http_404
39088,hardlightgames.com,ENOTFOUND
39083,ouc.edu.cn,http_404
39090,tellmethetrue.shop,ENOTFOUND
39087,apiauto.ru,http_403
39091,dnsgcore.com,ENOTFOUND
39095,lmadps.jp,ENOTFOUND
39099,feedbooks.com,http_403
39100,ncupdate.com,ENOTFOUND
39106,tokai.or.jp,http_404
39111,cirrussystem.net,ENOTFOUND
39113,powerapps.us,ERR_TLS_CERT_ALTNAME_INVALID
39073,ucsfmedicalcenter.org,http_200
39116,snackly.co,ENOTFOUND
39117,initbb.com,ENOTFOUND
39119,itspservice.net,ENOTFOUND
39081,bmcdn.me,timeout
39123,playngonetwork.com,ECONNREFUSED
39124,cbsnewsstatic.com,http_500
39127,parkrun.org.uk,http_405
39103,uptime-video.com,timeout
39138,bochk.com,http_404
39144,uptolike.com,http_404
39146,renaud-bray.com,http_403
39145,renttherunway.com,http_406
39148,zap2it.com,http_403
39151,redsara.es,ENOTFOUND
39152,surfernetwork.com,http_200
39149,10tv.com,http_200
39155,myflfamilies.com,http_404
39153,pmsrv.co,http_200
39125,netcom.com,http_403
39156,jhhwys.com,ERR_SSL_TLSV1_ALERT_INTERNAL_ERROR
39154,clickdomain.co.kr,ERR_TLS_CERT_ALTNAME_INVALID
39161,githack.com,http_404
39159,funformulagames.com,http_404
39162,audicagame.com,http_403
39120,ewetel.de,ECONNREFUSED
39167,warmane.com,http_200
39165,ktnet.kg,CERT_HAS_EXPIRED
39166,acx.com,http_500
39170,usdebtclock.org,http_404
39169,udrpsearch.com,ENOTFOUND
39172,barracudamsp.com,http_404
39108,maximintegrated.com,timeout
39176,interno.it,http_200
39181,haobird.site,ENOTFOUND
39171,cathaybk.com.tw,err
39191,bnpparibasfortis.be,http_503
39187,techcombank.com.vn,http_403
39194,magasins-u.com,http_403
39195,tapapis.com,ENOTFOUND
39192,c6bank.com.br,http_403
39197,recruitology.com,http_404
39200,zhuisuma315.com,ENOTFOUND
39202,xosothantai.com,http_404
39203,eifan.cn,DEPTH_ZERO_SELF_SIGNED_CERT
39205,a.com,ENOTFOUND
39206,215216777.xyz,ENOTFOUND
39209,doctify.com,http_202
39207,blogsome.com,http_200
39210,b-pl.pro,ENOTFOUND
39179,aralego.net,http_404
39212,wikitide.net,ENOTFOUND
39189,kpprc.edu.tw,ENOTFOUND
39222,babble.com,http_403
39223,logrocket.io,http_421
39225,netcetera-cloud-payment.ch,ENOTFOUND
39231,oisrf.ru,http_200
39177,tatenergo.ru,timeout
39236,materialdesignicons.com,http_200
39216,droiyou.com,ENOTFOUND
39237,viaconex.com,ENOTFOUND
39238,sxc.hu,ENOTFOUND
39240,ptcloud.de,http_200
39199,astrobl.ru,timeout
39242,egygolds.xyz,ENOTFOUND
39235,altibox.net,ENETUNREACH
39244,intlfcstone.net,ENOTFOUND
39246,nra.org,http_200
39247,vitaminshoppe.com,http_404
39220,digicelbroadband.com,timeout
39254,dummyapi.online,ECONNRESET
39256,hga027.com,http_404
39258,shapegamescloud.com,ENOTFOUND
39233,druknet.bt,timeout
39266,cdntips.com,ERR_TLS_CERT_ALTNAME_INVALID
39269,prohosting.com,http_200
39267,yodao.net,http_404
39271,orlandohealth.com,http_429
39272,karousell.com,ENOTFOUND
39239,hec.gov.pk,timeout
39241,cbseit.in,timeout
39274,c-cdsknn.net,ENOTFOUND
39278,spotapps.co,ENOTFOUND
39279,tapinto.net,http_403
39281,uralairlines.ru,http_403
39276,kkbox.com.tw,http_202
39285,tld-ns.com,ENOTFOUND
39288,galabingo.com,http_403
39289,ssnc.cloud,ENOTFOUND
39293,exmainclcknew.com,ENOTFOUND
39265,birzeit.edu,http_403
39268,ripplingcdn.com,timeout
39302,librava.click,ENOTFOUND
39304,nprotect2.net,ENOTFOUND
39310,cepr.net,http_403
39301,awesomescreenshot.com,http_404
39311,naturalreaders.com,http_200
39303,epson.jp,http_404
39308,smtp.com,http_200
39312,dxbx.ru,http_404
39317,elicit.com,http_404
39309,cmu.edu.tw,http_404
39318,cdns.su,ENOTFOUND
39323,securitybank.com,http_403
39326,fsnet.co.uk,ENOTFOUND
39329,jiji.ng,http_403
39331,apprevork.com,http_404
39325,mod.gov.cn,ERR_TLS_CERT_ALTNAME_INVALID
39334,robota.ua,http_403
39336,home64.de,ERR_SSL_TLSV1_UNRECOGNIZED_NAME
39333,acsalaska.net,http_404
39337,speisekarte.menu,http_403
39338,gotoip2.com,ENOTFOUND
39344,singleplatform.com,http_403
39347,chainstoreage.com,http_403
39348,sitesdepot.com,ERR_TLS_CERT_ALTNAME_INVALID
39350,environment.gov.au,http_403
39357,imlns.com,CERT_HAS_EXPIRED
39359,bngprm.com,http_404
39352,chief.net.tw,ENOTFOUND
39360,pretty-fly4.net,http_404
39364,petalsearch.com,ENOTFOUND
39367,artuk.org,http_403
39287,mydomain.org,timeout
39366,daveramsey.com,http_403
39369,hngangjiegou.com,ECONNRESET
39378,nic.rocks,ERR_TLS_CERT_ALTNAME_INVALID
39381,neweggimages.com,ENOTFOUND
39386,qcloudzygj.com,ENOTFOUND
39314,cyberfuel.com,http_403
39387,blackstone.com,http_403
39390,anycast.net,http_404
39391,sid.ir,http_200
39396,pckcdn.net,ENOTFOUND
39393,nctu.edu.tw,ENOTFOUND
39397,tasjeel.ae,http_403
39398,nuaa.edu.cn,http_404
39402,crnagora.net,ENOTFOUND
39354,tcadmin.net,timeout
39403,footerfont.com,ERR_TLS_CERT_ALTNAME_INVALID
39404,steampunk-fr.com,ERR_SSL_TLSV1_ALERT_INTERNAL_ERROR
39405,dpmsrv.com,ERR_TLS_CERT_ALTNAME_INVALID
39407,bighappy.co,http_200
39392,pushaddict.com,timeout
39412,greatclips.com,http_403
39413,rcpsych.ac.uk,http_200
39415,srvrsdns.ru,ENOTFOUND
39416,cybozu.co.jp,http_404
39418,rumahweb.net,http_404
39421,youdo.com,http_403
39424,youpin898.com,http_200
39376,brack.ch,timeout
39377,xtra.co.nz,timeout
39426,conductrics.net,ENOTFOUND
39428,itp-forum.ru,http_403
39401,pacourts.us,http_403
39431,adclickad.com,http_404
39423,jxcxgdst.com,ERR_SSL_TLSV1_ALERT_INTERNAL_ERROR
39437,avanan.click,ENOTFOUND
39441,reastatic.net,ENOTFOUND
39442,tki.org.nz,http_403
39448,blogoscience.com,http_403
39450,holidayinn.com,http_403
39443,webzavod.ru,http_404
39454,oysho.com,http_403
39460,agl002.online,ENOTFOUND
39462,simplyhired.co.in,http_403
39465,telepolis.de,http_410
39463,geohide.ru,ECONNRESET
39468,monsterenergy.com,http_403
39467,jpo.go.jp,http_403
39472,fptshop.com.vn,http_403
39473,wttr.in,http_500
39471,advancedhosters.com,http_200
39476,datah04.com,http_525
39478,simons.ca,http_403
39482,zline0.com,ENOTFOUND
39434,happyhouse12.com,timeout
39487,absmartly.io,ENOTFOUND
39491,njcourts.gov,http_403
39492,peulmiring.shop,ENOTFOUND
39493,mxmpark.com,ENOTFOUND
39494,post-view.com,ENOTFOUND
39497,pharmacytimes.com,http_403
39490,ethernet.edu.et,ECONNREFUSED
39499,ilan.gov.tr,UNABLE_TO_VERIFY_LEAF_SIGNATURE
39504,do-ai.run,ENOTFOUND
39506,ppointdns.com,ENOTFOUND
39505,jumpingcrab.com,ECONNREFUSED
39510,ftlaunchpad.ai,http_403
39515,zephyrsgroves.com,http_404
39513,kirin.co.jp,http_404
39516,smintro.com,ENOTFOUND
39517,extremeterrain.com,http_403
39514,rtoaster.jp,http_200
39518,system1onesource.com,ENOTFOUND
39432,cli-eiffel-base.xyz,timeout
39522,hostido.net.pl,http_404
39525,bedroomvillas.com,http_403
39531,thg-ns.net,ENOTFOUND
39537,seia.org,http_403
39540,sonnen.cloud,ERR_TLS_CERT_ALTNAME_INVALID
39455,nile-online.net,timeout
39542,tdnslive1.cn,ENOTFOUND
39544,iidns.com,ERR_SSL_TLSV1_ALERT_INTERNAL_ERROR
39546,leroymerlin.ru,ENOTFOUND
39551,notino.com,http_200
39555,mos.jp,http_404
39559,imgeng.in,http_404
39565,dnsmanager.nl,ERR_TLS_CERT_ALTNAME_INVALID
39569,adidas.ca,http_403
39556,hldns.ru,CERT_HAS_EXPIRED
39511,connectif.cloud,timeout
39574,browserautomation.io,ENOTFOUND
39567,bloombergtax.com,http_200
39579,olbanking.com,ENOTFOUND
39578,electronica.art,http_200
39582,nic.tel,ECONNREFUSED
39577,webdomaine.ca,http_200
39520,zety.com,timeout
39585,mxhichina.com,ENOTFOUND
39588,techdns.uz,ENOTFOUND
39590,eccdnx.com,ECONNREFUSED
39592,uvt.nl,http_403
39594,playanext.com,http_404
39596,42web.io,http_404
39597,ehgt.org,http_404
39599,shturval.link,ERR_TLS_CERT_ALTNAME_INVALID
39598,51dns.top,ENOTFOUND
39601,fastcmp.com,http_404
39603,dtblt.com,http_200
39595,syxtvip.com,http_404
39609,adsb.lol,http_404
39607,tradepending.com,http_200
39612,blogsuperapp.com,http_403
39614,greenbids.ai,http_403
39622,136.in-addr.arpa,ENOTFOUND
39625,as13445.net,ENOTFOUND
39570,cityofnewyork.us,timeout
39630,waarnemingen.be,http_403
39620,swipnet.se,ENOTFOUND
39635,alarmtrade.ru,http_200
39591,saudi.net.sa,timeout
39636,ebu.io,CERT_HAS_EXPIRED
39639,aon.at,CERT_HAS_EXPIRED
39637,found.ee,UND_ERR_SOCKET
39640,interpest.net,ERR_TLS_CERT_ALTNAME_INVALID
39642,brooklynvegan.com,http_403
39643,dm-static.com,ENOTFOUND
39647,x-kom.pl,http_403
39648,develop-blog.com,http_403
39605,lightsoft.ru,timeout
39650,vipreseller30ssd.com,http_404
39655,serviciodecorreo.es,http_200
39661,dinfo.com.pl,ERR_TLS_CERT_ALTNAME_INVALID
39659,adpies.com,http_404
39664,shift4.com,http_429
39666,zerigo.net,ECONNREFUSED
39626,farap2p.ir,timeout
39667,outfra.xyz,ENOTFOUND
39668,hoster.kg,UNABLE_TO_VERIFY_LEAF_SIGNATURE
39674,nexxen-es.com,ENOTFOUND
39677,aridns.net.au,ENOTFOUND
39676,furunavi.jp,http_200
39684,lenmit.com,ENOTFOUND
39685,familydollar.com,http_403
39632,nextgenshopping.com,timeout
39688,bertinadns.com,ENOTFOUND
39633,boeing.net,timeout
39690,mbddip.com,http_404
39686,familyzone.com,http_200
39696,nano.lv,http_404
39697,bonusdrama.com,http_404
39698,aramex.com,http_403
39693,findaya.co.id,http_404
39702,1-hostingservice.com,CERT_HAS_EXPIRED
39706,aip.ooo,ENOTFOUND
39707,hostedresource.net,ENOTFOUND
39708,exemplarfederallithe.com,http_200
39710,forclass.net,http_404
39712,bitnames.com,ENOTFOUND
39715,doimg.net,ENOTFOUND
39670,neixin.cn,timeout
39720,livejournal.net,ENOTFOUND
39724,readone.ru,http_404
39725,nic.codes,ERR_TLS_CERT_ALTNAME_INVALID
39682,edu.ru,timeout
39726,95516.com,http_200
39694,dhmedia.io,timeout
39735,cubetvfun.com,http_404
39700,pipedns.com,timeout
39738,nv7s.com,ENOTFOUND
39744,adxbid.info,http_200
39743,tohapp.com,ERR_TLS_CERT_ALTNAME_INVALID
39750,vstlsrv.com,http_404
39711,bzmaster.cn,timeout
39753,scalemates.com,http_403
39754,initdd.com,ENOTFOUND
39757,macsales.com,err
39760,vesync.eu,ENOTFOUND
39761,kt.co.kr,ERR_TLS_CERT_ALTNAME_INVALID
39765,varnoff.net,CERT_HAS_EXPIRED
39769,imoodle.win,http_200
39727,sinolion.co,timeout
39770,bloggactivo.com,http_403
39772,webhop.net,ECONNREFUSED
39758,template-help.com,http_404
39774,eft-project.com,ENOTFOUND
39776,natecorp.com,http_404
39777,bfops.io,http_404
39779,newsok.com,http_200
39781,internetworldstats.com,CERT_HAS_EXPIRED
39736,indielite.org,timeout
39785,plaindns.net,UNABLE_TO_VERIFY_LEAF_SIGNATURE
39784,zcom.it,http_200
39787,bytemaimg.com,ENOTFOUND
39788,steamcharts.com,http_404
39789,bar-navig.com,ENOTFOUND
39792,clym-widget.net,http_200
39793,akamai-zt.com,ENOTFOUND
39795,msccruises.com,http_403
39748,ustcori.com,timeout
39762,xqhhkji.com,ECONNREFUSED
39797,dyneti.com,http_200
39798,clym-sdk.net,ECONNRESET
39800,gnolia.com,http_200
39796,thsrc.com.tw,http_404
39804,usphonebook.com,http_403
39803,pna.gov.ph,http_403
39805,polygon-rpc.com,http_200
39808,samp-dl.com,ENOTFOUND
39794,hlj.gov.cn,http_200
39812,argewebhosting.com,ECONNREFUSED
39813,affordablehousing.com,http_403
39814,wednet.edu,ENOTFOUND
39820,storagedirectguide.com,ENOTFOUND
39825,myhostpoint.ch,ENOTFOUND
39783,mediacombb.net,timeout
39830,beyondtrust.io,http_401
39828,eduhk.hk,ERR_SSL_UNSAFE_LEGACY_RENEGOTIATION_DISABLED
39844,credible.com,http_403
39843,ufrrj.br,CERT_HAS_EXPIRED
39851,bulbedcrus.shop,ENOTFOUND
39850,foundationdns.net,http_200
39854,freegeoip.net,ECONNRESET
39816,dnsres.net,timeout
39855,discoverfinancial.com,http_200
39857,u-bourgogne.fr,http_200
39863,zaius.com,http_200
39865,universityofgalway.ie,http_404
39860,trendforce.com,http_403
39867,idealo.es,http_403
39866,open.ru,SELF_SIGNED_CERT_IN_CHAIN
39870,awselbcombine.com,ENOTFOUND
39871,best-hosting.ru,http_403
39873,mts-ws.net,ENOTFOUND
39877,agrohold.ru,ENOTFOUND
39875,acuitybrands.com,http_403
39880,sharemasala.com,ENOTFOUND
39881,owst.jp,http_404
39889,webgains.link,ENOTFOUND
39890,kshosting.co.kr,ECONNREFUSED
39894,greencolumnart.com,ENOTFOUND
39895,vivobarefoot.com,http_403
39900,usonar.jp,ENOTFOUND
39824,ba.com,timeout
39903,insticator.com,http_200
39907,online2pdf.com,http_404
39906,forconect.ru,ENOTFOUND
39910,suedwestfalenit.de,ENOTFOUND
39912,awpya.com,http_404
39913,xcal.sky,ENOTFOUND
39886,stark-it.ru,timeout
39926,95.in-addr.arpa,ENOTFOUND
39929,cdn-vitals.com,ENOTFOUND
39931,ua.com,http_404
39928,jc001.cn,http_200
39940,visibilitynow.net,ENOTFOUND
39938,fujifilm.co.jp,http_404
39915,appmifile.com,timeout
39884,easydns.ca,timeout
39945,chinacloudsites.cn,ENOTFOUND
39944,edudns-a3.edu.tw,ECONNREFUSED
39947,microsoftusercontent.com,ENOTFOUND
39951,reddy.team,http_404
39898,funpic.de,timeout
39957,gov-static.tech,ENOTFOUND
39958,hostiman.com,CERT_HAS_EXPIRED
39961,gowork.pl,http_403
39948,shuqireader.com,http_200
39971,github.dev,http_200
39969,airg.com,http_200
39974,chmi.cz,http_200
39978,joueb.com,ERR_TLS_CERT_ALTNAME_INVALID
39979,nuigalway.ie,http_404
39981,1c9t8a4.online,ENOTFOUND
39980,resultados-futbol.com,http_406
39982,onlinestreamself.com,ENOTFOUND
39983,induscdn.com,ENOTFOUND
39984,dnssrv.nl,ERR_TLS_CERT_ALTNAME_INVALID
39989,chmsrv.com,ENOTFOUND
39976,hankyu.co.jp,http_200
39990,webring.org,ECONNRESET
39993,40.in-addr.arpa,ENOTFOUND
39995,ixlhosting.nl,http_200
39992,nttgdca.com,ENOTFOUND
39997,isro.gov.in,http_404
40000,tikcdn.io,http_204
39939,weburg.net,timeout
39953,deloitteresources.com,timeout
39986,keqysxy.com.cn,timeout
40004,artsper.com,http_403
40012,tensor.art,http_403
40009,deyecloud.com,http_404
40016,krungthai.com,http_200
40015,rclone.org,http_404
40018,umatex.com,CERT_HAS_EXPIRED
40011,thsi.cn,ERR_TLS_CERT_ALTNAME_INVALID
40025,cnci.jp,ENOTFOUND
40030,press.net,ENOTFOUND
40035,dc-tag.jp,ENOTFOUND
40038,ceipmsn.com,ENOTFOUND
40041,gseb.org,http_404
40022,property.hk,UND_ERR_SOCKET
40040,mynewserver.com,ENETUNREACH
40047,richelieu.com,ECONNRESET
40048,nashvybor2021.ru,ENOTFOUND
40034,dns2.hu,timeout
40052,ncjrs.gov,http_404
40059,funsilo.date,http_200
40060,emdns.uk,ENOTFOUND
40061,firewall-gateway.de,ENOTFOUND
40008,flyingcroc.net,timeout
40063,dub.sh,http_429
40066,vouchercodes.co.uk,http_403
40068,thenerdsblog.com,http_403
40043,multiplan.com,http_200
40075,filesor.com,http_521
40079,thehighline.org,http_403
40086,ramtrucks.com,http_403
40091,autoteiledirekt.de,http_403
40093,snsv.ru,http_404
40100,esihs.net,http_503
40102,cdnstream.com,http_404
40103,opstatics.com,http_404
40110,inputservice.it,CERT_HAS_EXPIRED
40095,cheyou369.com,CERT_HAS_EXPIRED
40116,totvs.com,http_403
40111,singlecare.com,http_403
40123,stroeerws.de,ENOTFOUND
40125,asnet.pw,ENOTFOUND
40124,nic.wtf,ERR_TLS_CERT_ALTNAME_INVALID
40128,cylex-uk.co.uk,http_403
40122,merlot.org,http_200
40132,tblcontent.com,ENOTFOUND
40133,phgop1.com,http_404
40138,muzkult.ru,http_403
40141,hostaan.fi,http_404
40143,xlink3.com,ENOTFOUND
40140,uforxk.cn,http_200
40144,chiphell.com,http_567
40129,freeside.biz,DEPTH_ZERO_SELF_SIGNED_CERT
40150,xboxab.com,http_403
40153,144.in-addr.arpa,ENOTFOUND
40155,f8824e712f4b4a9114f13c173ccf90987716b7612c5d93eeaa883fed.com,ENOTFOUND
40151,bjjdkj.com.cn,ENOTFOUND
40074,bv.com.br,timeout
40160,transcapital.com,http_403
40161,radiocut.fm,http_403
40164,bbexcite.jp,ENOTFOUND
40168,innopolis.university,http_502
40169,foragentsonly.com,http_404
40171,x10.mx,ERR_TLS_CERT_ALTNAME_INVALID
40178,zsw.ca,ECONNREFUSED
40184,audibene.net,ENOTFOUND
40185,detnews.com,http_200
40188,invbox.ru,ECONNREFUSED
40165,adidas.es,http_403
40200,catgu-nrm.com,http_404
40204,webstatsdomain.org,http_503
40211,eurobank.gr,http_403
40213,miranda-media.ru,http_200
40149,flypeach.com,timeout
40224,activosblog.com,http_403
40228,tgtg.ninja,ENOTFOUND
40212,uprrp.edu,http_200
40232,206.in-addr.arpa,ENOTFOUND
40226,blizzard.cn,http_200
40196,auranodeyes.com,timeout
40239,koat.com,http_451
40233,coelhotecnologia.com.br,ENOTFOUND
40244,platform-media.net,ENOTFOUND
40252,z-lib.fm,http_503
40261,zaonce.net,http_200
40236,x5.sale,timeout
40265,iwantclips.com,http_403
40269,auction.com,http_403
40241,heihachi.pw,DEPTH_ZERO_SELF_SIGNED_CERT
40271,datenschutz.de,http_403
40274,dmgmediaprivacy.co.uk,http_401
40272,elecom.co.jp,http_403
40275,eqx.systems,http_404
40277,remitly.io,ENOTFOUND
40217,uaemex.mx,timeout
40282,fruugo.co.uk,http_403
40278,vsp.com,http_200
40284,m3pd.com,ENOTFOUND
40285,weatherlive.info,http_404
40287,gohenry.com,http_403
40283,sophia.org,http_404
40289,cdn-smart-solutions-zqk.xyz,ENOTFOUND
40288,growthbuddy.app,http_403
40255,alcatel-lucent.com,timeout
40297,go.to,ERR_TLS_CERT_ALTNAME_INVALID
40301,optiword.com,ENOTFOUND
40294,didistatic.com,http_403
40304,fhd.de,http_404
40305,my-free.website,http_404
40308,feeltech.kz,ENOTFOUND
40309,plainenglish.io,http_404
40312,land.com,http_403
40314,dfinity.network,ENOTFOUND
40318,hosei.ac.jp,http_404
40313,ddesan.com,DEPTH_ZERO_SELF_SIGNED_CERT
40322,yakaboo.ua,http_403
40323,flussonic.cloud,ENOTFOUND
40319,khqsdl.com,ERR_SSL_TLSV1_ALERT_INTERNAL_ERROR
40317,gotoip3.com,ERR_SSL_TLSV1_ALERT_INTERNAL_ERROR
40329,hk.net,ENOTFOUND
40331,allabolag.se,http_202
40327,cbhb.com.cn,http_404
40334,awsdns-cn-04.net,ENOTFOUND
40338,o-msedge.net,ENOTFOUND
40339,bluecatdns.com,ENOTFOUND
40341,peterhost.ru,ECONNREFUSED
40342,historicenvironment.scot,http_403
40320,knfmp.net,timeout
40337,jcglawyer.net,CERT_HAS_EXPIRED
40328,corriereobjects.it,timeout
40354,hg.org,ENOTFOUND
40345,ntpu.edu.tw,http_200
40355,ncloudslb.com,ENOTFOUND
40358,s8pa9zb2.com,ENOTFOUND
40359,myshopline.store,ENOTFOUND
40361,ns-ncloud.com,ENOTFOUND
40357,violin.co.th,ENOTFOUND
40365,portal101.cn,ENOTFOUND
40368,jourchan.cn,ENOTFOUND
40372,techdsp.ru,ENOTFOUND
40376,linkiesta.it,http_403
40378,yellowpagesdirectory.com,http_403
40379,ketv.com,http_451
40370,coremail.cn,http_404
40380,koumbit.net,ERR_TLS_CERT_ALTNAME_INVALID
40382,as48447.net,ENOTFOUND
40363,ciade.cc,http_404
40393,lhh.com,http_404
40396,mlycdn.com,ENOTFOUND
40397,obsec.us,http_200
40399,teddymobile.cn,http_404
40406,ab-ct.ru,http_403
40402,geevisit.com,http_404
40408,vfcarbon.com,ENOTFOUND
40405,ikentoo.com,http_200
40412,linkmeter.net,http_404
40411,unimap.edu.my,http_400
40414,diageo.com,http_403
40413,iveco.com,http_200
40348,makemytrip.global,timeout
40424,goftino.com,http_404
40430,affilimatejs.com,ENOTFOUND
40432,sssrr.org,ENOTFOUND
40433,wyzeiot.com,http_520
40434,kunmanga.com,http_403
40435,datacenter.no,ECONNREFUSED
40441,turizm.ru,http_403
40442,penpencil.co,http_520
40448,mbrd.ru,ENOTFOUND
40449,adacor.net,ERR_SSL_TLSV1_UNRECOGNIZED_NAME
40450,americangreetings.com,http_404
40452,simplesvg.com,http_200
40455,ipw.cn,ENOTFOUND
40456,gov.ab.ca,ERR_TLS_CERT_ALTNAME_INVALID
40458,tghn.org,http_404
40391,iwc.com,timeout
40462,fleetfarm.com,http_403
40470,cloudcdns.com,ECONNREFUSED
40403,samsung.net,timeout
40475,shrsl.com,http_200
40473,wgrz.com,http_200
40477,speedstream.info,ENOTFOUND
40480,hosterion.net,ERR_TLS_CERT_ALTNAME_INVALID
40482,caasbbva.com,ENOTFOUND
40484,morganstanley.net,ERR_TLS_CERT_ALTNAME_INVALID
40485,smart.com.ph,http_200
40491,vip-site1.ru,http_404
40494,dramawavew2a.com,http_404
40498,z-dn.net,ENOTFOUND
40419,kalayservice.com,timeout
40497,intred.it,http_403
40501,nortonlifelock.com,http_200
40502,modhost.pro,http_404
40503,raiderio.net,http_200
40505,mybluesun.ch,ECONNRESET
40507,eastpak.com,http_403
40504,ageroyx.ru,http_404
40508,zenimpact.io,ENOTFOUND
40511,online.church,http_200
40512,vshcdn.net,ENOTFOUND
40513,freeola.net,ERR_TLS_CERT_ALTNAME_INVALID
40517,tildacdn.net,ENOTFOUND
40520,shorttv.app,ENOTFOUND
40525,fanart.tv,http_403
40527,airpaymobile.com,ENOTFOUND
40463,voxcinemas.com,timeout
40532,wproxier.in,ENOTFOUND
40534,nintendo.fr,http_200
40510,dnainternet.fi,ENOTFOUND
40537,bizkaia.eus,UNABLE_TO_VERIFY_LEAF_SIGNATURE
40539,elmueble.com,http_403
40541,videoo.tv,http_404
40540,chirpbooks.com,http_403
40543,starface-cloud.com,ECONNREFUSED
40547,unisvg.com,http_200
40544,inprotect.ru,http_404
40548,leadership.ng,http_403
40489,netbynet.ru,timeout
40556,norc.org,http_404
40526,qiangeyuan.com,ENOTFOUND
40558,esportesdasorte.com,http_403
40499,bangkokbank.com,timeout
40555,syseleven.net,http_200
40564,eventbus.me,ENOTFOUND
40565,dga.jp,ENOTFOUND
40568,webelements.com,http_403
40570,hancinema.net,http_403
40569,hostbaron.com,http_200
40575,odeon.co.uk,http_403
40576,emergentagent.com,http_200
40577,lls.org,http_403
40578,likeboost.net,http_200
40581,mtak.hu,ERR_TLS_CERT_ALTNAME_INVALID
40580,pdc.edu,UNABLE_TO_VERIFY_LEAF_SIGNATURE
40584,royalholloway.ac.uk,http_404
40586,awsdns-cn-09.biz,ENOTFOUND
40587,chillibeans.com.br,http_200
40549,wni.co.jp,ENOTFOUND
40592,maissbt.com,http_403
40600,secureservercdn.net,ERR_TLS_CERT_ALTNAME_INVALID
40599,rmm9.ru,http_404
40602,csx.com,http_403
40604,hardwareluxx.de,http_404
40605,findmypast.co.uk,http_403
40608,prijsmepper.nl,http_404
40610,media01.eu,http_404
40616,wxfengxin.com,ENOTFOUND
40619,pwpnotif.com,http_404
40620,paranid.net,ENOTFOUND
40559,bybit.eu,timeout
40618,bancochile.cl,UND_ERR_SOCKET
40626,shadowverse-wb.jp,ENOTFOUND
40627,liquidlight.uk,ENOTFOUND
40572,qihoo.net,timeout
40629,flash-dash.net,http_404
40630,voyager.net,ERR_TLS_CERT_ALTNAME_INVALID
40638,srvqck27.com,ECONNRESET
40585,cmrkcpa.com,timeout
40644,work.ink,http_403
40645,datanode-internal.net,http_200
40625,ethiotelecom.et,UNABLE_TO_VERIFY_LEAF_SIGNATURE
40650,kovrov.net,http_404
40643,dongqiudi.com,http_567
40654,onvanilla.net,ENOTFOUND
40657,xyydnode.com,ENOTFOUND
40658,fitauto.ru,http_404
40651,ifengimg.com,http_200
40672,suspendedaccount.com,ERR_SSL_TLSV1_UNRECOGNIZED_NAME
40675,southasiabp.online,ENOTFOUND
40607,ipowerdns.com,timeout
40683,sskzlabs.com,ENOTFOUND
40684,lee.com,http_403
40685,t-x.io,ENOTFOUND
40687,banhq.com,ENOTFOUND
40688,microsoft-falcon.net,ENOTFOUND
40677,ird.gov.hk,http_404
40695,tumogle.tech,ENOTFOUND
40698,us-local.com,ENOTFOUND
40699,blogproducer.com,http_403
40696,paperswithcode.com,http_200
40700,reef2reef.com,http_403
40649,prq.to,ENOTFOUND
40706,intermountainhealthcare.org,http_403
40708,disqometer.com,ENOTFOUND
40707,vsw.ru,ERR_TLS_CERT_ALTNAME_INVALID
40714,clearipdns.shop,ECONNREFUSED
40710,iras.gov.sg,http_404
40724,chicagomag.com,http_403
40725,flydns.net,ENOTFOUND
40727,saylor.org,http_404
40728,buytickets.at,http_404
40729,gccrunchyroll.com,ENOTFOUND
40731,u-buy.jp,http_403
40732,foleon.com,http_200
40737,sams-sigma.com,http_404
40736,liteorange.co,http_200
40743,neliti.com,http_403
40705,sc163.net,ENOTFOUND
40738,mrbonus.com,ERR_SSL_WRONG_VERSION_NUMBER
40754,icecast.org,http_404
40703,hoteis.com,timeout
40756,pruffme.ru,ERR_TLS_CERT_ALTNAME_INVALID
40758,clusterdns.co.za,ECONNREFUSED
40755,bvconline.com.ar,http_200
40723,oo7.jp,timeout
40760,webspace-host.com,ENOTFOUND
40765,instaon.com,http_404
40735,tb12367.com,timeout
40769,atualblog.com,http_403
40774,fixuresrethink.cfd,ENOTFOUND
40768,kgbinternet.com,http_404
40773,ku.edu.tr,http_403
40744,bioimagingcore.be,timeout
40779,club-internet.fr,ERR_TLS_CERT_ALTNAME_INVALID
40781,gov-img.site,ENOTFOUND
40782,adriahost.com,http_404
40777,city8.com,ENOTFOUND
40785,wemember.io,ENOTFOUND
40748,oc3n.net,timeout
40788,uaepass.ae,http_200
40795,anty-proxy-checker.com,ENOTFOUND
40796,eventive.org,http_404
40797,ip6-servers.arpa,ENOTFOUND
40798,nita.gov.gh,http_404
40771,inetia.pl,timeout
40803,motherlessmedia.com,ENOTFOUND
40802,target2sell.com,http_200
40800,nara-wu.ac.jp,http_404
40776,c9w.net,timeout
40805,jackbox.tv,http_200
40810,monsterhunter.com,http_403
40808,zhukao.com.cn,http_404
40809,stpi.in,SELF_SIGNED_CERT_IN_CHAIN
40811,gemius.com,http_404
40815,simnet.is,http_200
40818,openticket.tech,http_404
40820,serverdomus.com,ECONNREFUSED
40813,upinuke.com,http_404
40817,artistecard.com,CERT_HAS_EXPIRED
40829,bytetcc.com,ENOTFOUND
40827,ecb.co.uk,http_404
40832,rmzsglng.com,http_403
40835,praca.gov.pl,http_404
40837,coolermaster.com,http_200
40842,workers-infra.com,ENOTFOUND
40844,deac.lv,http_200
40845,cosmosmagazine.com,http_403
40847,webvault.com.au,http_404
40853,chinapornoxxx.com,http_403
40790,uonbi.ac.ke,timeout
40849,sonthuy.com.vn,ENOTFOUND
40855,muzmart.com,CERT_HAS_EXPIRED
40860,decitre.fr,http_403
40851,ekir.de,http_200
40865,gfgtech.com,ENOTFOUND
40874,knu.ac.kr,http_404
40878,by.ru,http_200
40876,cupshow.com.cn,ENOTFOUND
40884,otr-online.ru,http_403
40880,hkbnes.net.hk,ENOTFOUND
40886,wetterzentrale.de,http_404
40869,kmip.org.cn,http_403
40888,wbmdstatic.com,ENOTFOUND
40892,111500.xyz,ENOTFOUND
40894,m-pesa.com,ENOTFOUND
40897,freenss.com,ENOTFOUND
40872,ercdn.net,timeout
40902,nplindia.org,http_404
40901,pbtech.co.nz,http_403
40909,dioco.io,ENOTFOUND
40852,woolworths.co.nz,timeout
40908,fishcloud.ru,http_404
40910,turingvideo.com,http_405
40885,acalog.com,timeout
40914,sofoot.com,http_403
40917,bartcons.com,ENOTFOUND
40916,redrobin.com,http_403
40915,lanic.net.la,ENOTFOUND
40925,green-ads.net,ENOTFOUND
40926,mbidinp.com,ENOTFOUND
40895,iif.hu,ENOTFOUND
40924,jimmychoo.com,http_403
40932,moe.edu.sg,ENOTFOUND
40930,zwcloud.wang,ENOTFOUND
40939,botdb.win,http_200
40936,njjjmrbq.com,http_404
40944,gpteng.co,ENOTFOUND
40940,spark-rostov.ru,DEPTH_ZERO_SELF_SIGNED_CERT
40946,wanderu.com,http_403
40947,nic.global,ERR_TLS_CERT_ALTNAME_INVALID
40948,dasreda.ru,http_403
40950,tvs-media.com,ENOTFOUND
40951,valuepenguin.com,http_403
40955,singulart.com,http_403
40956,saj-solar.com,ERR_TLS_CERT_ALTNAME_INVALID
40887,famous3.top,timeout
40958,shopifycdn.net,http_200
40961,spacefree.space,ENOTFOUND
40964,uno-geo-dns.com,ENOTFOUND
40967,bcytua.cc,ENOTFOUND
40972,flipox.com,http_521
40975,wpshsdk.com,ENOTFOUND
40976,srafcloud.com,ENOTFOUND
40971,caudjlab.com,http_404
40979,metaxplay.com,http_404
40945,comcor.ru,ENOTFOUND
40984,hartfordmedia.cloud,http_200
40986,tvtime.com,http_200
40987,tipico.com,http_200
40990,gov-murman.ru,http_403
40992,youtrack.cloud,http_200
40980,taipower.com.tw,http_202
40994,dominiofaidate.com,http_404
41001,playhq.com,http_403
41002,sanparks.org,http_403
41005,wttr.io,ENOTFOUND
40998,hochiminhcity.gov.vn,http_200
40943,sunellddns.com,timeout
41011,zephrcf.com,http_502
41009,gerrys.net,http_404
41015,adapta.one,ENOTFOUND
41017,avto.pro,http_403
41016,kens5.com,http_200
41026,justeat.it,http_403
41024,easynews.com,UNABLE_TO_VERIFY_LEAF_SIGNATURE
41029,acemlna.com,http_404
41027,ifrn.edu.br,CERT_HAS_EXPIRED
41013,nyrr.org,err
41034,eturbonews.com,http_403
40965,scorser.com,timeout
41035,icd10data.com,http_403
41040,equinox.io,http_200
41042,hypernode.com,http_404
41046,trade-britanica.trade,ENOTFOUND
41053,gravityshavings.net,ENOTFOUND
41057,safestcdn.com,ENOTFOUND
41048,coza.net.za,http_200
41060,hirugdil.com,http_404
41058,scifi.com,ERR_TLS_CERT_ALTNAME_INVALID
41063,wishabi.com,http_404
41066,parse.com,http_200
41065,amplifi.com,http_200
41068,worldtravelawards.com,http_403
41069,myworkdaysite.com,ENOTFOUND
41073,liveatc.net,http_403
41074,edge2befaster.io,ENOTFOUND
41025,minuporno.com,http_404
41072,twidec913.com,ECONNREFUSED
41075,awsdns-cn-46.com,ENOTFOUND
41078,sleepjar.com,http_200
41082,songswave.com,http_403
41083,archi.fr,ENOTFOUND
41080,egcloud.gov.eg,ENOTFOUND
41089,montiapm.com,http_404
41094,minimed.eu,ECONNREFUSED
41100,couplejoyapp.com,http_404
41104,ubuy.mv,http_403
41105,obitalk.com,http_200
41102,trabalho.gov.br,UNABLE_TO_VERIFY_LEAF_SIGNATURE
41107,yosmart.com,http_200
41112,mauve.cloud,ENOTFOUND
41118,blue-blogs.com,http_403
41119,livebloggs.com,http_403
41117,secure-platform.com,http_200
41113,awsdns-cn-51.cn,ENOTFOUND
41124,zolo.ca,http_403
41123,vivre.eu,http_200
41132,hkrtcdn.com,ENOTFOUND
41133,ecr.aws,http_404
41050,telconet.net,timeout
41135,cellufun.com,UNABLE_TO_VERIFY_LEAF_SIGNATURE
41122,queniuhy.com,ENOTFOUND
41079,wideopenwest.com,timeout
41139,ocms.dev,ENOTFOUND
41143,ttdnsa.com,ENOTFOUND
41128,hobot.cc,timeout
41138,malevich7.top,ENOTFOUND
41149,dapurhosting.net,CERT_HAS_EXPIRED
41130,agriculture.gov.au,timeout
41145,torrentsnipe.info,timeout
41152,webpush.jp,http_404
41154,iiko.tech,ERR_TLS_CERT_ALTNAME_INVALID
41144,mingshuo.top,timeout
41136,asu.ru,timeout
41162,prisasd.com,ENOTFOUND
41163,forhims.com,http_403
41158,casio-intl.com,http_404
41155,oskwai.com,DEPTH_ZERO_SELF_SIGNED_CERT
41157,mypurecloud.com.au,http_500
41160,ctbcbank.com,http_200
41173,speedstream.click,ENOTFOUND
41172,scarlet.be,http_200
41176,wusel.network,http_200
41180,cyrady.com,ENOTFOUND
41181,nmlsconsumeraccess.org,http_403
41183,motpaks.com,http_404
41184,nudostar.tv,http_404
41186,descope.app,ENOTFOUND
41189,nowabst.net,http_403
41178,pccu.edu.tw,http_404
41188,qlivecdn.cn,ENOTFOUND
41190,brandalley.co.uk,http_403
41195,vpn.partners,ENOTFOUND
41196,tbs.com,http_200
41199,geo-online.co.jp,http_403
41197,gardatech.ru,http_403
41200,mymusic2025.com,http_404
41209,gameflare.io,ENOTFOUND
41221,salla.network,ENOTFOUND
41224,repairpal.com,http_403
41226,netflixstudios.com,ERR_SSL_TLSV1_ALERT_INTERNAL_ERROR
41228,cityspark.com,http_404
41229,aiqua.io,http_403
41230,kemenkeu.go.id,http_500
41231,microsof.net,http_404
41194,b254.com,timeout
41202,tstt.net.tt,timeout
41236,govsalaries.com,http_403
41205,etpgpb.ru,timeout
41237,ctc.edu,ENOTFOUND
41239,hellomillions.com,http_403
41243,theperfumeshop.com,http_403
41245,mousegesturesapi.com,ENOTFOUND
41246,tech-naumovfq.ru,ERR_TLS_CERT_ALTNAME_INVALID
41248,bmtrck.com,http_404
41249,adverts.ie,http_403
41251,ambien-blog.com,http_403
41260,cdx-edge.com,ENOTFOUND
41257,mman.kr,http_404
41263,globalpoker.com,http_200
41264,smiletemplates.com,http_403
41216,ispvds.com,timeout
41269,wsssec.com,ENOTFOUND
41273,sandbox.game,http_403
41275,travelpulse.com,http_403
41276,samsclubimages.com,ENOTFOUND
41252,abc188.com,ENOTFOUND
41278,tubi.tv,http_200
41262,arcor-ip.de,ENOTFOUND
41285,juul.com,http_404
41288,tums.ac.ir,err
41291,transfermarkt.co.in,http_200
41299,iddg.io,ENOTFOUND
41301,gmoserver.jp,http_404
41302,xrtb.io,ENOTFOUND
41258,attens.net,timeout
41261,bidmyadz.com,timeout
41306,layer6.net,CERT_HAS_EXPIRED
41305,admeridianads.com,http_404
41307,rotero.vc,ENOTFOUND
41308,httpstat.us,ECONNRESET
41310,globehosting.net,http_200
41304,armcloud.net,http_404
41315,umblr.com,http_404
41320,youstarsbuilding.com,ENOTFOUND
41322,ebsco-assets.com,ENOTFOUND
41323,grooveshark.com,ENOTFOUND
41274,gaiasite.com.br,timeout
41332,under9.co,ENOTFOUND
41335,tnkjmec.com,ENOTFOUND
41293,syntelsolutions.com,ENETUNREACH
41334,warc.com,http_200
41340,img-place.com,http_404
41339,ula.ve,UNABLE_TO_VERIFY_LEAF_SIGNATURE
41314,centcom.mil,http_403
41351,awsdns-eusc-60.nl,ENOTFOUND
41352,aestatic.net,ERR_SSL_SSL/TLS_ALERT_HANDSHAKE_FAILURE
41326,stanford.ru,ENOTFOUND
41359,wowjobs.ca,http_403
41362,pia.co.jp,http_404
41365,stories.com,http_403
41366,manhwaclan.com,http_403
41370,throne.com,http_429
41346,netsmartcloud.com,timeout
41374,retagro.com,http_200
41375,spdb.com.cn,ENOTFOUND
41378,coachella.com,http_404
41379,supleks.jp,http_403
41381,box-feat-53d1c.com,ENOTFOUND
41380,blue.net,http_200
41382,aliceadsl.fr,ERR_TLS_CERT_ALTNAME_INVALID
41384,qsablc.com,ENOTFOUND
41364,shadownet.pro,ERR_TLS_CERT_ALTNAME_INVALID
41389,brandymelville.com,http_404
41367,marktplaats.com,http_200
41390,matchfactory.com,http_200
41392,tempurl.host,ENOTFOUND
41394,buildabear.com,http_403
41395,d2dragon.net,ENOTFOUND
41344,webfaction.com,timeout
41398,uota.xyz,ENOTFOUND
41354,xn--fiqz3fu6de3b63agzw9z8g.com,timeout
41407,dwdns.net,ENOTFOUND
41409,smartolt.com,http_404
41416,ats-telecom.ru,http_403
41418,31gamestudio.com,http_404
41419,mei.edu,http_403
41420,altardstate.com,http_403
41423,cu.edu.eg,UNABLE_TO_GET_ISSUER_CERT_LOCALLY
41421,bgportable.com,http_404
41393,ezhostingserver.com,ENOTFOUND
41425,ireland.ie,http_403
41424,deia.eus,http_406
41428,greencolumnblog.com,ENOTFOUND
41432,sarenza.com,http_403
41435,es-pio.net,ENOTFOUND
41434,iiqapps.com,ECONNRESET
41438,clink-lists.com,ENOTFOUND
41442,eu-startups.com,http_403
41441,bls.dev,http_403
41444,nktrdr.com,http_403
41437,threembb.co.uk,ENOTFOUND
41447,amon1.net,ENOTFOUND
41448,xxxivjmp.com,http_403
41445,itworld.com,http_200
41450,playablefactory.app,ERR_TLS_CERT_ALTNAME_INVALID
41454,bloggerswise.com,http_403
41456,onclckip.com,http_404
41458,linesdks.com,ENOTFOUND
41451,3dcartstores.com,http_200
41459,youcontrol.com.ua,http_403
41386,aep.com,timeout
41469,world-weather.info,http_403
41467,lypassion.cn,ENOTFOUND
41473,controldns.mx,ENOTFOUND
41474,firstmonday.org,http_404
41478,bluetracktor.com,http_403
41471,khamenei.ir,http_403
41483,11ctch.com,http_404
41400,cmfchile.cl,timeout
41484,appcreator24.com,http_404
41488,slicedrive.com,http_200
41487,cardpointe.com,http_404
41490,acgtracker.com,http_200
41482,canonet.ne.jp,http_404
41493,freeserviceplays.com,http_200
41499,pressandjournal.co.uk,http_403
41504,februaent.com,http_403
41496,wz3mjjcztm.com,ERR_SSL_TLSV1_ALERT_INTERNAL_ERROR
41506,pobeer.com,http_403
41508,wirevpn.io,ENOTFOUND
41509,ijoysoftconnect.com,ECONNREFUSED
41514,americanmusical.com,http_405
41521,dgameglobal.com,ENOTFOUND
41524,889dns.com,ENOTFOUND
41511,boum.org,ENETUNREACH
41526,contest.com,http_404
41497,oneplus.net,timeout
41534,aweray.net,ENOTFOUND
41530,lankunkj.com,CERT_HAS_EXPIRED
41540,kurogame-service.com,ENOTFOUND
41544,crmls.org,http_200
41546,newfold.com,http_403
41470,epm.net.co,timeout
41547,n0qq3z.com,ENOTFOUND
41551,avkn.co,http_404
41553,22xploitercrew.com,http_404
41556,kznexpess.com,ENOTFOUND
41557,ops.co,http_404
41532,mdchat.me,timeout
41558,shelter.org.uk,http_404
41563,ffb7df5a878b59e42e257c042f54bed2.com,ENOTFOUND
41507,rankfirsthosting.net,timeout
41549,slotsnplay.org,timeout
41552,edudns-a2.edu.tw,timeout
41554,sempre.tec.br,timeout
41577,croix-rouge.fr,http_200
41579,cyudun.net,SELF_SIGNED_CERT_IN_CHAIN
41580,reliancest.com,ECONNREFUSED
41585,nitroflare.com,http_200
41564,dns1.hu,timeout
41567,fldoe.org,http_403
41594,blogadvize.com,http_403
41588,hostasaurus.com,http_200
41602,gamerantimages.com,ENOTFOUND
41604,169.in-addr.arpa,ENOTFOUND
41605,vadesecure.com,http_200
41608,hostedxl.nl,http_200
41606,hificode.in,DEPTH_ZERO_SELF_SIGNED_CERT
41610,slanrf.com,CERT_HAS_EXPIRED
41619,myvue.com,http_403
41618,machinio.com,http_403
41622,owphbf24.com,ECONNRESET
41624,vertikal-net.ru,CERT_HAS_EXPIRED
41632,grapheneos.network,http_404
41639,awsli.com.br,ENOTFOUND
41641,kinepolis.com,http_403
41647,csublogs.com,http_403
41649,ukranews.com,http_403
41637,fesco.com,http_200
41642,dsports.co,http_404
41651,creacionblog.com,http_403
41615,dns3.hu,timeout
41661,e-food.gr,http_403
41666,vercel-dns-0.com,http_404
41667,tsp.gov,http_403
41609,hknet.com,timeout
41670,bytedanceapi.com,ENOTFOUND
41671,octlib.com,ENOTFOUND
41669,shu.edu.cn,http_404
41673,aecloud.io,ENOTFOUND
41677,hobbyking.com,http_403
41664,rivergame.net,http_404
41681,michigan.org,http_403
41652,merckmillipore.com,timeout
41657,soundhouse.co.jp,timeout
41687,fantasynamegenerators.com,http_200
41658,convex.ru,timeout
41685,security-sbrf.ru,ENOTFOUND
41693,domainseller.ru,ECONNREFUSED
41689,bxtag.com,ENOTFOUND
41698,utdstc.com,http_404
41702,twoplustwo.com,http_200
41704,elitescastle.com,ECONNREFUSED
41714,linesso.com,ENOTFOUND
41715,doitbest.com,http_406
41716,nexttop.net,ENOTFOUND
41717,kanbkam.com,http_403
41676,peerycli.com,timeout
41718,adfurikun.jp,http_404
41680,electrolux.com,timeout
41728,meari.com.cn,ENOTFOUND
41726,senai.br,CERT_HAS_EXPIRED
41731,quadpay.com,http_404
41734,tiktokglobalshop.com,http_200
41712,bitwarden.eu,timeout
41733,hrmos.co,http_404
41738,jysjxjn.com,ENOTFOUND
41742,vzuu.com,ECONNREFUSED
41743,mox.tv,http_404
41740,creditcloud.com,http_403
41745,ztna3p-msedge.net,ENOTFOUND
41747,instaninna.ru,ENOTFOUND
41750,privateadserver.com,http_521
41706,rtl-hbbtv.de,timeout
41752,totvs.app,http_200
41758,qualiclicks.com,http_404
41710,happysrv.de,timeout
41759,any.do,http_404
41762,cckmnd.com,ENOTFOUND
41770,srv00.com,ERR_TLS_CERT_ALTNAME_INVALID
41773,ascendeummedia.com,ENOTFOUND
41772,telkomsa.net,http_404
41776,1111343.com,ENOTFOUND
41775,fitmentindustries.com,http_405
41779,homenetiol.com,http_404
41780,bxjddjt.com,ECONNREFUSED
41790,nimg.jp,ENOTFOUND
41746,rjf.com,timeout
41785,condenast.com,http_200
41794,foxiceberg.com,http_200
41753,ur.com,timeout
41799,miramiyujmo.ru,ENOTFOUND
41801,china-embassy.org,ENOTFOUND
41804,hol.es,ENOTFOUND
41808,memri.org,http_403
41807,blablacar.com.br,http_403
41811,nrservice.ru,http_403
41818,wdsu.com,http_451
41820,rong-edge.com,ENOTFOUND
41821,antitspu.com,ENOTFOUND
41823,azuredns-ff.info,ENOTFOUND
41825,netfilter.org,http_404
41827,metro-marketplace.cloud,ENOTFOUND
41829,scarf.sh,http_200
41836,fjsen.com,http_404
41838,technogym.com,http_403
41840,bradfordexchange.com,http_403
41786,opentable.ca,timeout
41843,palomar.edu,http_200
41841,hyundaicard.com,ERR_SSL_UNSAFE_LEGACY_RENEGOTIATION_DISABLED
41848,dealeraccelerate.net,http_404
41850,blogrenanda.com,http_403
41845,umusic.com,http_200
41851,aptible.in,ENOTFOUND
41842,ec-it.ir,ENOTFOUND
41853,bukkit.org,http_403
41849,cmbc.com.cn,http_200
41858,cu.edu.tr,http_404
41852,softether-download.com,http_404
41855,w12app.com.br,http_404
41860,protocol.com,http_404
41865,cebbank.com,ENOTFOUND
41872,pedidosya.com,http_404
41883,justveryok.com,ENOTFOUND
41878,airrsv.net,http_404
41885,onestartapi.com,http_404
41884,awsdns-cn-48.com,ENOTFOUND
41886,blogrelation.com,http_403
41888,nissannews.com,http_202
41893,jp1media.com,ENOTFOUND
41891,adobe.co.jp,ERR_TLS_CERT_ALTNAME_INVALID
41894,unico.app,ENOTFOUND
41819,adidas.fr,timeout
41899,minecraftcommand.science,ERR_TLS_CERT_ALTNAME_INVALID
41900,teleproxy.ru,http_502
41901,cool.ne.jp,ENOTFOUND
41903,knorr.com,http_403
41908,cjpowered.com,ENOTFOUND
41911,pokewiki.de,http_404
41910,dukascopy.com,http_200
41917,apolloprogram.io,http_404
41921,dynamicdrive.com,UNABLE_TO_GET_ISSUER_CERT_LOCALLY
41877,cafonline.com,http_404
41881,mindtouch.us,http_200
41924,zipair.net,http_403
41933,alza.sk,http_403
41934,napps-3.com,http_403
41937,serveteck.com,http_404
41938,sagaftra.org,http_403
41946,toshiba-solutions.com,http_404
41948,hippoobox.com,http_200
41905,tuttocampo.it,http_403
41947,cardbaobao.com,ERR_TLS_CERT_ALTNAME_INVALID
41956,qwtag.com,ENOTFOUND
41958,nxvms.cloud,ENOTFOUND
41957,bladi.net,http_200
41960,halifax.co.uk,http_200
41915,ecitic.com,timeout
41961,scientific-programs.science,UNABLE_TO_GET_ISSUER_CERT_LOCALLY
41964,noembed.com,http_200
41963,arcanum.com,http_403
41970,chownow.com,ERR_SSL_SSL/TLS_ALERT_HANDSHAKE_FAILURE
41969,ifo.de,http_200
41972,msrareservices.com,ENOTFOUND
41974,bukalapak.com,http_406
41976,hearst.io,ENOTFOUND
41962,metinfo.cn,ERR_TLS_CERT_ALTNAME_INVALID
41980,easyslimnow.store,http_200
41981,ebndns.com,http_404
41989,dnsfree.net,ENOTFOUND
41993,ablivimkes.com,http_404
41996,volvocars.biz,ENOTFOUND
41999,mqdngd.com,ENOTFOUND
41998,unmixed.ru,ERR_TLS_CERT_ALTNAME_INVALID
42008,adobecontent.io,ENOTFOUND
42006,ingent.net,http_200
42012,entsvcs.com,ENOTFOUND
42014,cleversite.ru,http_403
42015,auth.com,ENOTFOUND
42016,sanaws.com,ENOTFOUND
41939,zog.link,timeout
42023,crainsdetroit.com,http_403
42021,centanet.com,ENOTFOUND
42032,messenger-club.xyz,ENOTFOUND
42035,kioskdns.com,ENOTFOUND
42036,cite-sciences.fr,http_200
41965,elektroda.pl,timeout
42041,hypovereinsbank.de,http_403
42039,wirevpn.cc,http_502
42007,nsgodo.com,timeout
42031,iviewer.com,ERR_TLS_CERT_ALTNAME_INVALID
42042,glowapp.vip,ENOTFOUND
42046,tiff.net,http_202
42044,v6.rocks,ENOTFOUND
42045,nissandime.com,http_404
42053,stariidata.com,ENOTFOUND
42057,skinmc.net,http_403
42052,jnir.my,http_404
42058,ssgportal.com,ENOTFOUND
42061,outdoorsy.com,http_403
41994,vuitton.biz,timeout
42064,awsdns-cn-30.net,ENOTFOUND
42062,orangepi.org,ENOTFOUND
42068,libyanspider.net,CERT_HAS_EXPIRED
42074,gjigle.com,http_404
42073,netmap.top,http_404
42076,gabia.net,ERR_SSL_UNSUPPORTED_PROTOCOL
42086,mt.lv,http_404
42085,mandiant.com,http_200
42090,barilla.com,http_403
42093,xxxramenshopfun.lol,ENOTFOUND
42054,ns.dp.ua,timeout
42100,citizendium.org,http_403
42091,tytdhqsyd.com,ERR_SSL_TLSV1_ALERT_INTERNAL_ERROR
42098,bilh.org,ERR_SSL_UNSAFE_LEGACY_RENEGOTIATION_DISABLED
42097,appocean.media,http_404
42103,aa.net.uk,http_404
42108,sciencewiki.science,UNABLE_TO_GET_ISSUER_CERT_LOCALLY
42099,gxnews.com.cn,http_305
42106,sanqinghuanbao.cn,http_404
42116,astrosurf.com,ECONNREFUSED
42112,indels-a.app,http_404
42115,rxrtb.com,http_200
42118,vidara.to,http_404
42122,appliancepartspros.com,http_403
42104,ksant.cn,ECONNRESET
42125,websky.aero,http_404
42126,gazeus.com,http_404
42128,samberi.com,http_777
42132,q8y5z.com,http_200
42134,avp.tech,ERR_TLS_CERT_ALTNAME_INVALID
42133,next.co.il,http_403
42139,httpoxy.org,http_404
42131,swinburne.edu.au,http_200
42146,edjoin.org,http_404
42145,primus.ca,http_403
42148,gallaudet.edu,http_403
42151,urbndata.com,ENOTFOUND
42143,strvtech.net,ENOTFOUND
42141,odn.ad.jp,ERR_TLS_CERT_ALTNAME_INVALID
42157,weathertech.com,http_403
42159,xervcwfsk.com,ENOTFOUND
42158,manufrog.com,http_200
42160,vivaia.com,http_403
42168,valueactive.eu,ENOTFOUND
42165,ksyunjiasu.cn,ENOTFOUND
42170,msccruisesusa.com,http_403
42166,usen.com,http_404
42172,cchaxcess.com,ENOTFOUND
42177,adnods.com,ENOTFOUND
42176,sherpa.ac.uk,http_403
42173,lemoniteur.fr,http_403
42183,auto-doc.fr,http_403
42186,360training.com,http_403
42175,din.or.jp,http_404
42193,viriciti.com,http_200
42195,cloud-vk.com,ENOTFOUND
42192,sina.com.hk,CERT_HAS_EXPIRED
42201,kinepolis.lu,http_403
42202,equatorialenergia.com.br,http_403
42208,passline.com,http_403
42207,imguol.com,http_404
42212,pegadaian.co.id,http_403
42214,srafx.com,CERT_HAS_EXPIRED
42211,intermesh.net,ERR_TLS_CERT_ALTNAME_INVALID
42142,oyster.net.ck,timeout
42218,lbesecapi.com,ENOTFOUND
42219,qhoster.net,CERT_HAS_EXPIRED
42221,nsureapi.com,ENOTFOUND
42223,ahml.ru,http_403
42229,webawere.nl,http_404
42179,guam.net,timeout
42231,hobbycraft.co.uk,http_403
42182,stroeermb.de,timeout
42236,examsoft.com,http_502
42237,agl007.site,ENOTFOUND
42238,hellobar.com,http_403
42241,ntpns.org,ENOTFOUND
42239,nic.email,ERR_TLS_CERT_ALTNAME_INVALID
42243,sheridanc.on.ca,ENOTFOUND
42247,dnsomatic.com,http_404
42244,zvo.cn,ERR_TLS_CERT_ALTNAME_INVALID
42248,heibao.bet,ENOTFOUND
42252,bookingholdings.com,http_403
42199,motel6.com,timeout
42216,trkhosting.com,ENOTFOUND
42230,msscdn.net,timeout
42261,merdeka.com,http_429
42271,taobao.org,ENOTFOUND
42272,policja.gov.pl,http_200
42274,infogreffe.fr,http_403
42275,av-test.org,http_404
42276,ruralking.com,http_403
42277,dnsxdp.com,ENOTFOUND
42278,botion.com,ENOTFOUND
42251,kesug.com,timeout
42283,netlifydns.com,ENOTFOUND
42256,md-hq.com,timeout
42285,nic.bio,ERR_TLS_CERT_ALTNAME_INVALID
42258,sprintlink.net,timeout
42295,ru.domains,ECONNREFUSED
42260,uams.edu,timeout
42308,ggs-dwh.com,ENOTFOUND
42264,inhancedcloud.com.au,timeout
42297,kagoshima-u.ac.jp,http_404
42307,worldshopping.jp,http_404
42306,sistema.ru,http_403
42312,1xlite-08668.world,ENOTFOUND
42311,targetadserver.com,CERT_HAS_EXPIRED
42318,vdyeli.com,http_403
42315,omnicloudpay.com,ENOTFOUND
42314,m2y8hkjw.com,http_403
42321,officialcharts.com,http_200
42324,magentamarketing.com,http_403
42326,chimebank.com,http_403
42330,intgdc.com,ENOTFOUND
42329,ecowitt.net,http_404
42332,seatguru.com,http_403
42333,kotvpn.net,http_200
42334,lainformacion.com,http_410
42335,promo.page,http_404
42338,raxcdn.com,ENOTFOUND
42343,car-cloud.org,ENOTFOUND
42323,zui.com,http_404
42345,onclckmn.com,ENOTFOUND
42349,pkbonline.ru,http_403
42353,eondns.com,ENOTFOUND
42355,red-shield.net,ECONNREFUSED
42348,celtra.io,ECONNRESET
42363,nosofiles.com,http_404
42365,axinet.fr,http_404
42366,td.org,http_429
42370,news-headlines.co,http_404
42378,ticketsource.co.uk,http_403
42380,excalls.mobi,ENOTFOUND
42381,ripleys.com,http_404
42384,webpushs.com,ENOTFOUND
42337,ynh.fr,ENOTFOUND
42386,livemarketshoppers.com,http_404
42382,thesims3.com,http_404
42389,teamapt.com,http_200
42376,bjahy.cn,ERR_TLS_CERT_ALTNAME_INVALID
42392,quironsalud.com,http_403
42394,connection.com,http_403
42400,rlwy.net,ENOTFOUND
42402,gov.ro,http_500
42408,janapw.com,ENOTFOUND
42409,stackvaults.com,http_404
42371,dzagi.net,ENOTFOUND
42412,wapo.pub,ENOTFOUND
42410,diary.ru,http_200
42413,zuiqiangyingyu.net,CERT_HAS_EXPIRED
42418,pvsvc.io,ENOTFOUND
42423,myradns.net,ENOTFOUND
42422,ludashi.com,http_404
42425,edu.ie,ENOTFOUND
42426,chunkstore.dev,ENOTFOUND
42427,initcc.com,ENOTFOUND
42432,imooc.com,http_567
42437,hicbc.com,http_404
42438,mytrafficmanagement.com,CERT_HAS_EXPIRED
42435,traderoad.net,CERT_HAS_EXPIRED
42414,piaggio.com,http_403
42439,mbbank.com.vn,http_200
42443,ninenovo.io,ENOTFOUND
42440,mindsphere.io,http_200
42387,secget.com,timeout
42390,analysiscloud.info,timeout
42445,mddservices.com,http_200
42453,19thnews.org,http_403
42449,flutter-io.cn,http_404
42454,avangard.ru,ERR_SSL_UNSAFE_LEGACY_RENEGOTIATION_DISABLED
42396,ottcn.com,timeout
42452,tracker810.xyz,DEPTH_ZERO_SELF_SIGNED_CERT
42458,ecombdstatic.com,ENOTFOUND
42463,ugmk-telecom.ru,http_403
42461,elementor.cloud,http_200
42467,vblogetin.com,http_403
42466,steelseriescdn.com,http_403
42464,m4c8.com,ERR_SSL_TLSV1_ALERT_INTERNAL_ERROR
42468,public.gr,http_403
42476,mywahosting.com,ECONNREFUSED
42477,loadingbay.com,http_404
42484,vedos.cz,http_401
42487,officedepot.com.mx,http_403
42488,nsprimario.com,ERR_TLS_CERT_ALTNAME_INVALID
42492,checko.ru,http_429
42494,ntt-east.co.jp,http_404
42491,codefr.com,ENOTFOUND
42498,costco.co.jp,http_200
42457,esahubble.org,timeout
42471,luluhypermarket.com,timeout
42485,knology.net,timeout
42503,os4work.com,http_403
42505,duowan.com,http_404
42507,vonagebusiness.com,http_403
42508,quadranet.com,http_404
42502,vinnypuxtomoon.today,ENETUNREACH
42518,tvtoday.de,http_403
42517,uniasselvi.com.br,http_404
42519,financialmodelingprep.com,http_403
42524,newsfilecorp.com,http_404
42529,buscalibre.cl,http_405
42530,trendnet.com,http_200
42535,feicdn.net,ENOTFOUND
42532,knet.cn,ERR_TLS_CERT_ALTNAME_INVALID
42540,escorenews.com,http_403
42542,m3xs.net,http_404
42543,esat.net,ENOTFOUND
42544,fci.be,http_404
42546,netsample.com,http_404
42547,e-elgar.com,http_403
42521,rkomi.ru,timeout
42554,assurancewireless.com,http_403
42557,financnasprava.sk,http_200
42559,dlut.edu.cn,http_404
42563,sup.org,http_429
42564,cdnaccelerate.xyz,ENOTFOUND
42562,ucs.ru,http_200
42568,audiogon.com,http_403
42549,azure-dns.de,ENOTFOUND
42573,evolv.ai,http_401
42569,dnsprotect.com,DEPTH_ZERO_SELF_SIGNED_CERT
42575,highleverage.dev,ENOTFOUND
42578,barebones.com,http_404
42582,ripcm.com,ECONNREFUSED
42581,tosshub.com,http_403
42576,amiami.com,http_403
42583,online.gov.vn,EHOSTUNREACH
42584,banquemisr.com,http_200
42588,nissan-global.com,http_404
42591,assets.bradesco,http_404
42590,lsa-conso.fr,http_403
42593,blog-a-story.com,http_403
42595,builtbybit.com,http_403
42594,clashofcryptos.trade,UNABLE_TO_GET_ISSUER_CERT_LOCALLY
42597,mspremium.io,ENOTFOUND
42585,shwjsyfzgs.com,ERR_SSL_TLSV1_ALERT_INTERNAL_ERROR
42599,anjcdn.org,ENOTFOUND
42596,changzhi.top,http_200
42607,zeldadungeon.net,http_403
42604,iemiq.com,EHOSTUNREACH
42606,jovcloud.com,http_404
42612,revenuquebec.ca,http_403
42613,tuttocitta.it,http_403
42616,elnnap.com,ENOTFOUND
42609,domainsatcost.ca,http_200
42615,thezebra.com,http_403
42618,atdmt.com,ENOTFOUND
42623,bloggazza.com,http_403
42627,identitytheft.gov,http_200
42628,manymanuals-pt.com,http_403
42630,fipe.org.br,http_404
42634,dailyuploads.net,http_403
42636,streamlineddata.space,ENOTFOUND
42633,trex.media,ENOTFOUND
42638,zala.by,http_200
42642,moe.gov.eg,http_403
42646,iantem.io,ENOTFOUND
42651,cloudcdns.net,ECONNREFUSED
42652,npg.games,CERT_HAS_EXPIRED
42622,queniuiy.com,ENOTFOUND
42661,kinepolis.es,http_403
42668,vitalps.net,ENOTFOUND
42663,bradescoseguros.com.br,http_200
42673,redirectto.cc,http_403
42677,ecdn.am,ERR_SSL_TLSV1_ALERT_INTERNAL_ERROR
42678,sirena-travel.ru,http_200
42679,futurehost.pl,http_200
42682,hostedstatus.com,ERR_TLS_CERT_ALTNAME_INVALID
42689,gardenersworld.com,http_200
42659,se.com.sa,timeout
42692,consumercellular.com,http_403
42691,loilo.tv,http_200
42694,mfa.gov.il,http_403
42670,v-dns.de,timeout
42697,johnhancock.com,http_403
42696,without.ru,CERT_HAS_EXPIRED
42695,schwise.com,http_404
42701,snapcdn.app,http_200
42703,abuseat.org,http_200
42699,dns-diy.com,CERT_HAS_EXPIRED
42709,libraryjournal.com,http_403
42686,radianz.com,timeout
42713,architectmagazine.com,http_403
42712,cerner.com,http_200
42721,calottery.com,http_403
42722,lvh.me,ENOTFOUND
42726,bingviz.com,ENOTFOUND
42725,dotsrc.org,http_404
42730,myecalendar.com,http_404
42727,poast.org,http_200
42729,pzxrmyy.cn,ENOTFOUND
42732,dnsapi12.com,ENOTFOUND
42735,grabagun.com,http_403
42736,printfleetcdn.com,ENOTFOUND
42738,b2match.io,http_404
42739,haier.net,http_404
42741,ilsecoloxix.it,http_429
42742,strikinglycdn.com,ENOTFOUND
42745,atu.de,http_403
42743,shanghairanking.com,http_404
42749,juneworewyjyna.com,http_404
42708,shanxi.gov.cn,timeout
42751,blogpayz.com,http_403
42755,chasepaymentech.com,http_200
42756,agava.ru,http_200
42737,acma.gov.au,timeout
42758,kpnqwest.it,http_200
42767,kurogame.xyz,http_200
42769,300hu.com,http_200
42773,yalla.games,http_404
42779,bonn.de,http_403
42772,procempa.com.br,http_200
42785,ezzed.com,ERR_TLS_CERT_ALTNAME_INVALID
42788,bigcommerce.net,ERR_TLS_CERT_ALTNAME_INVALID
42789,er-api.com,http_200
42774,lerelaisinternet.com,http_404
42794,azal.az,http_403
42796,newbigblog.com,http_403
42781,frajussygbdq.cc,ENOTFOUND
42798,aboutbeautifulgallopinghorsesinthegreenpasture.online,CERT_HAS_EXPIRED
42803,elearnportal.science,UNABLE_TO_GET_ISSUER_CERT_LOCALLY
42805,xcottons.com,http_404
42806,snichvpn.ru,ERR_TLS_CERT_ALTNAME_INVALID
42807,orenobl.ru,http_403
42809,smotriege.ru,http_406
42819,istole.it,ENOTFOUND
42818,cloud.goog,ENOTFOUND
42821,xeovo.net,ENOTFOUND
42817,xmjunli.com,ERR_TLS_CERT_ALTNAME_INVALID
42786,parsianhost.net,timeout
42829,nic.jobs,DEPTH_ZERO_SELF_SIGNED_CERT
42826,korg.com,http_404
42832,babeljs.io,http_404
42836,logo.dev,http_429
42845,s1q2105.com,ENOTFOUND
42848,sabic.com,http_406
42855,elive.fans,http_200
42837,natura.net,timeout
42857,dongleauth.info,ENOTFOUND
42861,l040z.com,ENOTFOUND
42846,tracker.sh,timeout
42864,ventrata.com,http_404
42865,swiftypecdn.com,ENOTFOUND
42863,ufcg.edu.br,UNABLE_TO_VERIFY_LEAF_SIGNATURE
42869,dokuwiki.stream,http_200
42870,lifestyleasia.com,http_403
42867,cattelecom.com,ECONNRESET
42876,bytelemon.com,ENOTFOUND
42878,pdqprod.link,ENOTFOUND
42886,mcgraw-hill.com,ECONNREFUSED
42885,buttinette.com,http_404
42889,herbgreencolumn.com,ENOTFOUND
42890,fiba3x3.com,http_403
42892,onclcktg.com,ENOTFOUND
42895,runetki6.com,http_403
42894,kzn.ru,http_403
42897,purexbox.com,http_403
42893,recochoku.jp,http_403
42900,masrfjlqg.com,ECONNREFUSED
42902,dgdeepai.com,ENOTFOUND
42905,ntdns.de,ENOTFOUND
42906,grizzlyapps.com,http_200
42909,tu-muenchen.de,ERR_TLS_CERT_ALTNAME_INVALID
42914,win-blog.com,http_403
42919,forex.com,http_403
42922,122271.art,http_503
42923,chromeriver.com,http_404
42925,erlang.org,http_404
42926,dewa.gov.ae,http_403
42899,fireeyecloud.com,timeout
42929,platona.net,http_403
42910,pornfhd.com,timeout
42911,myftp.org,timeout
42933,demand.supply,http_404
42930,shhqmx.com,ERR_SSL_TLSV1_ALERT_INTERNAL_ERROR
42934,sixsenses.com,http_403
42940,edgedns.co,ENOTFOUND
42946,fullswingapps.com,http_204
42948,revolveassets.com,ENOTFOUND
42949,honeybot.click,CERT_HAS_EXPIRED
42950,rsk.co,http_200
42952,etimg.com,ENOTFOUND
42927,hpicorp.net,ENOTFOUND
42955,dayugslb.com,ENOTFOUND
42957,next.de,http_403
42956,lencdn.com,http_404
42959,getfirebug.com,http_200
42960,zol-img.com.cn,http_404
42964,freedominter.net,ENOTFOUND
42967,thalia.at,http_403
42969,web3-lab.com,ENOTFOUND
42951,epidc.co.kr,ENOTFOUND
42970,octotracking.com,http_200
42972,hotline.ua,UND_ERR_SOCKET
42954,onitsukatiger.com,http_200
42973,joann.com,http_403
42971,sogou-pdf.com,EHOSTUNREACH
42975,private.coffee,http_404
42974,softcan.net,ERR_TLS_CERT_ALTNAME_INVALID
42980,trackinglife2024.com,http_404
42982,fast4streamup.com,ENOTFOUND
42983,avira-update.com,ENOTFOUND
42986,ludokingapi.com,ENOTFOUND
42984,stolichki.ru,http_403
42990,servenobids.com,ENOTFOUND
42989,clngaa.com,DEPTH_ZERO_SELF_SIGNED_CERT
42992,gr-cdn.com,http_404
42994,jetbrains.space,http_503
42993,hortorgames.com,http_404
42997,dolphins-pearl-slot.com,http_404
42998,bjcxzlfw.com,ECONNREFUSED
43001,visualsoft.io,http_200
42987,police.gov.bd,ENOTFOUND
43002,cwbgp.space,ECONNREFUSED
43003,cfbx.jp,CERT_HAS_EXPIRED
43011,bbctvapps.co.uk,ENOTFOUND
43013,17.in-addr.arpa,ENOTFOUND
43014,digifor.io,http_403
43016,fastdns24.com,ECONNREFUSED
42978,americanis.net,timeout
43019,cy-isp.net,ERR_SSL_SSL/TLS_ALERT_HANDSHAKE_FAILURE
43022,atmosenergy.com,http_404
43024,mmst.eu,ENOTFOUND
43021,forteacher.cn,CERT_HAS_EXPIRED
43026,dsm.com,http_404
43025,lnmp.org,CERT_HAS_EXPIRED
43028,yieldify-production.com,ENOTFOUND
43033,fundingpips.com,http_429
43038,fastbackgroundcheck.com,http_403
43040,greengeeks.net,http_404
43041,domrf.ru,http_403
43042,cars.co.za,http_403
43043,agilone.com,http_200
43046,bmwgroup.net,ERR_TLS_CERT_ALTNAME_INVALID
43051,fcawx.net,ENOTFOUND
43005,torob.ir,timeout
43058,idealsvdr.com,http_403
43060,app-41283.com,ENOTFOUND
43061,uplift.com,http_200
43068,is-blog.com,http_403
43075,playfame.com,http_403
43080,erieri.com,http_403
43079,yeah.net,http_404
43083,empretienda.net,ENOTFOUND
43085,everskies.com,http_200
43088,asdfix.com,ENOTFOUND
43090,biddertmz.com,ENOTFOUND
43089,sephora.com.br,http_403
43093,optimusbid.com,ENOTFOUND
43091,vivacut.com,http_404
43092,bluos.net,ERR_TLS_CERT_ALTNAME_INVALID
43098,wisn.com,http_451
43097,park-my-domain.net,ENOTFOUND
43100,infusionsoft.app,http_200
43101,gg-global-cdn.com,ENOTFOUND
43049,naukrigulf.com,timeout
43102,t9ffxu6zhf915fadjv1.app,http_404
43108,bb-os.com,ENOTFOUND
43110,equinenow.com,http_405
43116,golfgalaxy.com,http_451
43115,parkme.com,http_200
43121,alzom.com,ENOTFOUND
43123,yzewe.ru,http_404
43125,orientaldaily.com.my,http_403
43126,pixelmind.vip,http_404
43128,svmaudio.com,ENOTFOUND
43131,sintral.me,ENOTFOUND
43130,ptvcdn.net,ECONNRESET
43136,appplay.org,http_200
43138,klops.ru,http_200
43139,worxware.com,http_503
43137,gdxtag.com,http_403
43143,sgcarmart.com,http_403
43147,skegox.com,ENOTFOUND
43094,knust.edu.gh,timeout
43154,hostserv.co.za,ERR_TLS_CERT_ALTNAME_INVALID
43151,nia.gov.cn,http_404
43156,replocdn.com,http_403
43158,bcbs.com,UNABLE_TO_VERIFY_LEAF_SIGNATURE
43161,falcdn.com,ENOTFOUND
43162,golftown.com,http_403
43160,sundasheng.com,CERT_HAS_EXPIRED
43165,arcot.com,http_200
43166,awsdns-cn-12.net,ENOTFOUND
43168,mtaroutes.com,ENOTFOUND
43169,lsdwedsfsc.site,ENOTFOUND
43140,elcom.ru,timeout
43172,hubspotvideo.com,ENOTFOUND
43175,gml-grp.com,http_404
43148,atianqi.com,timeout
43178,scloud.ru,http_403
43176,oneweb.pro,http_404
43174,visaforchina.cn,http_404
43184,yunjiasu360.com,ENOTFOUND
43188,hmpgloballearningnetwork.com,http_200
43193,nic.software,ERR_TLS_CERT_ALTNAME_INVALID
43164,vivify.best,timeout
43194,streaks.jp,http_200
43197,vito-tracker.space,ERR_TLS_CERT_ALTNAME_INVALID
43199,webpkgcache.com,http_404
43203,v-bets.win,http_403
43208,cxswyjy.com,ECONNREFUSED
43206,orleto.com,ERR_TLS_CERT_ALTNAME_INVALID
43191,cf-ns.net,http_404
43213,qvmcd.com,http_404
43217,cdneverest.net,ENOTFOUND
43219,bwin.de,http_403
43220,leclercdrive.fr,http_403
43181,flexnetoperations.com,timeout
43227,prxflow.live,ENOTFOUND
43228,babson.edu,http_404
43233,bit-tech.net,http_200
43232,dns4.cn,ENOTFOUND
43235,10sq.net,ERR_TLS_CERT_ALTNAME_INVALID
43236,dv.team,http_404
43239,bus62.xyz,ENOTFOUND
43241,ek.ua,http_403
43240,fileforum.com,http_404
43229,zuihuo.net,http_503
43245,yulengine.ru,http_500
43248,etf.com,http_403
43252,tripcdn.cn,ENOTFOUND
43250,sbermarket.ru,http_403
43258,distribrey.com,http_404
43261,azure-int.net,ENOTFOUND
43253,njxrhb.cn,ECONNRESET
43259,123-media.biz,CERT_HAS_EXPIRED
43263,aelitis.com,http_404
43265,sworkingvpn.com,ENOTFOUND
43224,i-2000.com,timeout
43266,codycross-game.com,http_200
43268,2345.cc,http_200
43267,vjshi.com,http_200
43274,feature-app.io,ENOTFOUND
43273,takungpao.com,http_404
43276,bakbitionb.com,CERT_HAS_EXPIRED
43279,aaronsw.com,ECONNREFUSED
43262,streamgo.ru,timeout
43277,electric.net,http_530
43280,flyingvoice.net,UNABLE_TO_VERIFY_LEAF_SIGNATURE
43290,kika-backend.com,ENOTFOUND
43292,douglas.pl,http_403
43284,yamada-denkiweb.com,ENOTFOUND
43293,fin.ag,http_404
43286,diynetwork.com,http_451
43295,anu.net,http_404
43303,aerionvel.com,ERR_SSL_TLSV1_ALERT_INTERNAL_ERROR
43297,znwyxswxzj.com,ERR_SSL_TLSV1_ALERT_INTERNAL_ERROR
43307,shortv.net,ENOTFOUND
43306,videosrc.net,ERR_SSL_TLSV1_ALERT_INTERNAL_ERROR
43309,bootcss.com,http_200
43312,carsdirect.com,http_403
43313,hdfclife.com,http_403
43316,awsdns-cn-06.cn,ENOTFOUND
43329,ferretgo.org,ENOTFOUND
43331,x5static.net,ENOTFOUND
43333,betha.cloud,http_403
43335,el5-energo.ru,http_403
43336,nplus1.ru,http_403
43337,americanmuscle.com,http_403
43302,dhakacom.com,timeout
43342,aminoapps.com,ENOTFOUND
43343,vandalay-industries.net,ENOTFOUND
43339,a-l-p-a.com,timeout
43344,rocketlab.ai,http_200
43346,androidplatform.net,ENOTFOUND
43345,komeri.com,http_403
43327,zipow.com,timeout
43349,vm5apis.com,ENOTFOUND
43351,nationalpublicdata.com,http_403
43352,mywebsite-editor.com,ENOTFOUND
43353,thedailyshow.com,http_404
43334,tommybahama.com,timeout
43357,vis2sky.com,http_200
43358,snowflake.app,ENOTFOUND
43356,magazinevoce.com.br,http_403
43359,netpotok.com,http_502
43363,targetadserv.com,ENOTFOUND
43364,docebopaas.com,ENOTFOUND
43383,natura.com,http_404
43385,mangotele.com,ERR_TLS_CERT_ALTNAME_INVALID
43386,dockerhub.work,ERR_SSL_TLSV1_UNRECOGNIZED_NAME
43390,vodglcdn.com,ENOTFOUND
43391,arcelik.com.tr,http_500
43392,tagtoo.co,ENOTFOUND
43389,webslice.co.nz,http_200
43398,dar.org,http_403
43399,demounit.net,ENOTFOUND
43396,thefastimg.com,ENOTFOUND
43354,iol.ie,timeout
43401,openfront.io,http_403
43405,10best.com,http_200
43404,adtheorent.com,http_200
43407,uslegal.com,http_405
43410,watchfinder.co.uk,http_403
43411,m14dr.xyz,ENOTFOUND
43412,gpbl.ru,http_200
43418,ttblogs.com,http_403
43417,xiaoduola.xyz,DEPTH_ZERO_SELF_SIGNED_CERT
43420,pwh-r1.com,ECONNREFUSED
43421,scanface.io,http_404
43422,fragrancex.com,http_403
43424,vusion.io,ECONNREFUSED
43380,qantas.com.au,timeout
43427,adidas.jp,http_403
43429,transfermarkt.nl,http_200
43431,skycdn.com.cn,ENOTFOUND
43432,wahooart.com,http_404
43433,gun.deals,http_403
43434,globalchange.gov,ENOTFOUND
43438,llnwi.net,ENOTFOUND
43439,happyleafmotion.com,ENOTFOUND
43442,aliyunwaf.com,ENOTFOUND
43440,repco.com.au,http_403
43446,static-src.com,http_404
43447,tjgagv.com,ECONNREFUSED
43450,pay.gov,http_404
43425,oki.com,http_403
43452,pubmine.com,ERR_TLS_CERT_ALTNAME_INVALID
43451,fordification.com,http_200
43455,wp-e.net,ENOTFOUND
43456,silpo.ua,http_403
43457,opensports.com.ar,http_200
43454,antel.net.uy,timeout
43468,apk-agroeco.ru,ERR_TLS_CERT_ALTNAME_INVALID
43467,uce.edu.ec,http_200
43449,ugletele.com,timeout
43472,wendys.digital,ENOTFOUND
43473,smartrent.com,http_404
43475,tetaneutral.net,http_404
43479,pulse.qa,ENOTFOUND
43481,yellw.co,ENOTFOUND
43483,autodoc.es,http_403
43482,embed.ly,http_404
43484,freetcp.com,ERR_SSL_WRONG_VERSION_NUMBER
43487,gtmpx.com,http_404
43488,beat3put.com,ENOTFOUND
43476,fortidyndns.com,ENOTFOUND
43492,wolffile.xyz,ENOTFOUND
43462,ic-group.ru,timeout
43497,de-en-es.com,ERR_TLS_CERT_ALTNAME_INVALID
43495,uupload.ir,http_404
43502,secureuc.net,ENOTFOUND
43504,vpngate.net,http_404
43509,estugo-webhosting.com,ERR_TLS_CERT_ALTNAME_INVALID
43508,kerbalspaceprogram.com,http_404
43512,ideco.dev,ENOTFOUND
43514,floridapolitics.com,http_403
43516,nic.news,ERR_TLS_CERT_ALTNAME_INVALID
43517,mg64.net,SELF_SIGNED_CERT_IN_CHAIN
43493,esafety.gov.au,timeout
43521,plataformasocial.com.br,ENOTFOUND
43523,us-gov-pure.cloud,ENOTFOUND
43529,ffivy002c.top,http_200
43530,fruugo.com,http_403
43510,veroxity.net,timeout
43531,txdmv.gov,http_200
43513,introweb.nl,timeout
43537,ai-db.science,http_200
43538,r4l.com,http_200
43539,sharafdg.com,http_403
43540,insightgoldatpmh.com,http_404
43542,ns1global.org,ENOTFOUND
43520,sanantonio.gov,timeout
43546,multivu.com,http_200
43547,gtv-pub.com,ENOTFOUND
43545,dxy.cn,http_200
43536,noho.st,ENOTFOUND
43550,go2rcs.com,ENOTFOUND
43554,cdnconn.com,ENOTFOUND
43558,onestreamcloud.com,ENOTFOUND
43556,tdos.vip,EHOSTUNREACH
43559,mcmworldwide.com,http_403
43560,g-p-static.com,ENOTFOUND
43566,codenames.game,http_404
43569,1and1.co.uk,http_200
43532,qualia.id,timeout
43571,awsdns-cn-58.com,ENOTFOUND
43572,buzzfile.com,http_404
43576,edudns-a4.edu.tw,ECONNREFUSED
43555,jtidc.jp,ENOTFOUND
43578,skyperfectv.co.jp,http_403
43582,pjud.cl,http_404
43586,disasterassistance.gov,http_403
43587,cdnfree.org,ENOTFOUND
43580,kindai.ac.jp,http_404
43590,extralargecoffee.com,ENOTFOUND
43592,nanancloud.com,ENOTFOUND
43588,mosite.in,CERT_HAS_EXPIRED
43597,push-web.site,http_520
43589,minivk.ru,timeout
43601,flokinet.net,ERR_TLS_CERT_ALTNAME_INVALID
43599,jobui.com,http_404
43606,nycgo.com,CERT_HAS_EXPIRED
43607,publicdomainreview.org,http_404
43608,hl7.org,http_202
43593,marmot-cloud.com,timeout
43611,regco.ir,ECONNREFUSED
43616,lfyanwei.com,ENOTFOUND
43615,surtime.com,http_404
43619,racingbazar.hu,http_403
43620,searchpstatp.com,ENOTFOUND
43621,instapundit.com,http_404
43624,yunai.tech,ENOTFOUND
43625,open-rix.com,ENOTFOUND
43627,sirus.su,http_200
43636,leaseweb.nl,http_404
43638,kundenserver.de,http_404
43637,beko.com,http_500
43605,cbk.kg,timeout
43640,unisender.ru,http_404
43642,atlasearth.com,http_404
43644,kalostv.com,http_404
43645,weeblysite.com,http_404
43648,vwfs.io,ECONNRESET
43649,managedwhitelisting.com,http_403
43650,auanet.org,http_403
43652,bt-hash.com,DEPTH_ZERO_SELF_SIGNED_CERT
43657,paykwai.com,ENOTFOUND
43660,dynaccess.de,http_200
43664,dnsnameservice.com,ENOTFOUND
43665,a.hu,ECONNREFUSED
43667,azurecontainer.io,ENOTFOUND
43668,transifex.net,ENOTFOUND
43670,oceanicdreamcove.com,ERR_SSL_TLSV1_ALERT_INTERNAL_ERROR
43673,spinblitz.com,http_403
43674,securityalliance.cloud,http_404
43678,ultimatix.net,http_200
43682,944sss.com,http_403
43683,webhost.company,http_404
43686,htw-berlin.de,http_404
43688,goauthentik.io,http_404
43700,dishtv.technology,ENOTFOUND
43671,alibabaonline.com,timeout
43701,apigwtencent.com,ERR_SSL_TLSV1_ALERT_INTERNAL_ERROR
43704,finnautoparts.ru,http_200
43705,ticimax.cloud,ENOTFOUND
43706,appadvice.com,ENOTFOUND
43708,partygaming.com,http_200
43702,wasu.tv,timeout
43709,guangwei.net,http_500
43714,pro-x-web.com,http_404
43711,icegate.gov.in,UNABLE_TO_VERIFY_LEAF_SIGNATURE
43703,sanborns.com.mx,http_403
43716,govmu.org,http_404
43717,hys.cz,ERR_TLS_CERT_ALTNAME_INVALID
43718,foobar2000.org,http_404
43719,hosting24.com,http_200
43699,supersrv.de,timeout
43727,bloggadores.com,http_403
43728,modernluxury.com,http_403
43732,ntn-snr.com,UNABLE_TO_VERIFY_LEAF_SIGNATURE
43733,luckypool.io,http_200
43734,flitsmeister.app,ENOTFOUND
43736,instragram.com,ERR_TLS_CERT_ALTNAME_INVALID
43737,toadmash.net,ENOTFOUND
43740,onlinecarparts.co.uk,http_403
43729,ayyz.edu.cn,ENOTFOUND
43735,ipc365.com,http_404
43746,nameresolve.com,ENOTFOUND
43748,platon.sk,http_200
43751,dgj055.icu,ENOTFOUND
43752,collabora.com,http_404
43724,tedingfu.com,timeout
43756,npiprofile.com,http_403
43757,ccs-trellix.com,ENOTFOUND
43744,yxgz.club,DEPTH_ZERO_SELF_SIGNED_CERT
43769,ecrater.com,http_403
43770,autotrack.nl,http_403
43771,swiftkey.net,ENOTFOUND
43773,balsamiq.com,http_403
43774,pshbz.com,ENOTFOUND
43761,skyfencenet.com,ENOTFOUND
43776,mobileadstrk.com,http_404
43765,glami.cz,timeout
43768,infrastructure.gov.au,timeout
43780,mailop.ru,ENOTFOUND
43781,usk.ac.id,http_404
43783,njlottery.com,http_406
43786,koco.com,http_451
43787,ttwebview.com,ENOTFOUND
43775,moveplay.me,timeout
43788,eurosport.io,ENOTFOUND
43785,prodns.mx,http_523
43791,inthegame.io,http_403
43796,zloong.com,http_404
43777,jmhrc.com,timeout
43797,bielsko.pl,ENOTFOUND
43799,icnanycast.com,ENOTFOUND
43801,yomoblog.com,http_403
43803,acnur.org,http_403
43804,jsuol.com,http_404
43805,thisislondon.co.uk,http_200
43806,bokus.com,http_429
43815,nic.center,ERR_TLS_CERT_ALTNAME_INVALID
43816,pacjent.gov.pl,http_404
43818,gog-statics.com,ENOTFOUND
43817,vbglenobl.ru,UNABLE_TO_VERIFY_LEAF_SIGNATURE
43819,screwfix.ie,http_403
43821,e-builder.net,http_200
43802,ienso-dev.com,timeout
43823,glassgs.com,http_404
43824,datausa.io,http_404
43828,tiki.ne.jp,http_404
43813,tracker.bz,timeout
43831,yirujs.com,ENOTFOUND
43836,stackshare.io,http_429
43833,axwljs.com,ENOTFOUND
43834,onethingpcs.com,http_404
43841,novelfmvod.com,ENOTFOUND
43847,pcgs.com,http_403
43852,veriff.me,http_404
43857,dnainfo.com,http_404
43854,webcom.com,CERT_HAS_EXPIRED
43862,localsearch.com,http_403
43864,cartoonnetwork.com,http_200
43866,moonburrow.club,http_404
43861,kingsoftstore.com,ERR_TLS_CERT_ALTNAME_INVALID
43865,errortrace.dev,http_200
43868,state.fl.us,ERR_TLS_CERT_ALTNAME_INVALID
43867,partner-viessmann.it,UND_ERR_SOCKET
43876,altrosky.nl,ENOTFOUND
43873,alfaextra.net,ERR_SSL_UNSUPPORTED_PROTOCOL
43877,longcat.chat,http_200
43882,perfops.io,ENOTFOUND
43884,cylex.de,http_403
43887,rijnmond.nl,http_200
43883,rz-ops.com,ECONNRESET
43885,02818.cn,ERR_SSL_TLSV1_ALERT_INTERNAL_ERROR
43893,betamountwo.com,http_200
43894,chatwork.com,http_404
43896,jyieud.com,ENOTFOUND
43899,milwaukee.gov,http_403
43897,petz.com.br,http_403
43902,ezlocal.com,http_403
43906,de.de,ECONNREFUSED
43907,companycheck.co.uk,http_403
43911,state.ar.us,ENOTFOUND
43913,blogacep.com,http_403
43914,vngdns.vn,ENOTFOUND
43915,risebroadband.com,http_403
43916,uncoma.edu.ar,http_403
43917,libro.fm,http_403
43888,asb.co.nz,timeout
43919,sunlife.ca,http_403
43923,filmin.es,http_403
43925,smartcuco.com,ENOTFOUND
43926,stopbullying.gov,http_403
43928,americanheart.org,http_403
43904,hangzhou.com.cn,timeout
43933,exo-msedge.net,ENOTFOUND
43931,singularcdn.net.br,http_200
43935,symauth.net,ENOTFOUND
43939,redhat.io,ENOTFOUND
43912,technovedic.cc,timeout
43938,claropay.com,http_404
43940,mmic.net.cn,ECONNREFUSED
43947,plus.nl,http_403
43950,f-i.de,http_404
43946,ugc.ac.in,http_403
43951,meiji.ac.jp,http_404
43953,littlewoods.com,http_403
43958,web4ce.cz,http_200
43961,dsspn.com,ENOTFOUND
43945,jomoxc.com,ENOTFOUND
43964,ecosia-browser.net,ENOTFOUND
43965,awsdns-cn-61.biz,ENOTFOUND
43970,playit.gg,http_200
43932,calvinklein.com,timeout
43973,seeking.com,http_403
43968,ynu.edu.cn,http_404
43975,capitaledge.blog,http_404
43977,warface.com,http_200
43980,blook.network,ENOTFOUND
43983,sdk-license.com,http_400
43966,kmntc3ty8boq.online,ENOTFOUND
43987,benzahosting.net,http_404
43988,w-mt.co,http_404
43990,neuro-id.com,http_403
43992,iccup.com,http_429
43995,mongobrain.app,ENOTFOUND
43993,boxberry.ru,http_200
43997,druryhotels.com,http_403
44002,craftluna.net,http_403
44004,ctxcollect.com,ENOTFOUND
44008,israelhayom.com,http_404
43976,santander.com.ar,timeout
44016,registradores.org,http_200
44022,bugfreenet.online,ECONNREFUSED
43998,mineducacion.gov.co,timeout
44028,toponavi.com,http_403
44030,alliedmods.net,http_200
44006,horizonplay.io,timeout
44033,mabanque.bnpparibas,http_403
44034,cheapdoma.com,ENOTFOUND
44037,whatdidheseehe.com,http_404
44032,cap.gov,http_200
44038,wciom.ru,http_403
44040,workdayinternal.com,http_403
44039,jixingcdn.com,ENOTFOUND
44042,yaencontre.com,http_403
44044,altis.cloud,ENOTFOUND
44045,wssdns.net,ERR_TLS_CERT_ALTNAME_INVALID
44049,uralmash.ru,http_403
44052,fdske.com,ECONNRESET
44020,dsl.net,timeout
44056,itprotoday.com,http_200
44055,samayam.com,http_404
44059,betano.de,http_403
44063,radiorecord.ru,DEPTH_ZERO_SELF_SIGNED_CERT
44065,baixing.com,http_502
44072,bngdin.com,http_404
44041,cyber.gov.au,timeout
44073,cssott.com,ENOTFOUND
44074,marinha.mil.br,http_403
44076,klarinsights.net,ENOTFOUND
44075,lenobl.ru,http_403
44077,webio.pl,http_200
44080,kohlsimg.com,ENOTFOUND
44081,microsoftcrmportals.com,ENOTFOUND
44068,cochlear.link,ECONNRESET
44079,freecsstemplates.org,http_200
44083,cerist.dz,http_404
44087,skype.net,ENOTFOUND
44090,ispcamel.com,ENOTFOUND
44061,namehero.net,timeout
44095,p7s1video.net,ENOTFOUND
44100,vikingrivercruises.com,http_403
44103,tu-tu.ru,ERR_TLS_CERT_ALTNAME_INVALID
44102,4game.ru,http_200
44109,fcdnstatic-intl.com,ENOTFOUND
44110,age.gob.es,ENOTFOUND
44111,honda.com.br,http_403
44118,yanmar.com,http_403
44121,deepleaper.com,http_404
44120,itri.org.tw,http_404
44124,krak.dk,http_403
44089,fanaticsretailgroup.com,timeout
44128,tenlets.com,ENOTFOUND
44130,safebrands.com,http_200
44131,afd.fr,http_200
44094,etree.org,timeout
44133,nlb.gov.sg,http_202
44134,cgnpc.com.cn,http_404
44137,laviewcloudpro.com,ENOTFOUND
44141,nudatasecurity.com,ENOTFOUND
44142,dominionenergy.com,http_403
44143,shafaqna.com,http_404
44144,ahrefs.net,ENOTFOUND
44123,ajkimg.com,timeout
44149,whatsapp.biz,ENOTFOUND
44148,hkg-fansub.info,DEPTH_ZERO_SELF_SIGNED_CERT
44150,socialsecurity.gov,http_403
44151,shmultiweal.com,ECONNREFUSED
44152,siteadvisor.com,http_200
44156,lllapi.com,ENOTFOUND
44155,2ndstreet.jp,http_403
44158,wimoveis.com.br,http_403
44159,profitroom.net,http_200
44162,jeftinije.hr,http_403
44160,mcdonalds.fr,http_403
44166,bibleversecollect.com,http_404
44171,adcannyxml.com,http_404
44163,basictrackr.com,err
44176,mj12bot.com,http_404
44140,asos-media.com,timeout
44181,serverpod.net,ENOTFOUND
44184,imgnxa.com,ENOTFOUND
44185,sapiensmgs.com,ENOTFOUND
44187,memphistours.com,http_403
44189,showmax.com,ERR_TLS_CERT_ALTNAME_INVALID
44193,world-nuclear-news.org,http_404
44194,actionfraud.police.uk,http_403
44196,athoc.com,http_200
44195,interglot.com,ECONNRESET
44202,xyz.com,http_200
44172,oracleapex.com,timeout
44212,sportslocalmedia.com,ENOTFOUND
44218,bkash.com,http_403
44220,pivotalweather.com,http_403
44198,nzn-mes.com,timeout
44208,magentosite.cloud,timeout
44222,sciences-po.fr,http_200
44213,nccj.co.kr,timeout
44230,lorsrv.com,ENOTFOUND
44232,beeper-tools.com,ENOTFOUND
44231,anyservers.com,ERR_TLS_CERT_ALTNAME_INVALID
44234,cargurus.ca,http_406
44221,dc16888888.com,timeout
44242,snapgametech.com,http_403
44246,poneytelecom.eu,http_200
44248,oercommons.org,http_403
44247,polri.go.id,UNABLE_TO_VERIFY_LEAF_SIGNATURE
44250,adidas.pl,http_403
44251,czu.cz,http_200
44237,mediaserv.net,http_404
44249,misterdonut.jp,http_404
44252,ncleg.gov,http_403
44253,xdgtw.com,ENOTFOUND
44255,sena.com,http_403
44258,worxlandroid.com,http_200
44261,nexoncdn.co.kr,ENOTFOUND
44263,resilans.se,http_404
44271,servera.info,http_404
44269,tierra.net,http_404
44276,hifamiapp.com,http_404
44283,blogherads.com,ENOTFOUND
44285,vitejs.dev,http_404
44286,wzzm13.com,http_200
44287,amazonbot.amazon,http_200
44290,securityholes.science,UNABLE_TO_GET_ISSUER_CERT_LOCALLY
44292,darkgetdns.pro,CERT_HAS_EXPIRED
44293,raiffeisen.at,http_200
44296,naughtyamerica.com,http_405
44300,mgsreops.com,ENOTFOUND
44299,testnav.com,http_200
44301,vsk.ru,UNABLE_TO_GET_ISSUER_CERT_LOCALLY
44303,xansrv.com,ENOTFOUND
44306,ewscloud.com,ENOTFOUND
44305,zxxk.com,http_405
44308,watsons.com.ph,http_403
44309,packetcdn.me,ENOTFOUND
44312,hm.edu,http_404
44313,fozzy.ru,ECONNREFUSED
44320,pubeasysdk.io,ENOTFOUND
44321,ku6.com,http_400
44327,rtnsvc.com,ENOTFOUND
44322,genieedmp.com,http_404
44332,bitpunch.icu,ENOTFOUND
44326,mixpo.com,http_200
44334,valofe.com,http_404
44338,dattolocal.net,ENOTFOUND
44341,allitrk.com,ENOTFOUND
44340,metromax.ru,http_403
44346,adp3.net,http_404
44352,tesco.ie,http_403
44353,cloudonward.net,ENOTFOUND
44355,ac-link.com,CERT_HAS_EXPIRED
44358,placehold.it,http_403
44361,rec1.com,ENOTFOUND
44369,nether.net,ENOTFOUND
44370,wmaker.net,http_404
44331,pravdnr.ru,timeout
44357,imtmp.net,ENOTFOUND
44381,mybuzzblog.com,http_403
44382,trrsf.com,ENOTFOUND
44376,chemnet.com,http_200
44383,apa.az,http_404
44388,minsvyaz.ru,ENOTFOUND
44395,hansel.io,http_404
44389,tmctool.com,ENOTFOUND
44398,radiorepo.io,ENOTFOUND
44397,pseg.com,http_403
44399,uinieagsuga.com,ECONNREFUSED
44401,smtb.jp,http_404
44402,fastsecurehost.com,http_404
44405,brusnika.ltd,ENOTFOUND
44407,glados-config.net,ENOTFOUND
44410,ch-meta.net,ENOTFOUND
44368,parspack.co,timeout
44413,flyteam.jp,http_405
44417,ajcdns.com,ENOTFOUND
44416,rightsdns.com,ENOTFOUND
44414,companycasuals.com,http_200
44419,phenompeople.net,ENOTFOUND
44418,one-piece.com,http_404
44430,xmsae.sbs,ENOTFOUND
44429,uevora.pt,http_200
44433,imaitix.com,ENOTFOUND
44435,indianpornempire.com,http_200
44437,dnshostserver.in,http_404
44438,nic.plus,ERR_TLS_CERT_ALTNAME_INVALID
44393,fortiguard.net,timeout
44440,fanplayr.com,http_200
44441,andreani.com,http_404
44444,eventscribe.net,http_200
44443,opensourcebridge.science,UNABLE_TO_GET_ISSUER_CERT_LOCALLY
44446,wwpvpbktgoets.space,http_403
44451,apidigi.com,ENOTFOUND
44452,netomi.com,http_404
44460,kloudns.co.uk,ENOTFOUND
44461,secureintellicentre.net.au,ENOTFOUND
44456,kinokuniya.com,http_404
44469,quickcache.space,ENOTFOUND
44470,topbloghub.com,http_403
44472,rks-gov.net,http_404
44471,buscalibre.com.mx,http_405
44468,pts.org.tw,ENOTFOUND
44480,alkami.tech,ENOTFOUND
44483,ipwhois.app,http_403
44486,umr.com,http_404
44495,obox-dns.com,ENOTFOUND
44503,njtzzrvg0lwj3bsn.info,http_403
44506,choosemyplate.gov,ERR_TLS_CERT_ALTNAME_INVALID
44509,ieecas.cn,http_404
44511,ttdnsicp.com,ENOTFOUND
44510,serveusers.com,ERR_SSL_WRONG_VERSION_NUMBER
44515,paxton10remote.com,http_404
44516,footyheadlines.com,http_404
44513,migu.cn,http_200
44522,routeone.net,http_403
44523,geenstijl.nl,http_404
44528,daveandbusters.com,http_403
44533,pfops.com,ENOTFOUND
44536,crediblebh.com,ECONNRESET
44507,spirithalloween.com,timeout
44538,duhosting.ae,ENOTFOUND
44540,thetimmedia.site,ENOTFOUND
44534,hydentra.com,ECONNREFUSED
44543,chessdatabase.science,http_200
44520,jdwilliams.co.uk,timeout
44547,gazladder.work,ENOTFOUND
44537,opentor.net,timeout
44550,isthereanydeal.com,http_200
44552,ruelala.com,http_403
44555,mobifriends.com,http_403
44557,donland.ru,http_403
44561,tolna.net,ECONNREFUSED
44563,conative.network,ENOTFOUND
44569,atlinkservices.com,http_200
44571,api-bdc.net,http_200
44575,mybib.com,http_404
44576,strongarm.io,http_404
44580,plab.site,ERR_TLS_CERT_ALTNAME_INVALID
44583,genealogybank.com,http_405
44584,boyarka-inform.com,ERR_TLS_CERT_ALTNAME_INVALID
44586,cameltv.live,ENOTFOUND
44589,hartfordmedia.online,http_200
44592,solidhosting.pro,ECONNREFUSED
44593,mindbodyapis.com,http_404
44562,portal.gov.bd,timeout
44588,nkfust.edu.tw,ENOTFOUND
44598,dorar-aliraq.net,http_503
44600,pix-int.com,ENOTFOUND
44573,nzn-erp.com,timeout
44605,vivor.net,http_200
44606,blogthisbiz.com,http_403
44594,iconpln.net.id,timeout
44599,jovetech.com,timeout
44620,rightinthebox.com,ENOTFOUND
44621,hatpublic.com,http_403
44602,prima.com.ar,timeout
44624,mos100.com,http_404
44626,skplanet.com,http_404
44628,tcell.tj,http_404
44629,simplexi.com,http_200
44631,imprressly.com,ENOTFOUND
44611,opreturn.net,timeout
44638,totvs.com.br,http_403
44636,maff.com,CERT_HAS_EXPIRED
44642,russoutdoor.ru,http_498
44650,mydigitallife.net,http_403
44652,3oaks.com,http_200
44647,byqwsjd.com,ERR_SSL_SSL/TLS_ALERT_HANDSHAKE_FAILURE
44653,nsdns.info,ENOTFOUND
44655,lnrsg.io,ENOTFOUND
44622,wialon.host,timeout
44656,vantage-csw-lenovo.com,ERR_SSL_SSL/TLS_ALERT_HANDSHAKE_FAILURE
44659,colorflow.app,ENOTFOUND
44660,zencare.co,http_403
44657,optimum.com,http_403
44658,url.tw,http_404
44666,3cx.net,http_404
44669,technical-service.net,ENOTFOUND
44668,idsecure.com.br,http_200
44677,verkkouutiset.fi,http_403
44687,awsdns-cn-56.com,ENOTFOUND
44681,bzsggzy.cn,http_404
44691,edudns-c1.edu.tw,DEPTH_ZERO_SELF_SIGNED_CERT
44693,ytone.com.cn,http_200
44699,sportscollectors.net,http_404
44697,zhkp.net,DEPTH_ZERO_SELF_SIGNED_CERT
44701,bestproxy.ink,ENOTFOUND
44702,pmda.go.jp,http_404
44689,shahidrazi.online,timeout
44700,hbmrct.com,CERT_HAS_EXPIRED
44704,ordinals.com,http_404
44705,mathoverflow.net,http_418
44695,buny.uk,timeout
44712,ukim.mk,ERR_TLS_CERT_ALTNAME_INVALID
44719,g-ha-gmx.net,ENOTFOUND
44720,name-server.jp,ENOTFOUND
44725,univ-paris7.fr,ENOTFOUND
44726,telligentcloud.net,http_404
44706,gibdd.ru,timeout
44729,dun7788.com,ENOTFOUND
44732,xbeat.space,ERR_SSL_SSL/TLS_ALERT_HANDSHAKE_FAILURE
44717,kaixinkan.com.cn,http_200
44733,privateperson.ru,ENOTFOUND
44723,vectranet.pl,ENOTFOUND
44738,c-ij.com,ENOTFOUND
44740,farmacity.com,http_403
44739,zdnet.co.uk,http_200
44742,ubys.us,http_404
44744,spatial.io,http_404
44743,cockos.com,http_404
44730,alexunderboots.ru,ERR_SSL_TLSV1_ALERT_INTERNAL_ERROR
44747,streamrail.net,ECONNRESET
44753,zoominsoftware.io,ENOTFOUND
44737,xxxxbt.cc,timeout
44768,2markers.com,http_403
44774,dmmgames.com,ENOTFOUND
44781,adqtt.net,ENOTFOUND
44782,dpd.com.pl,http_200
44783,oneidentity.com,http_202
44785,chilbi.ru,DEPTH_ZERO_SELF_SIGNED_CERT
44751,zelenaya.net,timeout
44769,paperquotes.com,timeout
44791,opentv.com,http_403
44794,robotstxt.org,http_403
44798,blogripley.com,http_403
44799,yaledailynews.com,http_429
44800,sonyericsson.com,ENOTFOUND
44801,unico.io,http_200
44779,genealogy.net,timeout
44805,imperium.com,http_200
44807,anarchy-online.com,http_500
44806,edudns-c2.edu.tw,DEPTH_ZERO_SELF_SIGNED_CERT
44811,pikweb.net,ENOTFOUND
44809,dtops.cc,UNABLE_TO_GET_ISSUER_CERT_LOCALLY
44814,oleane.net,ENOTFOUND
44815,pediascape.science,UNABLE_TO_GET_ISSUER_CERT_LOCALLY
44816,tudorwatch.com,http_403
44786,carr.codes,timeout
44817,bredbandsbolaget.se,http_200
44818,speedycdn.space,ENOTFOUND
44819,fcagcv.com,ENOTFOUND
44821,3498rhf3489fh8934hf9834.xyz,ENOTFOUND
44813,cncn.com,http_200
44826,phpwebhosting.com,http_404
44830,noradsanta.org,http_404
44832,rejestr.io,http_403
44831,ecom.tech,http_403
44835,tylerapp.com,ENOTFOUND
44836,bharatpe.in,http_404
44839,tokiomarine.com.br,http_403
44841,azurehdinsight.net,ENOTFOUND
44844,emis.gov.eg,http_404
44847,znetwork.org,http_403
44846,bbesport.com,ERR_TLS_CERT_ALTNAME_INVALID
44850,mediacont.net,http_404
44851,movix.ru,http_403
44857,flattr.com,http_404
44858,insales.com,http_200
44859,aci.it,http_503
44861,6ahddutb1ucc3cp.ru,CERT_HAS_EXPIRED
44860,updourlan.ru,ECONNREFUSED
44864,waxrain.com,http_200
44867,tscprts.com,http_403
44870,alza.hu,http_403
44871,cemat-asia.com,http_404
44828,suumo.com,timeout
44873,alohaprofile.com,http_404
44856,glyphforge.shop,timeout
44884,seaskypro.com,ENOTFOUND
44865,0123456789nonexistent.com,timeout
44886,vip.nl,http_403
44890,grays.com,http_403
44880,calltrk.com,timeout
44891,ifood-static.com.br,ENOTFOUND
44892,eco-dns.co.uk,ERR_TLS_CERT_ALTNAME_INVALID
44893,opusinteractive.io,CERT_HAS_EXPIRED
44882,myorderbox.com,http_404
44901,neuroid.cloud,ENOTFOUND
44903,yandexcloud.kz,ENOTFOUND
44894,myfls.com.cn,ECONNREFUSED
44902,scnu.edu.cn,http_404
44907,secureinternetbank.com,ENOTFOUND
44906,mos.gov.pl,http_200
44909,budsgunshop.com,http_403
44913,linx.com.br,http_403
44915,eascdn.net,ENOTFOUND
44911,doh.gov.ph,http_403
44933,converter-file.site,ENOTFOUND
44935,gcontent.eu,ENOTFOUND
44936,searcheshop.site,http_404
44942,services-bahn.de,ERR_TLS_CERT_ALTNAME_INVALID
44945,stellarcyber.cloud,ENOTFOUND
44943,clearcareonline.com,http_200
44948,cheby.ru,ERR_TLS_CERT_ALTNAME_INVALID
44955,qyer.com,http_403
44960,madmouseblog.com,http_403
44963,checkpoint.com.cn,http_404
44966,execulink.com,http_404
44968,vikingcruises.com,http_403
44972,snrapi.com,http_404
44977,arweave.net,http_404
44981,business-opportunities.biz,http_403
44980,pringles.com,http_403
44982,logicnow.com,ENOTFOUND
44983,atmeta.com,ENOTFOUND
44985,progressier.app,http_403
44988,lmru.tech,ECONNREFUSED
44989,aftersell.app,ENOTFOUND
44991,njnu.edu.cn,http_404
44953,raymondjames.com,timeout
44994,tildacdn.one,ENOTFOUND
44958,gwallet.com,timeout
45005,origindigital-pac.com.au,ENOTFOUND
45002,itdemon.ru,timeout
45007,onlyfy.dev,timeout
45009,ktc.kz,ENOTFOUND
45014,streamkeytv.com,http_404
45016,cbn.gov.ng,http_404
45015,cvc.com.br,http_403
45013,nwu.edu.cn,http_404
45018,paymentsson.com,ENOTFOUND
45017,nic.market,ERR_TLS_CERT_ALTNAME_INVALID
45020,aroma-zone.com,http_403
45023,go-parts.com,http_403
45025,probitget.com,http_404
45026,idc-durentiga.net,ENOTFOUND
45021,xidian.edu.cn,ENOTFOUND
45027,twoday.net,http_404
45028,cloudinary.net,ENOTFOUND
45030,exacdn.com,ENOTFOUND
45031,gaf.com,http_403
45037,uberns.org,ENOTFOUND
45038,ui-global-dns.com,ENOTFOUND
45042,srvrsdns.com,ENOTFOUND
45043,parrot.com,http_200
45045,mostbetslot.com,ENOTFOUND
45047,marsflag.com,http_404
45048,inps-jung.net,ENOTFOUND
45049,jewelml.io,ENOTFOUND
45050,insidethegames.biz,http_403
45056,francecompetences.fr,http_404
45061,poczta-polska.pl,http_200
45032,spnet.net,ENETUNREACH
45063,pega.net,http_200
45058,baidupcs.com,http_400
45066,muosepicel.com,ENOTFOUND
45064,whyz.cn,ENOTFOUND
45068,intsvs.com,http_404
45069,prysmian.com,http_404
45070,diskstation.me,ENOTFOUND
45062,galaxus.de,timeout
45075,cpmndl.com,ENOTFOUND
45074,dns.net.vn,http_404
45076,tycoelectronics.com,ERR_SSL_TLSV1_UNRECOGNIZED_NAME
45079,zaccodigitaltrustlabs.com,ENOTFOUND
45080,lsncds.com,CERT_HAS_EXPIRED
45083,pdscloud.de,ENOTFOUND
45084,museum-digital.org,http_404
45067,adleadevent.com,timeout
45086,bigda.com,http_200
45087,rotests.com,http_404
45090,nic.help,http_404
45085,coremetrics.com,timeout
45081,industry.gov.au,timeout
45098,icicilombard.com,http_403
45099,truworths.co.za,http_200
45102,zerkalo.io,http_403
45101,spectrumsurveys.com,http_404
45105,awsdns-cn-01.biz,ENOTFOUND
45108,voterrecords.com,http_403
45109,wxgateway.com,ENOTFOUND
45110,netcetera-payment.ch,ENOTFOUND
45112,hjbywnkfk.com,ENOTFOUND
45116,proshop.dk,http_403
45117,globus.ru,UND_ERR_SOCKET
45118,pairs.lv,http_200
45120,columbus2024.com,ENOTFOUND
45121,anikai.to,ENOTFOUND
45123,pointp.fr,http_403
45122,fizzyacerbitymellow.com,http_200
45124,hh-online.jp,http_403
45127,viewdeos.com,ERR_SSL_SSL/TLS_ALERT_HANDSHAKE_FAILURE
45096,pagesuite-professional.co.uk,timeout
45132,livefilestore.com,ENOTFOUND
45131,yandex-dev.online,ENOTFOUND
45139,artworkout.net,ENOTFOUND
45141,awsdns-cn-31.net,ENOTFOUND
45144,telia.lt,http_403
45143,arenabg.ch,UNABLE_TO_GET_ISSUER_CERT_LOCALLY
45146,pixelfederation.com,http_200
45150,akamaiapis.net,ENOTFOUND
45151,livelo.com.br,http_403
45154,g-mark.org,http_404
45156,hatenablog-parts.com,http_404
45155,cs.com,http_200
45158,thedynamicleap.com,ENOTFOUND
45159,ratemds.com,http_403
45162,irresponsible-smoke.com,http_404
45163,cdnhwc2.cn,ENOTFOUND
45167,qualys.co.uk,ENOTFOUND
45171,1234.uno,ENOTFOUND
45172,hcahealthcare.com,http_200
45173,plentymarkets.com,CERT_HAS_EXPIRED
45174,rticonnect.net,ERR_TLS_CERT_ALTNAME_INVALID
45147,czszx.gov.cn,timeout
45179,4hr.de,ENOTFOUND
45181,c3pool.org,http_404
45183,aviso.ci,ERR_TLS_CERT_ALTNAME_INVALID
45187,nic.sa,http_200
45188,ftvnews.com.tw,http_403
45190,hotelbeds.com,http_200
45191,unaux.com,CERT_HAS_EXPIRED
45195,forevernine.com,http_404
45196,tamiya.com,http_404
45198,nchc.org.tw,http_404
45177,dealextreme.com,timeout
45202,ucy.ac.cy,http_403
45208,walmartimages.ca,ENOTFOUND
45218,sarawak.gov.my,http_200
45221,swisslos.ch,http_200
45223,transfermarkt.co,http_200
45228,skillsoft.com,http_403
45213,beanfun.com,http_200
45234,nic.best,http_404
45237,blazingserver.net,http_404
45232,chinacourt.org,ENOTFOUND
45239,antispamcloud.com,ERR_TLS_CERT_ALTNAME_INVALID
45242,dns819.com,ENOTFOUND
45244,shopbills.site,http_404
45238,dnset.com,ERR_SSL_WRONG_VERSION_NUMBER
45245,play.google,http_200
45254,grandtorank.com,http_200
45256,orgfree.com,ERR_TLS_CERT_ALTNAME_INVALID
45260,piaotia.com,http_403
45262,izrablog.com,http_403
45267,estar.jp,http_404
45268,xxxlutz.at,http_403
45269,jlr-vcdp.com,ENOTFOUND
45272,blutv.com,http_404
45273,yahoo-net.jp,ENOTFOUND
45275,dxfeed.com,http_403
45270,gci.net,timeout
45279,linuxcontainers.org,http_404
45277,afi-b.com,http_404
45261,alba.co.kr,timeout
45284,yuku.com,http_403
45287,ronracepub.com,http_404
45293,byteurl.cn,ENOTFOUND
45295,revoaidapp.com,http_403
45299,vivaticket.it,http_200
45302,podiums.link,http_404
45303,sintegra.gov.br,ENOTFOUND
45306,exclaim.ca,http_403
45305,13newsnow.com,http_200
45311,awsdns-cn-59.net,ENOTFOUND
45312,crumblcookies.com,UND_ERR_HEADERS_OVERFLOW
45313,crmback.io,http_200
45317,modivo.io,http_404
45321,rustt.ru,http_502
45324,buzzfighter.com,ENOTFOUND
45325,sdkconnecter.com,ECONNRESET
45328,123presto.com,http_404
45331,air360tracker.net,ENOTFOUND
45336,indusguard.com,ENOTFOUND
45337,animeapp.org,http_500
45339,usagi.one,http_404
45343,numerade.com,http_200
45349,galileoab.com,ENOTFOUND
45354,railways.kz,http_500
45344,comstar.ru,timeout
45357,spp.gov.cn,http_403
45358,yuanlaifresh.com,http_404
45360,lottie.host,http_403
45352,vaseline.su,ENOTFOUND
45369,informaworld.com,http_200
45368,latentzero.com,http_200
45375,digismoothie.app,ENOTFOUND
45372,zolnm.com,ENOTFOUND
45376,wcostream.tv,http_404
45378,fastshop.com.br,http_403
45381,dscore.com,http_404
45379,tunduk.kg,http_404
45382,searates.com,http_403
45383,cyberpolygon.com,http_403
45386,cudy.net,ERR_TLS_CERT_ALTNAME_INVALID
45387,optisignsapp.com,ECONNREFUSED
45385,ubiobio.cl,UNABLE_TO_VERIFY_LEAF_SIGNATURE
45388,sleepoverlimitprofound.com,http_200
45394,njau.edu.cn,http_502
45395,footboom1.com,http_530
45398,verticalrack.shop,ENOTFOUND
45401,beotel.net,ENOTFOUND
45399,researcherid.com,http_200
45405,sony.de,http_403
45408,sadbaguette.com,ENOTFOUND
45407,speedysurfcdn.net,ENOTFOUND
45409,bikeforums.net,http_403
45411,sancdn.net,ERR_TLS_CERT_ALTNAME_INVALID
45414,yellowpages.com.au,http_403
45415,mignews.com,http_403
45416,katanalink.net,ENOTFOUND
45418,phdns22.es,ENOTFOUND
45419,nekomi.cn,http_200
45424,adnexus.net,ENOTFOUND
45425,huoshanimg.com,ENOTFOUND
45428,dreamyblogs.com,http_403
45429,waset.org,http_403
45427,hfbjz.top,ERR_TLS_CERT_ALTNAME_INVALID
45430,forza.net,http_200
45432,rabbit.tech,http_404
45436,bcc-ssp.com,ERR_TLS_CERT_ALTNAME_INVALID
45441,codemasters.com,http_200
45445,cx.ua,http_404
45439,chinabyte.com,http_404
45451,mhhauto.com,http_403
45450,ht.hr,http_404
45458,wineenthusiast.com,http_403
45454,tvmao.com,http_404
45460,k2twonline.com,ENOTFOUND
45461,edealer.ca,http_403
45465,canalplus.pro,ENOTFOUND
45467,xverse.cn,http_404
45474,ip-51-68-199.eu,ECONNRESET
45476,kurganobl.ru,ERR_SSL_DH_KEY_TOO_SMALL
45478,doubleucasino.com,http_404
45484,forgerock.com,http_200
45491,fastpark.net,ECONNRESET
45480,game.es,timeout
45483,meiboot.com,timeout
45494,ictun.com,ERR_TLS_CERT_ALTNAME_INVALID
45500,accessoticketing.com,ENOTFOUND
45505,sourcenext.com,http_200
45506,abnamro.com,http_503
45507,uczzd.cn,http_404
45504,mainns.de,timeout
45520,livable.co.jp,http_200
45525,flow-content.google,http_403
45530,inspireuplift.com,http_403
45531,ryce-rsp.com,http_200
45534,egyptair.com,http_403
45537,aslists.com,ENOTFOUND
45538,cssott02.com,ENOTFOUND
45536,120v.cn,ECONNREFUSED
45539,ibb.gov.tr,http_404
45545,t8cdn.com,ENOTFOUND
45547,brownells.com,http_403
45546,nic.fan,ERR_TLS_CERT_ALTNAME_INVALID
45521,shentel.net,timeout
45548,vetscanimagyst.com,http_200
45554,schulserver.de,http_404
45555,navegg.com,http_403
45556,keralavisionisp.com,http_200
45558,zspace.link,ENOTFOUND
45559,sorensoncloud.com,ENOTFOUND
45560,miyuki-web.net,ENOTFOUND
45564,schufa.de,http_200
45563,mailchimpsites.com,http_200
45566,srzx.com,http_404
45565,dns-root.ru,ECONNREFUSED
45567,furiousexpansion.com,http_200
45568,robintraco.top,ECONNREFUSED
45569,gonzaga.edu,http_403
45570,fflogs.com,http_403
45571,awsdns-cn-43.cn,ENOTFOUND
45573,divar.cloud,ENOTFOUND
45549,mauijim.com,timeout
45579,1337x.st,http_403
45582,nextcapital.com,http_403
45586,spmailtechnolo.com,ENOTFOUND
45588,mojsite.com,http_404
45589,misupport.ru,ERR_TLS_CERT_ALTNAME_INVALID
45572,ufrpe.br,timeout
45593,rubyblu.com,http_502
45585,openh264.org,http_404
45595,dietaryguidelines.gov,http_404
45600,live-hub.net,ENOTFOUND
45599,gol.com,http_404
45602,phtco.com,CERT_HAS_EXPIRED
45598,pella.com,http_403
45601,mineduc.cl,http_403
45607,hostclusters.com,ENOTFOUND
45604,pixiv.org,timeout
45612,portaldatransparencia.gov.br,http_405
45616,buypopart.com,http_404
45617,samsunggalaxy.com.cn,http_404
45619,gsb.gov.tr,http_404
45608,dodns.net,timeout
45620,meteofor.com,http_420
45623,allstarcluster.com,ENOTFOUND
45618,jzsnjzx.cn,ENOTFOUND
45622,hwcloudtest.cn,ENOTFOUND
45630,navigraph-cdn.com,ENOTFOUND
45629,yilanvaas.com,CERT_HAS_EXPIRED
45625,darkbytes.io,timeout
45633,mot.com,http_200
45636,evorra.net,ENOTFOUND
45639,amillionads.com,http_404
45643,monetrix.me,ENOTFOUND
45646,eajzzxhro.com,ENOTFOUND
45645,c3tag.com,http_404
45650,fishboardcrew.com,http_200
45651,vv1865.com,ENOTFOUND
45653,zapwp.com,ENOTFOUND
45656,mercadona.es,http_200
45660,tgpbx.com,ENOTFOUND
45663,locals.com,http_404
45664,rpm-bin.link,ENOTFOUND
45665,sotaconnect.net,http_200
45667,fullfact.org,http_200
45668,fms-udm.ru,http_403
45655,cpx.ru,ENOTFOUND
45676,ec922003.com,ENOTFOUND
45675,xrea.jp,ERR_TLS_CERT_ALTNAME_INVALID
45681,metahub.space,http_200
45687,tuik.gov.tr,http_404
45689,scredit.sg,ENOTFOUND
45691,gandi-ns.net,ENOTFOUND
45693,konimbo.co.il,http_200
45694,dizgslb.com,ENOTFOUND
45696,bir.gov.ph,http_200
45700,xo.gr,http_403
45708,weisiyuan.cn,http_404
45709,www.gov.cy,http_403
45710,liquidation.com,http_403
45706,megadata.co.kr,timeout
45712,bidtox.com,http_404
45715,hzqscc.com,ERR_SSL_TLSV1_ALERT_INTERNAL_ERROR
45701,servidorestavel.net,timeout
45721,nbskfyy.com,http_404
45728,isafepal.com,ENOTFOUND
45730,doleta.gov,http_200
45731,marketingusercontent.com,ENOTFOUND
45732,rehabsh.com,CERT_HAS_EXPIRED
45733,relay7ai.net,ENOTFOUND
45736,wpbookingcalendar.com,http_403
45737,peerspace.com,http_403
45720,haber7.net,timeout
45741,bonmarche.co.uk,http_200
45740,samaltman.com,ECONNRESET
45742,onmypc.net,ERR_SSL_WRONG_VERSION_NUMBER
45747,isimtescil.net,http_200
45758,radiolab.org,http_200
45760,holley.com,http_403
45767,animationmagazine.net,http_403
45769,big5sportinggoods.com,http_403
45759,unityclient.com,ENOTFOUND
45772,ciner.com.tr,http_200
45773,mongodb-qa.net,ENOTFOUND
45774,bertrand.pt,http_403
45775,dailyhitblog.com,http_403
45763,qyszz.net,timeout
45777,modal.run,http_404
45776,dila.fr,timeout
45770,gmi.gd,timeout
45783,chwjhb.com,ERR_SSL_TLSV1_ALERT_INTERNAL_ERROR
45780,vaillant-group.com,http_404
45786,nrwlokalradios.de,http_500
45788,myperfit.net,ENOTFOUND
45794,transfermarkt.mx,http_200
45797,3yjt.com,ENOTFOUND
45779,tuxconnect.info,timeout
45805,otcdn.com,http_500
45804,qchannel01.cn,http_404
45810,procon.org,http_403
45812,meredith.com,http_200
45813,oryapis.com,ENOTFOUND
45816,esaunggul.ac.id,http_403
45817,spo-dc-msedge.net,ENOTFOUND
45818,profitabledisplaycontent.com,http_200
45806,appclicking.com,timeout
45807,tiaa-cref.org,timeout
45822,cachequick.pro,ENOTFOUND
45823,streamguys.net,ERR_TLS_CERT_ALTNAME_INVALID
45825,calabriocloud.com,http_404
45829,stust.edu.tw,http_404
45834,mangahub.io,http_403
45836,vodplayvideo.net,ENOTFOUND
45820,peerfect.org,timeout
45837,userede.com.br,http_500
45842,ireader.com,http_202
45846,zudanje.com,ECONNREFUSED
45848,kc-usercontent.com,ENOTFOUND
45847,faststone.org,http_404
45851,lovehoney.co.uk,http_403
45853,staff-start.com,http_403
45841,hepsiburada.net,timeout
45850,wxnz.net,timeout
45868,simpplr.com,http_403
45869,collo.net,ENOTFOUND
45874,nsnlookup.com,http_503
45858,streamruby.com,timeout
45880,dellsupportcenter.com,ERR_TLS_CERT_ALTNAME_INVALID
45882,jannyai.com,http_403
45884,blog2news.com,http_403
45885,apigee.com,http_200
45886,ifortuna.cz,http_403
45887,oschadbank.ua,err
45890,sloclaponline.com,ENOTFOUND
45888,cjbgxt.com,CERT_HAS_EXPIRED
45879,shoecarehotline.cam,ENOTFOUND
45894,kissthenet.net,ENOTFOUND
45902,reef.com,http_404
45906,gotoip11.com,ENOTFOUND
45909,bbtnet.com,ENOTFOUND
45916,glnet.edu.cn,ENOTFOUND
45920,euroclear.com,http_403
45915,klaviyomail.com,timeout
45921,karuka.tech,http_404
45923,ldrws.com,http_404
45903,zimgs.cn,timeout
45930,riverlayboy.shop,ENOTFOUND
45931,sgsonline.net,ENOTFOUND
45933,hapvida.com.br,http_403
45936,ogm.gov.tr,http_404
45938,appboy.eu,ENOTFOUND
45940,kazanmarathon.org,http_403
45939,ycmhc.cn,ENOTFOUND
45941,nta.ac.in,http_404
45949,onzeblog.com,http_403
45950,americorps.gov,http_403
45952,teinon.net,ENOTFOUND
45955,ppay.me,ENOTFOUND
45954,vatera.hu,http_202
45956,sportsmansguide.com,http_403
45957,menstoppingviolence.org,http_403
45959,balancy.dev,http_404
45960,getnet.com.br,http_403
45962,mv.ru,http_404
45935,cumception.com,timeout
45964,scoliawhaly.shop,ENOTFOUND
45961,myzyxel.com,http_200
45963,launcher365.top,ENOTFOUND
45967,bistro.sk,http_403
45969,spdx.org,http_404
45970,mod.gov.eg,ENOTFOUND
45972,amazon-value-service.com,ENOTFOUND
45981,marvelvsdc.faith,ECONNRESET
45982,carzing.com,http_403
45983,vaxvacationaccess.com,http_403
45978,anonymouse.org,timeout
45980,rusklimat.net,timeout
45989,vulkan-bets.net,http_404
45992,epocacosmeticos.com.br,http_429
45985,ultraconnect.com,timeout
46001,waophoto.com,ECONNREFUSED
46003,ormatenqron.com,ERR_SSL_TLSV1_ALERT_INTERNAL_ERROR
46005,advstatistics.com,ENOTFOUND
46006,icourse163.org,http_404
46008,vast.com,http_403
46012,tab.co.nz,http_403
46000,leadhit.io,timeout
46017,mobyoung.com,http_404
46016,ipvoid.com,http_403
46021,kirklands.com,http_404
46022,adfluxsp.com,ENOTFOUND
46023,theideasblog.com,http_403
46026,listtrac.com,http_200
46027,scoremer.com,http_403
46029,pddugc.com,ENOTFOUND
46031,onclckinpg.com,ENOTFOUND
46032,armtek.by,http_503
46033,notinoimg.com,ENOTFOUND
46035,everythingkitchens.com,http_403
46036,propertyguru.com.my,http_403
46039,gandi-ns.eu,ENOTFOUND
46040,electrolux.com.br,http_503
46042,r2g.click,ENOTFOUND
46020,oregonlegislature.gov,timeout
46047,universalpicturesathome.com,http_404
46050,urljet.com,ERR_TLS_CERT_ALTNAME_INVALID
46049,reaper.fm,http_404
46051,sk-diagnostics.com,ENOTFOUND
46053,cctld-servers.net.jo,ENOTFOUND
46045,burmed.ru,timeout
46056,duokan.com,http_200
46065,bobodoo.com,http_404
46059,ddns.us,ERR_SSL_WRONG_VERSION_NUMBER
46066,awsdns-cn-00.biz,ENOTFOUND
46076,denso.com,http_403
46075,rhul.ac.uk,http_404
46081,technodom.kz,http_403
46086,illinoislottery.com,http_403
46085,jdcloud-oss.com,ECONNREFUSED
46087,navercdn.com,ENOTFOUND
46090,netzrun.at,ENOTFOUND
46091,streamzy.to,ENOTFOUND
46083,bankofchina.com,http_200
46098,dsbackend.com,ENOTFOUND
46101,cryptpad.fr,http_404
46104,skytvro.com,ENOTFOUND
46107,fastcloud.ge,http_404
46109,nfib.com,http_403
46108,amazonappstream.com,timeout
46119,standaardboekhandel.be,http_403
46124,cdnyeah.com,CERT_HAS_EXPIRED
46128,xhjxpt.com,ERR_TLS_CERT_ALTNAME_INVALID
46130,imag.fr,ENOTFOUND
46132,snva.jp,ENOTFOUND
46115,tsetmc.com,timeout
46136,davesgarden.com,http_403
46137,xjqifei.com,ENOTFOUND
46125,itsecure.co.in,timeout
46141,kuku.lu,http_200
46143,tdnsv2.com,ENOTFOUND
46145,spoutroserve.com,ENOTFOUND
46146,vseego.com,ENOTFOUND
46147,fileplanet.com,http_404
46150,upserve.com,http_200
46133,c0nnectthed0ts.com,timeout
46153,lolprofile.net,http_403
46155,authenticatorlocalprod.com,ENOTFOUND
46156,ukwebsolutionsdirect.com,http_404
46157,bankhapoalim.co.il,http_200
46162,radarr.video,http_200
46164,cdntrex.com,ENOTFOUND
46166,starsbuildingweb.com,ENOTFOUND
46142,esippbx.com,timeout
46171,vzi.life,ENOTFOUND
46172,01isp.com,ENOTFOUND
46173,lematin.ma,http_403
46170,hanson.cn,http_403
46177,lytest.tk,ENOTFOUND
46178,chargemap.com,http_403
46185,upsaffiliate.net,ENOTFOUND
46187,smarttech-prod.com,ENOTFOUND
46189,colizeumarena.ru,ERR_TLS_CERT_ALTNAME_INVALID
46190,ideacom.ws,ERR_TLS_CERT_ALTNAME_INVALID
46191,sqrt-5041.de,ENOTFOUND
46195,immersivetranslate.cn,http_403
46199,moosic.io,http_404
46184,p.hu,timeout
46200,sdkconnect121.st,ECONNRESET
46201,poletracker.org,DEPTH_ZERO_SELF_SIGNED_CERT
46202,tfgm.com,http_202
46204,pixhost.cc,http_404
46206,imgnxb.com,ENOTFOUND
46207,nli.org.il,http_403
46209,b.hu,ECONNREFUSED
46211,seaslothu.com,ENOTFOUND
46210,awsdns-cn-24.net,ENOTFOUND
46212,euume.com,http_403
46213,acc-labs.com,ENOTFOUND
46216,jus.gov.ar,UNABLE_TO_VERIFY_LEAF_SIGNATURE
46217,scupio.com,DEPTH_ZERO_SELF_SIGNED_CERT
46221,hsbc.net,ENOTFOUND
46224,costacrociere.it,http_404
46214,newssc.org,ENOTFOUND
46227,bluvalt.sa,ENOTFOUND
46235,host-anycast.it,ENOTFOUND
46238,ed2go.com,http_403
46226,wzyzlm.com,ENOTFOUND
46243,use-tencentclb.net,ENOTFOUND
46242,sustat.com,timeout
46250,webclap.com,ENOTFOUND
46248,qizhihaotian.com,timeout
46251,autowereld.nl,http_403
46253,idola.net.id,http_404
46254,tmd.go.th,http_404
46247,edomex.gob.mx,timeout
46256,sapporo.jp,ENOTFOUND
46258,saxo.com,http_403
46261,supabets.co.za,http_404
46263,s7s.ai,ENOTFOUND
46264,mcas-gov.ms,http_200
46268,avanquest.com,http_200
46255,yican56.com,timeout
46257,lastline.com,timeout
46279,mbvlmb.com,ENOTFOUND
46278,futustatic.com,http_404
46281,ing.pl,http_200
46283,icsi.edu,http_200
46285,inpwrd.net,http_403
46286,mytonagames.com,ERR_TLS_CERT_ALTNAME_INVALID
46288,movabletype.org,http_404
46290,zjsn888.cn,ENOTFOUND
46294,zenlayer.win,ERR_TLS_CERT_ALTNAME_INVALID
46289,cultura.gov.br,http_403
46291,nic.me,timeout
46297,alulaprod.com,ENOTFOUND
46298,tucarro.com.co,http_404
46299,as8758.net,http_404
46301,by.me,ENOTFOUND
46308,ntt.co.jp,http_410
46310,digitalcore.club,http_200
46312,ouhsc.edu,http_404
46305,unq.edu.ar,http_200
46325,citizensinformation.ie,http_403
46330,securityaffairs.com,http_200
46321,mwmwebapis.com,timeout
46337,bytevdn.com,ENOTFOUND
46341,samfw.com,http_403
46345,getsatisfaction.com,http_503
46327,pop-hannover.net,timeout
46352,xn--80aaf4afvkjgic0i.xn--p1ai,http_403
46356,bibian.co.jp,http_403
46361,a7k.io,ENOTFOUND
46362,theeroticreview.com,http_404
46358,hudie920.com,CERT_HAS_EXPIRED
46367,i-novus.ru,http_403
46366,i234.me,ENOTFOUND
46371,plaisio.gr,http_403
46373,c.hu,ECONNREFUSED
46370,grfc.ru,timeout
46382,dmonster.kr,CERT_HAS_EXPIRED
46379,ediblearrangements.com,timeout
46384,severstal.com,http_403
46380,validx.shop,timeout
46388,45.in-addr.arpa,ENOTFOUND
46393,rttvnews.ru,ENOTFOUND
46397,xmmku.com,ENOTFOUND
46399,byteperf.com,ENOTFOUND
46398,cmiov.cn,ENOTFOUND
46401,nobelbiocare.com,http_200
46391,012.net.il,ERR_TLS_CERT_ALTNAME_INVALID
46405,thouvenin.cloud,http_200
46408,hand2mind.com,http_403
46409,booker.co.uk,http_403
46412,tda.link,ENOTFOUND
46413,glitch.com,http_200
46417,geodataload.com,ENOTFOUND
46418,funnelcockpit.com,http_429
46400,husqvarna.dev,timeout
46425,unitychina.cn,ENOTFOUND
46430,cloudways.cloud,ENOTFOUND
46429,webgo24.de,ERR_INVALID_URL
46432,fapexy.com,http_404
46434,toulouse.fr,http_200
46439,bot.com.tw,http_200
46441,creativeinternet.net,ENOTFOUND
46444,hmdglobal.net,ENOTFOUND
46445,deusto.es,http_403
46421,bankmellat.ir,timeout
46450,kefirgames.ru,http_502
46449,ciao.jp,ERR_TLS_CERT_ALTNAME_INVALID
46453,securityintelligence.com,UNABLE_TO_GET_ISSUER_CERT_LOCALLY
46457,vodafone.hu,ENOTFOUND
46460,galaxy.tf,ENOTFOUND
46462,lada.ru,http_200
46448,novusbio.com,timeout
46465,xtsdtredy.com,ENOTFOUND
46456,keralakaumudi.com,timeout
46475,fbr.gov.pk,http_404
46464,smartraveller.gov.au,timeout
46478,enviou.com.br,http_404
46479,upcloudobjects.com,http_404
46480,blog4youth.com,http_403
46482,ancensored.com,ECONNREFUSED
46483,standardandpoors.com,http_403
46487,niceisp.com,ECONNREFUSED
46471,education.gov.il,timeout
46490,fate-go.us,http_404
46498,panasia.cn,CERT_HAS_EXPIRED
46501,cndh.org.mx,http_500
46485,hbnjls.cn,timeout
46504,ymusicapp.com,http_404
46505,oireachtas.ie,http_200
46507,scilit.com,http_403
46506,repetitors.info,UND_ERR_SOCKET
46510,harbortouch.com,http_429
46517,server-routing.com,http_200
46515,deviceprotect.eu,http_404
46514,drsongzi.com,http_404
46519,ainandev.com,ENOTFOUND
46518,buddyprofits.com,http_404
46522,redecor.com,http_404
46520,orangeparking.cn,ENOTFOUND
46523,360mads.com,ECONNREFUSED
46528,cloud-cdn.xyz,ENOTFOUND
46529,ibercaja.es,http_200
46533,magiceden.dev,http_200
46534,nic.aws,http_200
46540,vulkanbets.org,http_404
46547,sogou-wallpaper.com,EHOSTUNREACH
46537,mitsubishi-motors.co.jp,http_404
46549,simplecast.cloud,ENOTFOUND
46551,initaj.com,ENOTFOUND
46548,e.hu,timeout
46556,myenergi.net,ERR_TLS_CERT_ALTNAME_INVALID
46557,d.hu,ECONNREFUSED
46541,yunwuxian.com,timeout
46561,pop-chat.net,ENOTFOUND
46565,cellartracker.com,http_403
46566,raketa-balance.com,ENOTFOUND
46569,jetengine.be,ENOTFOUND
46571,mixtubepro.com,http_404
46570,mammothvps.com.au,ERR_TLS_CERT_ALTNAME_INVALID
46573,ma-shops.com,http_404
46574,api-proxier.com,ENOTFOUND
46575,hilton.io,ENOTFOUND
46576,hellobike.com,http_404
46579,pbapi.xyz,ENOTFOUND
46581,ptagv.cc,ENOTFOUND
46582,very.ie,http_403
46585,prezicdn.net,ENOTFOUND
46586,putfile.com,ECONNREFUSED
46588,mip-platform.net,ENOTFOUND
46589,manhwatop.com,http_403
46591,ovationtix.com,http_200
46594,fansmetrics.com,http_403
46597,mobilize.us,http_403
46600,gipuzkoa.eus,UNABLE_TO_GET_ISSUER_CERT_LOCALLY
46601,motionarray.com,http_403
46602,touchnet.com,http_403
46587,wqswl2940637fafa.com,timeout
46607,enpara.com,http_500
46608,heqilense.com,ENOTFOUND
46609,fuyoutianshi.com,http_404
46606,ccnu.edu.cn,http_404
46613,etecsa.cu,http_403
46603,spreadfirefox.com,timeout
46615,mdkblog.com,http_403
46614,chinahr.com,http_404
46618,maxmara.com,http_403
46619,masterbetter.eu,ENOTFOUND
46616,ntsc.ac.cn,ENOTFOUND
46617,begmedia.com,timeout
46621,forzafootball.net,ENOTFOUND
46620,nga.mil,http_403
46625,coachoutlet.com,http_403
46626,dotaclash.com,http_403
46633,nic.pub,ERR_TLS_CERT_ALTNAME_INVALID
46636,cyxym.net,http_404
46643,olhostingupd.ru,ECONNREFUSED
46646,monthlyreview.org,http_200
46645,t-shirtwholesaler.com,DEPTH_ZERO_SELF_SIGNED_CERT
46641,jxmhzsgc.com,ERR_SSL_TLSV1_ALERT_INTERNAL_ERROR
46653,2090000.ru,http_403
46651,rasmussenreports.com,http_404
46656,truetrophies.com,http_403
46658,jeevansathi.com,http_403
46659,rumadm.net,ENOTFOUND
46660,newshub.co.nz,http_404
46663,gofood.co.id,http_403
46665,medsi.ru,http_200
46654,bistudio.cz,timeout
46661,incra.gov.br,timeout
46672,dualopen.com,http_404
46678,melaleuca.com,http_403
46677,overpass-api.de,http_406
46681,phdns24.es,ENOTFOUND
46667,icop.net.gr,timeout
46683,tvc.ru,ENOTFOUND
46684,profession.hu,http_500
46689,ncrplatform.com,CERT_HAS_EXPIRED
46688,szhkzsgc.com,ERR_SSL_TLSV1_ALERT_INTERNAL_ERROR
46691,byteacctimg.com,ENOTFOUND
46693,tpx.net,ENOTFOUND
46692,animatetimes.com,http_404
46698,mfcimg.com,http_404
46685,ilc.edu.tw,ENOTFOUND
46704,hifixie.com,ENOTFOUND
46706,wellcome.ac.uk,http_202
46707,trustpool.ru,http_404
46710,fwpub1.com,ENOTFOUND
46717,carecreditprovidercenter.com,http_403
46701,f.hu,timeout
46718,20.in-addr.arpa,ENOTFOUND
46722,jins.com,http_403
46724,mspapis.com,ENOTFOUND
46729,astaro.com,http_403
46730,netskrt.net,ENOTFOUND
46731,dvrlink.net,ECONNREFUSED
46734,knesset.gov.il,http_473
46735,the-dots.com,http_403
46738,great-site.net,http_404
46741,viaggiatreno.it,http_200
46742,uralkali.com,http_200
46745,baretechs.com,http_404
46749,hitv.ltd,http_404
46752,burgerking.com.br,http_403
46750,cusat.ac.in,UNABLE_TO_VERIFY_LEAF_SIGNATURE
46754,biblioclub.ru,http_403
46755,ascap.com,http_403
46733,telecom.by,timeout
46763,ksztshushu.com,ENOTFOUND
46764,qmsystems.de,http_404
46766,jlpokcu.cloud,ECONNRESET
46771,aarons.com,http_403
46767,miranimbus.ru,CERT_HAS_EXPIRED
46773,sis001.com,http_403
46774,shpik.cc,ENOTFOUND
46776,wpp.com,http_403
46775,triple-chance-777.com,http_200
46778,rabbitscams.sex,http_403
46780,dailyblogzz.com,http_403
46783,hublot.com,http_403
46787,c8win.com,ENOTFOUND
46788,shnu.edu.cn,http_404
46790,begolbatan.com,ENOTFOUND
46792,mercadopublico.cl,http_404
46791,spaceforce.mil,http_403
46793,a4v690i84d0ak10tzweg.live,http_404
46785,microsoftstore.com,timeout
46800,tlintegration.com,http_404
46809,cloudns.io,ENOTFOUND
46810,woopic.com,ENOTFOUND
46808,taishinbank.com.tw,http_404
46815,lasership.com,http_200
46816,farmashop.com.uy,http_403
46821,pbsadverxo.com,http_503
46825,daycoval.com.br,http_500
46826,guidemefast.com,http_404
46827,idaptive.app,ENOTFOUND
46830,hs-esslingen.de,http_200
46829,sonyclassics.com,http_200
46831,okks01.top,ENOTFOUND
46834,exponential-e.net,ENOTFOUND
46812,transitcard.ru,timeout
46838,ancestrycdn.com,http_403
46837,fdcnet.biz,ENOTFOUND
46843,launcherios.com,http_200
46836,voxclear.cc,timeout
46851,panasonic.net,http_404
46852,bilyoner.com,http_400
46854,versanus.hu,http_404
46856,tradetalk.us,ENOTFOUND
46847,kcxru2940637fafa.com,timeout
46867,tributearchive.com,http_403
46868,adindex.com,http_200
46873,ufficiocamerale.it,http_403
46875,hotdeals.com,http_403
46877,koddos.com,http_404
46881,vipkrutaiekeme.icu,ENOTFOUND
46886,penana.com,http_403
46889,freepascal.org,http_404
46866,qhdsjzxzs.com,timeout
46891,aftx.net,timeout
46892,qinkuai36.com,timeout
46896,scorpion.co,http_403
46895,aysima.net,ENOTFOUND
46894,sep.gob.mx,timeout
46901,collegextra.net,ERR_TLS_CERT_ALTNAME_INVALID
46902,earthlink-vadesecure.net,http_200
46904,accessbankplc.com,http_404
46905,werndfij.top,ENOTFOUND
46907,kiwify.com,http_404
46909,myukcloud.com,http_404
46897,themoneytizer.fr,timeout
46898,homelinux.org,timeout
46917,xkw.com,http_405
46922,maxtrader.eu,CERT_HAS_EXPIRED
46923,jscnc.net,ENOTFOUND
46924,l3.net,CERT_HAS_EXPIRED
46926,clinique.com,http_403
46920,creekcould.com,ENOTFOUND
46927,dataforce.net,ECONNREFUSED
46928,kimc.co.kr,ECONNREFUSED
46929,qeodns.com,ENOTFOUND
46910,costacoffee.com,timeout
46936,plat.fi,ENOTFOUND
46937,snappmaps.ir,ERR_TLS_CERT_ALTNAME_INVALID
46931,mazda.co.jp,http_404
46941,switchns.eu,ENOTFOUND
46940,rogsvc.com,ENOTFOUND
46947,xano.io,http_200
46951,yaplog.jp,http_200
46955,hipporeels.com,ENOTFOUND
46935,t66y.com,timeout
46958,vidangel.com,http_403
46960,st-av.net,ENOTFOUND
46962,1gr.cz,http_404
46961,tiktokshops.us,http_200
46963,uw.systems,ENOTFOUND
46964,wildkat.net,ENOTFOUND
46965,myaccainsurance.com,http_200
46969,yugioh-card.com,http_404
46970,mopar.com,http_403
46973,p99nxpivfscyverz.me,http_403
46975,blogsvila.com,http_403
46968,fiverrcdn.com,timeout
46979,singlekey-id.com,http_404
46957,facile.it,timeout
46982,sewarsremeets.cfd,ENOTFOUND
46983,6gamehub.com,http_200
46984,userlocal.jp,http_404
46990,moai-prod-samsung.com,http_404
46989,cput.ac.za,UNABLE_TO_VERIFY_LEAF_SIGNATURE
46992,xkred27.net,ENOTFOUND
46997,gouv.tg,ERR_TLS_CERT_ALTNAME_INVALID
47005,staqlab.com,http_404
47007,voices.com,http_403
47009,platocdn.com,ENOTFOUND
47014,fiduciaweb.it,http_404
47015,cittamatra.com,http_503
46996,worldsecuresystems.com,timeout
47016,lex.com.my,http_500
47021,wards.com,http_403
47020,menulink.io,http_404
47024,alliancelslabs.com,ERR_TLS_CERT_ALTNAME_INVALID
47026,rpg.net,http_403
47008,gartic.io,timeout
47030,ticketsatwork.com,http_403
47029,fliggy.com,http_200
47027,in.com,http_403
47035,freechatnow.com,http_404
47038,asus.com.cn,http_403
47041,aisports.cc,http_502
47042,finda.co.nz,UNABLE_TO_VERIFY_LEAF_SIGNATURE
47043,io-servers.com,ERR_SSL_TLSV1_UNRECOGNIZED_NAME
47046,blacktunnel6.net,ENOTFOUND
47044,nic.et,ENOTFOUND
47040,elion.ee,ECONNRESET
47050,sbcounty.gov,http_200
47051,bonjour-ratp.fr,http_403
47054,ott4china.com,ENOTFOUND
47056,ultramobile.com,http_403
47057,pinpoll.com,http_404
47049,hallmarkchannel.com,timeout
47060,ratepay.com,http_200
47062,pixelriverforge.com,ERR_SSL_TLSV1_ALERT_INTERNAL_ERROR
47063,cwfservice.net,ENOTFOUND
47052,ukjwb2940637fafa.com,timeout
47064,intrans.az,http_200
47067,softonic.ru,http_412
47069,onegameslink.com,ENOTFOUND
47070,group.bnpparibas,http_403
47071,blogsmine.com,http_403
47076,pubyun.com,http_404
47078,flashjoin.net,ERR_TLS_CERT_ALTNAME_INVALID
47074,mais.social,timeout
47083,rusdosug.com,http_200
47085,brazzerssurvey.com,http_200
47081,pyn.ru,timeout
47082,highwire.org,http_530
47086,mishkalapy.life,ENOTFOUND
47091,trueleadid.com,ENOTFOUND
47090,usedirect.com,http_404
47097,journalism.org,http_404
47101,jioconnect.com,ENOTFOUND
47105,tinyns.me,ENOTFOUND
47089,eyesonff.com,timeout
47108,kmbc.com,http_451
47109,cleanmasters.club,ENOTFOUND
47113,viddea.com,ENOTFOUND
47114,baonghean.vn,http_403
47116,camera666.com,ENOTFOUND
47117,iko-yo.net,http_403
47118,ownmyserver.com,http_404
47104,dynuddns.net,timeout
47120,remote-care.eu,ECONNREFUSED
47121,thesova.click,ENOTFOUND
47106,my-hosting-panel.com,timeout
47125,notretemps.com,http_403
47126,tricom.net,http_404
47127,scalr.net,CERT_HAS_EXPIRED
47128,fastrovok.net,ENOTFOUND
47129,peer2profit.site,ENOTFOUND
47130,sigscicloudwaf.com,ENOTFOUND
47132,hdhub4u.fo,ENOTFOUND
47134,wnep.com,http_200
47122,tsbluebox.com,ENOTFOUND
47141,airmail.net,UNABLE_TO_VERIFY_LEAF_SIGNATURE
47142,fdma.go.jp,http_404
47143,rongnav.com,ENOTFOUND
47146,cartercenter.org,http_404
47155,tcddtasimacilik.gov.tr,http_200
47152,vindicosuite.com,ENOTFOUND
47162,ciee.org.br,http_403
47163,carlsonwagonlit.com,ENOTFOUND
47164,silent-basis.pro,http_404
47167,csqtrk.net,ENOTFOUND
47169,marcos.com,http_404
47160,jaas.com.cn,ENOTFOUND
47176,pfxcloud.com,ENOTFOUND
47177,pckqac.tech,ENOTFOUND
47180,infopedia.pt,http_403
47185,jirenjituan.com,ECONNRESET
47187,japaaan.com,http_404
47189,deltadental.com,http_200
47179,mtgsy.com,timeout
47182,primorsky.ru,timeout
47196,digi.hu,http_503
47199,kakobuy.com,http_200
47201,ffx.io,ENOTFOUND
47200,aboutstatic.com,ENOTFOUND
47202,8k.com,http_200
47206,d3rem.com,http_404
47208,kleekr.com,http_404
47195,rknwatch.digital,ENOTFOUND
47218,mktoedge.com,ENOTFOUND
47225,tome.ge,http_200
47227,vz-connect.com,ENOTFOUND
47213,bestsrv.de,timeout
47231,showcdnx.com,ENOTFOUND
47232,tcsapps.com,ENOTFOUND
47236,ucc.edu.gh,http_404
47237,ja-blog.com,http_403
47238,latestgrowing.com,http_404
47224,webtv.net,timeout
47241,shdid.me,http_403
47234,jpkhj2940637fafa.com,timeout
47246,cloudkeyz.com,CERT_HAS_EXPIRED
47248,dailystar.com.lb,http_403
47240,museum.ru,timeout
47250,awsdns-eusc-02.eu,ENOTFOUND
47253,driftapi.com,http_404
47244,chinaunicom.com,timeout
47256,z1cdn.com,ENOTFOUND
47258,btopenworld.com,ENOTFOUND
47262,cvtdns.com,ENOTFOUND
47267,f5.si,http_404
47273,e-chalupy.cz,http_403
47277,akamaized.ca,ENOTFOUND
47271,pknu.ac.kr,http_403
47276,zomato.tw,ENOTFOUND
47279,checkers.co.za,http_403
47282,raiolanetworks.es,http_410
47283,rocketaccount.com,http_403
47285,tusblogos.com,http_403
47288,hotala.com,http_403
47287,vynetrellis.com,http_200
47290,legalmatch.com,http_403
47292,wheaton.edu,http_403
47291,cpanellogin.net,http_404
47295,landoffree.com,http_404
47297,rero.ch,http_200
47298,karlsruhe.de,http_404
47299,ctydoh.cn,ENOTFOUND
47300,nvcc.edu,http_404
47301,eyeplay.org,http_404
47286,fansale.de,timeout
47304,immd.gov.hk,http_404
47293,melbourneit.net,timeout
47307,gradient.host,ENOTFOUND
47308,onstar.com,http_403
47309,effiliation.com,http_200
47311,npocloud.nl,ENOTFOUND
47313,casino50.com,ENOTFOUND
47315,icfi.ir,err
47325,cyberport.de,http_403
47327,traffmovie.com,ENOTFOUND
47332,streis.ru,DEPTH_ZERO_SELF_SIGNED_CERT
47333,aerstal.ru,http_404
47335,blockedbyheimdalsecurity.com,CERT_HAS_EXPIRED
47338,128.in-addr.arpa,ENOTFOUND
47337,li.me,http_404
47341,icrimewatch.net,http_403
47344,liga.nu,http_200
47340,webmasterhome.cn,ECONNRESET
47347,xinjiang.gov.cn,http_404
47351,machb.org,ENOTFOUND
47354,fishserver.ru,http_404
47345,musin.de,ENOTFOUND
47358,adzuna.co.za,http_405
47359,breadgateway.net,ENOTFOUND
47363,oceanloghub.com,ENOTFOUND
47373,npage.de,CERT_HAS_EXPIRED
47376,u-p.pw,ENOTFOUND
47377,thegoodguys.com.au,http_403
47379,chimp684.com,ENOTFOUND
47353,addpv.com,timeout
47380,linuxfromscratch.org,http_404
47383,torrentbay.st,http_403
47385,home24.de,http_403
47387,otto-office.com,http_200
47390,jowo.tv,http_404
47393,socalgas.com,http_403
47395,monoprice.com,http_403
47396,santehnika-online.ru,http_403
47397,tuc.gr,http_200
47378,jzldt2940637fafa.com,timeout
47400,bleepblogs.com,http_403
47401,reseau-canope.fr,err
47394,juridicas.com,UNABLE_TO_VERIFY_LEAF_SIGNATURE
47402,xztbxz.com,ENOTFOUND
47407,expressnetw.com,ENOTFOUND
47399,srv-hostalia.com,timeout
47410,kyocera.com,http_404
47420,shujupie.com,ENOTFOUND
47421,mzsakha.ru,ENOTFOUND
47422,codahosted.io,http_404
47424,actorsaccess.com,http_404
47423,omskportal.ru,UNABLE_TO_VERIFY_LEAF_SIGNATURE
47427,heb.com.mx,http_403
47428,kinoza.life,ENOTFOUND
47437,157.in-addr.arpa,ENOTFOUND
47438,nic.farm,ERR_TLS_CERT_ALTNAME_INVALID
47413,portlandoregon.gov,timeout
47447,pbi.net,ENOTFOUND
47449,kingclouddns.com,ENOTFOUND
47454,glifeblog.com,http_403
47439,sinesp.gov.br,timeout
47455,nic.download,ERR_TLS_CERT_ALTNAME_INVALID
47456,ikoula.fr,http_200
47457,statisticbrain.com,ENOTFOUND
47458,vizor-games.com,http_404
47459,onelnk.com,ERR_TLS_CERT_ALTNAME_INVALID
47460,jksync.com,http_404
47463,mytv.xin,ENOTFOUND
47464,taetee.com,http_503
47466,clouddns88.com,ENOTFOUND
47472,g1-dns.one,ENOTFOUND
47473,bhvr7dtd.com,ENOTFOUND
47475,redbutton.de,http_200
47474,tainan.gov.tw,http_410
47476,xiaoyakankan.io,http_403
47479,marketminute.com,http_404
47480,mystagingwebsite.com,http_404
47452,datacomm.ch,timeout
47485,oie.int,http_403
47486,mfrcdn.com,ENOTFOUND
47489,masters.bg,ECONNREFUSED
47488,jfc.go.jp,http_404
47495,solarcyclonesky.com,ERR_SSL_TLSV1_ALERT_INTERNAL_ERROR
47499,sciencebuddies.org,http_403
47498,truecorp.co.th,http_200
47502,deepstateplatypus.com,ENOTFOUND
47505,okx-doh.com,http_403
47506,myvideo.de,http_200
47511,casino-stars.org,ENOTFOUND
47510,shopping.com,http_403
47514,btrackhub.com,ENOTFOUND
47520,learnmeabitcoin.com,http_403
47521,rytr.me,http_404
47523,redfoxdns.com,ENOTFOUND
47524,mtnirancell.ir,ENOTFOUND
47527,newschannelnebraska.com,http_404
47509,fpiml2940637fafa.com,timeout
47531,laisvas.lt,http_200
47530,ofd-magnit.ru,http_403
47536,aesirmc.com,http_200
47540,community.forum,http_403
47541,jti.com,http_429
47545,qimengdata.cn,http_404
47547,nic.guru,ERR_TLS_CERT_ALTNAME_INVALID
47550,adidas.it,http_403
47551,midural.ru,http_423
47533,metinvest.com,timeout
47553,xn--d1asm.xn--c1avg,ENOTFOUND
47554,saic.gov.cn,ENOTFOUND
47557,awsdns-cn-45.net,ENOTFOUND
47556,afip.gov.ar,http_404
47559,codigames-data.net,ENOTFOUND
47560,freeawesometv.com,http_200
47548,education.gov.au,timeout
47564,atid.me,http_404
47565,awsdns-cn-34.biz,ENOTFOUND
47567,nodies.app,http_404
47566,91jingyun.com,ENOTFOUND
47574,gravypass.com,http_404
47575,newddns.com,http_404
47577,match2one.net,ENOTFOUND
47578,lastminute.de,http_403
47583,geant.org,http_403
47584,popup-blog.com,http_403
47585,yndns.top,ENOTFOUND
47587,bfsu.edu.cn,http_404
47571,specialdays.com.au,timeout
47590,getmerlin.in,http_403
47596,modal-storage.com,ENOTFOUND
47600,hexbel.cc,ENOTFOUND
47608,philhealth.gov.ph,http_404
47599,seniorcloud.com.br,timeout
47614,ghostchu-services.top,ENOTFOUND
47616,ancestry.de,http_403
47618,freeadblockerbrowser.com,http_200
47612,melisystems.com,ENOTFOUND
47620,nextiva.xyz,http_403
47621,placedestendances.com,http_403
47622,1.in-addr.arpa,ENOTFOUND
47624,media-server.com,http_403
47631,nationaltheatre.org.uk,http_403
47615,kakig2940637fafa.com,timeout
47632,aapt.com.au,http_200
47637,edupoint.com,http_403
47640,anidex.moe,ECONNREFUSED
47647,oraclerealm1.com,ENOTFOUND
47636,yuyang0769.com,ECONNREFUSED
47643,forbesimg.com,ENOTFOUND
47650,serverbyt.in,http_404
47653,sabaidea.cloud,ENOTFOUND
47657,pegi.info,UND_ERR_SOCKET
47659,psyco.fr,http_200
47658,10xorder.com,ECONNREFUSED
47662,urbanica-wh.com,http_403
47663,webrez.com,ENOTFOUND
47664,tekion.xyz,ENOTFOUND
47666,pacifiko.com,http_403
47667,bankro.tech,http_403
47669,qingdaonews.com,http_404
47672,playkot.com,http_404
47677,orange.net.il,ENOTFOUND
47678,awsdns-cn-32.com,ENOTFOUND
47676,hcmut.edu.vn,http_200
47680,equinor.com,http_404
47683,huntingnet.com,http_403
47690,newpharma.be,http_403
47691,invisionsetup.com,ENOTFOUND
47692,insales-cdn.com,ENOTFOUND
47696,lesliespool.com,http_403
47686,pavlovmedia.net,timeout
47698,tlgfast.com,http_200
47699,aegonins.com,http_200
47701,unoosa.org,http_200
47704,vcdn.cloud,http_204
47708,ageofempires.com,http_404
47712,publicbikesystem.net,ENOTFOUND
47713,roockmobile.com,http_404
47714,aioinissaydowa.co.jp,http_404
47716,acharbashi.info,ENOTFOUND
47717,bookmap.com,http_404
47719,talentbrew.com,ECONNRESET
47720,citydrive.ru,http_403
47722,bcs-express.ru,http_200
47726,luwebs.com,http_403
47727,navirank.com,http_403
47707,lxneq2940637fafa.com,timeout
47732,as-nmt.de,http_403
47733,weojosaieiqo.com,ENOTFOUND
47740,hpconnected.com,http_400
47741,odpbusiness.com,http_200
47725,tftpd.net,timeout
47743,mtgarena.com,http_200
47744,biletix.com,http_200
47745,etorostatic.com,ENOTFOUND
47734,curriculumnacional.cl,timeout
47749,bjhzby.com,ECONNREFUSED
47747,ylc.edu.tw,ENOTFOUND
47755,blogsys.jp,ENOTFOUND
47758,musoplayer.com,http_404
47759,rsdelivers.com,http_200
47760,8888tube.com,ENOTFOUND
47746,natgenagency.com,timeout
47762,rubyforge.org,ECONNREFUSED
47761,unimed.ac.id,http_500
47764,cdn-vas.net,ENOTFOUND
47769,classicindustries.com,http_403
47775,lugame123.games,ENOTFOUND
47776,jmosl.com,http_404
47785,twdcns.co.uk,http_403
47772,chinachip.cn,timeout
47784,echatsoft.com,http_404
47786,jerrysartarama.com,http_403
47787,lacarte.menu,http_403
47789,anylist.com,http_200
47794,mbna.co.uk,http_200
47790,88cdn.com,ENOTFOUND
47796,nelogica.com.br,http_403
47791,rncb.ru,UNABLE_TO_GET_ISSUER_CERT_LOCALLY
47801,s3-rus.ru,ENOTFOUND
47803,astragate.space,timeout
47809,ecommunity.com,http_403
47811,iwkoeln.de,http_401
47810,i-a.co.uk,CERT_HAS_EXPIRED
47814,matetranslate.com,http_403
47799,grantome.com,timeout
47817,holidaycottages.co.uk,http_403
47819,tvpusher.com,http_404
47813,bybit.org,ENOTFOUND
47820,faidns.com,CERT_HAS_EXPIRED
47824,weplananalytics.com,http_200
47828,xenalive.me,http_404
47830,dominos.co.uk,http_403
47818,ionrr2940637fafa.com,timeout
47841,zhangyi123.com,CERT_HAS_EXPIRED
47834,vasstycom.com,timeout
47843,dialogue.earth,http_403
47844,blitzoffice.com,ENOTFOUND
47846,api-dc2-prod-09.cyou,http_404
47847,cert.ee,http_200
47839,udm.net,ENOTFOUND
47848,reservio.com,http_200
47849,websahibi.com,http_404
47851,sgzones.sg,ENOTFOUND
47852,netherrealm.com,http_404
47858,convertingcolors.com,http_403
47859,finances.gouv.fr,ENOTFOUND
47860,api-dc-prod-009.cyou,http_404
47861,ems01.eu,ENOTFOUND
47865,kjsl.com,ERR_TLS_CERT_ALTNAME_INVALID
47854,highstar.shop,timeout
47869,paypal-ads.com,ENOTFOUND
47868,securetheorem.com,http_200
47870,business-spravka.xyz,ENOTFOUND
47872,obramax.com.br,http_403
47871,cxkfwn.com,ENOTFOUND
47873,tydevice.com,http_403
47877,stgcdn.com,ENOTFOUND
47878,happytradingslimited.com,http_404
47879,magix.net,ERR_TLS_CERT_ALTNAME_INVALID
47881,dewmobile.net,http_404
47885,imeitools.com,http_404
47890,vidublog.com,http_403
47893,bjs.gov,http_200
47895,bigabidserv.com,ENOTFOUND
47898,nlkoddos.com,http_404
47903,sabacloud.com,ECONNRESET
47905,schibsted.media,ENOTFOUND
47906,aps.dz,http_500
47907,94kkkb.com,ECONNREFUSED
47909,keemotion.com,http_200
47912,bxcq.cn,ECONNREFUSED
47915,aelionvel.com,ERR_SSL_TLSV1_ALERT_INTERNAL_ERROR
47922,concentric.net,ECONNREFUSED
47902,sgxgo2940637fafa.com,timeout
47925,justice.fr,UNABLE_TO_VERIFY_LEAF_SIGNATURE
47928,wbmason.com,http_502
47936,oecstatic.com,ENOTFOUND
47942,oneoneok.com,ENOTFOUND
47943,providersapp.com,ENOTFOUND
47945,wlky.com,http_451
47946,aiimsexams.ac.in,http_404
47949,transfermarkt.co.id,http_200
47951,nayatel.com,http_500
47952,nationalgeographic.co.uk,http_200
47950,nttu.edu.tw,http_404
47953,rappro.ru,http_403
47954,kobe.lg.jp,ENOTFOUND
47955,jiji.com.gh,http_403
47956,pravilamag.ru,http_200
47959,mendixcloud.net,ENOTFOUND
47960,inflowwapi.com,ENOTFOUND
47962,nrc.ca,http_403
47964,islandnet.com,http_404
47965,flamp.ru,http_403
47971,most-famous-paintings.com,http_404
47975,exporthub.com,http_403
47976,msddns.com,ENOTFOUND
47977,walker-cloud.com,ENOTFOUND
47980,elbloglibre.com,http_403
47982,hostsolute.ro,http_404
47983,byt360.com,CERT_HAS_EXPIRED
47987,swisscenter.com,http_200
47973,nxcli.net,timeout
47992,lc.cx,http_404
47994,raiadrogasil.io,ENOTFOUND
47996,kipling.com,http_403
47984,opsleep.com,timeout
48002,digitollblog.com,http_403
48005,dogovor-oferta.online,http_200
48006,tickets.ua,http_403
48007,famousfix.com,http_403
48015,raydium.io,http_404
48017,qixin.com,http_451
48021,nic.travel,ERR_TLS_CERT_ALTNAME_INVALID
48029,wondergame.net,ERR_TLS_CERT_ALTNAME_INVALID
48012,rpgni2940637fafa.com,timeout
48031,misitiohostgator.com,ENOTFOUND
48032,orange.md,http_200
48034,exponenthr.com,http_200
48036,androeed.ru,http_200
48038,altera.com,http_403
48028,gopsahome.info,timeout
48043,letslinc.com,ERR_SSL_TLSV1_ALERT_INTERNAL_ERROR
48054,filestackcontent.com,http_200
48055,blog-ezine.com,http_403
48053,westcall.net,timeout
48063,fn7game7v9.com,http_404
48064,fn7zone5v1.com,http_404
48065,hdhub4u.insure,ENOTFOUND
48051,sinacloud.com,timeout
48066,kl9sov4.com,http_403
48060,adhahi.dz,timeout
48068,n5t3vrjp.com,http_403
48071,t2z4rphk.com,http_403
48075,yako05.com,ENOTFOUND
48078,foundationcenter.org,http_403
48081,networksolutionsemail.com,http_404
48077,jjill.com,http_200
48085,tnltd.net,ERR_TLS_CERT_ALTNAME_INVALID
48086,e-bebek.com,http_403
48088,vip-bloggers.site,ECONNREFUSED
48089,cdns.net,http_404
48080,azmilf.com,timeout
48090,accessdomain.com,timeout
48094,gzidc.com,http_200
48099,buyoutblog.com,http_403
48101,bulsis.net,http_404
48100,sentryx.io,http_404
48103,moneywise.com,http_403
48106,digitalcardservice.com,http_404
48113,peugeot.fr,http_403
48110,bidcenter.com.cn,http_200
48115,6te.net,ERR_TLS_CERT_ALTNAME_INVALID
48104,ncnet.ru,timeout
48119,connectebt.com,http_403
48121,itcapital.io,ENOTFOUND
48120,bsnsports.com,http_429
48123,gpshopper.com,http_200
48128,nodered.org,http_404
48131,eatserver.nl,CERT_HAS_EXPIRED
48122,xnvho2940637fafa.com,timeout
48124,me8m8.com,timeout
48140,ggs-bf2.com,ENOTFOUND
48146,tanqeeb.com,http_202
48137,state.tx.us,ENOTFOUND
48151,claritaspod.com,http_404
48156,api-alliance.com,ENOTFOUND
48157,abw.by,http_468
48154,vtb.am,http_403
48160,wdfiles.com,http_404
48165,discordsays.com,http_404
48166,winelab.ru,http_403
48167,monic.mo,http_404
48172,tsukicloud.com,ENOTFOUND
48171,wjgslb.com,ENOTFOUND
48174,marcustheatres.com,http_403
48173,mycafe24.com,ERR_TLS_CERT_ALTNAME_INVALID
48178,gmc-uk.org,http_403
48180,wacken.com,http_404
48181,dot.pub,http_502
48182,simpleviewcms.io,ENOTFOUND
48179,rfb.gov.br,ERR_TLS_CERT_ALTNAME_INVALID
48189,esvalabs.com,ENOTFOUND
48190,1stmggv7.xyz,ENOTFOUND
48201,kylieblog.com,http_403
48203,tekioncdn.xyz,http_403
48186,xjkma2940637fafa.com,timeout
48207,kdenlive.org,http_404
48208,moyafree.co,http_403
48197,bmw.it,timeout
48210,tinyco.com,ENOTFOUND
48213,loocyy.com,ENOTFOUND
48216,auto-doc.it,http_403
48205,lloria.fr,timeout
48219,astar.mobi,ECONNRESET
48222,airlock.com,http_400
48223,unsri.ac.id,http_404
48224,yovole.com,http_404
48217,vnedu.vn,timeout
48218,mistral.co.uk,timeout
48225,mdn.dz,ENOTFOUND
48236,parkopedia.com,http_403
48237,zscdsy.com,ENOTFOUND
48240,msb.gov.tr,http_403
48229,fivecron.com,ENETUNREACH
48244,postman-echo.com,http_404
48242,fssprus.ru,http_474
48245,148.in-addr.arpa,ENOTFOUND
48247,ebony.com,http_403
48251,roktcalendar.com,ENOTFOUND
48255,bildstatic.de,ENOTFOUND
48257,fastmaildns.com,ENOTFOUND
48264,doity.com.br,http_404
48267,16clouds.com,ENOTFOUND
48271,cpsp.edu.pk,UNABLE_TO_VERIFY_LEAF_SIGNATURE
48259,cgeib2940637fafa.com,timeout
48272,bci.cl,http_403
48275,bloggazzo.com,http_403
48276,kuleuven.ac.be,ERR_TLS_CERT_ALTNAME_INVALID
48282,nodetszz.com,ECONNREFUSED
48284,tekioncloud.xyz,ENOTFOUND
48294,weezerapp.com,http_404
48296,mwn.de,ENOTFOUND
48298,cbfes.com,ENOTFOUND
48299,taxservice.am,ENOTFOUND
48297,kcg.gov.tw,http_404
48300,educations.com,http_202
48302,niigata.lg.jp,ENOTFOUND
48301,memed.com.br,http_404
48304,aha-dns.com,ENOTFOUND
48312,tangoo.it,http_200
48313,lemmadigital.com,http_404
48314,shifuapp.net,http_200
48319,omc-dns.com,ECONNREFUSED
48321,vibraenergia.com.br,http_403
48323,xodo.com,http_200
48325,dignityhealth.org,http_404
48328,alpha.gr,http_403
48332,barbero.zone,ENOTFOUND
48334,miyazono-kaori.com,ENOTFOUND
48336,owill.com.br,ERR_TLS_CERT_ALTNAME_INVALID
48326,cnna.io,timeout
48347,ixbt.site,ENOTFOUND
48337,kanterella.com,timeout
48345,ns.net.ua,timeout
48354,santander.cl,http_403
48356,bnw3w.com,http_403
48359,unlimitedhorizon.co.uk,http_404
48360,imile.com,http_200
48363,touchnet.net,http_404
48352,kinxcdn.com,timeout
48362,baadesaba.ir,http_403
48368,vk.link,http_404
48370,sogo.com,http_404
48364,ycgslb.com,timeout
48374,mlsub.net,http_403
48367,bookswagon.com,timeout
48375,awsdns-cn-04.com,ENOTFOUND
48376,webhost1.com,CERT_HAS_EXPIRED
48373,govvrn.ru,ECONNREFUSED
48387,ebsco.zone,ENOTFOUND
48389,multibrain.tech,http_404
48392,outscale.com,http_200
48394,zalando-lounge.com,http_403
48395,soundcdn.com,ENOTFOUND
48397,ambest.com,http_200
48384,itp.ne.jp,timeout
48385,mts-cdn.ru,timeout
48400,fa8c5de8.com,ENOTFOUND
48405,nemu.com.br,http_200
48410,homepornking.com,http_200
48398,hellogiggles.com,timeout
48411,gitforwindows.org,http_404
48413,ntfybzlyfw.com,ERR_SSL_TLSV1_ALERT_INTERNAL_ERROR
48414,cloudofs.com,ENOTFOUND
48404,spencersonline.com,timeout
48419,syfpayments.com,ENOTFOUND
48422,transfermarkt.pl,http_200
48423,meredithcorp.io,ENOTFOUND
48428,partstree.com,http_403
48429,hourlytechsignals.com,ENOTFOUND
48430,vroid.com,http_403
48431,sephora.de,http_403
48433,myalbum.com,http_404
48416,telkom.net.id,timeout
48436,bbt.com,http_200
48437,abc56.net,ENOTFOUND
48425,loverad.io,timeout
48443,like-blogs.com,http_403
48442,byd.com.cn,ERR_TLS_CERT_ALTNAME_INVALID
48445,bibalex.org,http_404
48450,nvmessd-servers.in,http_404
48455,spacecape.com,ENOTFOUND
48459,cps.edu,http_404
48460,pepsi.com,http_200
48461,etm.ru,http_444
48466,travistathree.com,ENOTFOUND
48468,vidiocdn.com,ENOTFOUND
48469,ekom21.de,http_404
48470,finbold.com,http_500
48472,netalerts.io,ENOTFOUND
48474,corsematin.com,http_200
48454,hangzhou.gov.cn,timeout
48477,admin.net.pl,http_200
48479,laredoute.co.uk,http_403
48480,mangobox.org,ENOTFOUND
48484,cloudpoint.com,http_200
48486,coolgcloud.com,http_404
48487,klasgame.com,http_403
48490,sicat.com,http_200
48489,ncu.edu.cn,http_404
48495,npfalliance.ru,http_403
48496,fieryflames.dev,http_200
48497,hdb.gov.sg,http_403
48500,jtexpress.ph,http_404
48522,mindray.com,http_200
48525,paypal-corp.com,ENOTFOUND
48526,radiantmobileapp.com,http_404
48517,homedns.org,timeout
48535,sunhr.com,DEPTH_ZERO_SELF_SIGNED_CERT
48523,napconoc2.com,timeout
48537,investireoggi.it,http_403
48538,idtm.io,ENOTFOUND
48541,jacquemus.com,http_403
48544,cyphernut.com,UNABLE_TO_VERIFY_LEAF_SIGNATURE
48545,gamepantheon.com,ENOTFOUND
48546,w3line.fr,http_200
48549,tbo.com,http_404
48532,ufyct.com,timeout
48556,blogdosaga.com,http_403
48557,amazingdo.com,http_404
48564,stackoverflow.tech,ENOTFOUND
48565,jackpotmasterslots.com,http_200
48568,thtrck.com,ENOTFOUND
48570,trulieve.com,http_403
48569,sky.com.br,http_403
48574,svgrepo.com,http_429
48573,valueserver.com.br,http_404
48580,countrycom.ru,http_200
48583,galawebhost.net,http_404
48578,defenselink.mil,timeout
48595,r2-bike.com,http_403
48597,premiere.fr,http_403
48601,otv.cc,ENOTFOUND
48600,newtvcdn.com,http_526
48585,dcceew.gov.au,timeout
48605,hzcdn.com,http_200
48606,koreatimes.com,ECONNREFUSED
48609,liberty-blog.com,http_403
48610,verfassungsblog.de,http_200
48613,dawg.wtf,CERT_HAS_EXPIRED
48615,cloudtaxoffice.com,http_403
48619,scholaris.ca,http_404
48623,tuchong.com,http_403
48625,andalucia.org,http_403
48627,clipmyhorse.tv,http_403
48629,f150forum.com,http_403
48630,masslottery.com,http_200
48633,signalvnoise.com,http_404
48632,ifes.edu.br,http_200
48636,ppoemcl.com,http_404
48638,plex.com,UNABLE_TO_VERIFY_LEAF_SIGNATURE
48639,funnyaihost.app,ENOTFOUND
48635,fuxue.com.cn,ENOTFOUND
48643,adobegenuine.com,ENOTFOUND
48640,binariaweb.net,CERT_HAS_EXPIRED
48645,130.in-addr.arpa,ENOTFOUND
48647,thehersheycompany.com,http_404
48648,dnsdhs.com,http_404
48652,shareholder.com,ENOTFOUND
48642,spotxchange.com,timeout
48655,happytapland.com,http_404
48656,irisohyama.co.jp,http_403
48659,vtexcommercestable.com.br,http_429
48660,sectigodns.com,ENOTFOUND
48663,ptc-asia.com,http_404
48664,salespider.com,http_403
48653,gogrid.com,timeout
48666,commentcamarche.com,http_200
48668,quadratec.com,http_403
48658,bekkoame.ne.jp,timeout
48670,yoursclothing.co.uk,http_403
48671,groutcleaners.com.au,http_403
48672,storeinfo.jp,ENOTFOUND
48675,taximachine.com.br,http_403
48676,awsdns-cn-40.net,ENOTFOUND
48677,zyns.com,ERR_SSL_WRONG_VERSION_NUMBER
48665,lnhi.net,timeout
48683,yampi.io,http_403
48684,mahjongsoul.com,http_200
48688,ooono.dk,http_200
48689,pltrm.net,ENOTFOUND
48690,awsdns-cn-26.com,ENOTFOUND
48686,wandoujia.com,timeout
48691,bridgestone.com,http_404
48694,olapic-cdn.com,ENOTFOUND
48693,varthabharati.in,http_403
48681,bcbsaz.com,timeout
48699,registryg.com,ENOTFOUND
48705,macromicro.me,http_403
48704,bridgeapp.com,http_403
48710,buffbuff.shop,ENOTFOUND
48703,as39202.co.uk,timeout
48711,daybreakgames.com,http_404
48715,dtvcommce.com,ENOTFOUND
48718,timesprayer.com,http_404
48707,luckysrv.de,timeout
48726,nintendo.nl,http_200
48724,kai.id,http_200
48728,readcomiconline.li,ENOTFOUND
48730,blog-eye.com,http_403
48729,hns.family,http_404
48731,vk-cdnvideo.com,ENOTFOUND
48722,demae-can.com,timeout
48735,lingxiuyun.net,ECONNRESET
48732,bluefrog.pw,timeout
48739,lloydsbankinggroup.com,http_200
48742,globalntp.com,ENOTFOUND
48747,ullapopken.de,http_403
48752,aceshowbiz.com,http_403
48737,jdb199.info,timeout
48754,freeuk.com,ERR_SSL_TLSV1_UNRECOGNIZED_NAME
48748,jamf.build,ENOTFOUND
48759,cachequick.xyz,ENOTFOUND
48764,gearjunkie.com,http_403
48767,emoji.gg,http_200
48770,shinmai.co.jp,http_404
48771,gesetze-bayern.de,http_200
48772,kareo.com,http_200
48766,zetacdn.net,timeout
48775,inmoviebox.com,ENOTFOUND
48769,nissan.biz,http_400
48774,nbbaoyang.net,http_404
48780,moltbook.com,http_404
48781,ipv6tracker.ru,ENOTFOUND
48783,bswift.com,http_403
48784,cabify.com,http_404
48786,panix.com,http_404
48788,freeinternat.com,ENOTFOUND
48789,mcclatchy.com,http_404
48791,gazduire.ro,http_200
48792,plugintheworld.com,ERR_SSL_TLSV1_UNRECOGNIZED_NAME
48795,pushbullet.com,http_404
48797,oneproxys.best,ENOTFOUND
48798,lufthansagroup.com,http_403
48779,torrentonline.cc,timeout
48802,mojapp.in,http_404
48806,zipcar.com,http_403
48809,lonestarcasino.com,http_403
48815,awsdns-cn-39.cn,ENOTFOUND
48817,daybreakgaming.net,ENOTFOUND
48814,lun.com,http_200
48821,liontravel.com,http_404
48824,73362w.casino,ECONNREFUSED
48830,innobharat.space,CERT_HAS_EXPIRED
48831,getnetset.com,http_403
48832,888bets.co.mz,http_403
48833,edgenextsdns.biz,ENOTFOUND
48834,ultimatelysocial.com,http_200
48841,jma.or.jp,http_404
48849,cloudworkstations.dev,ENOTFOUND
48853,tubeorigin.com,http_403
48861,ukvpshosting.com,http_404
48862,thebluebook.com,http_403
48852,sci.fi,ENOTFOUND
48865,astrodsp.com,ENOTFOUND
48866,silihost.hu,UNABLE_TO_VERIFY_LEAF_SIGNATURE
48870,vemarsdev.com,ENOTFOUND
48869,aoc.gov,http_403
48871,casio.jp,http_404
48872,actoblog.com,http_403
48873,pollstar.com,http_200
48864,aurelon.com,ERR_TLS_CERT_ALTNAME_INVALID
48874,tribal.gov.in,UNABLE_TO_VERIFY_LEAF_SIGNATURE
48875,stars.ne.jp,ERR_SSL_WRONG_VERSION_NUMBER
48878,activebt.ru,http_403
48881,trendhosting-net.ch,http_200
48885,dnparking.com,ENOTFOUND
48891,buildingconnected.com,http_200
48894,faro-cloud.com,ENOTFOUND
48893,jny0n3.sbs,DEPTH_ZERO_SELF_SIGNED_CERT
48895,pbwiki.com,http_404
48902,tunegenie.com,http_403
48908,slatestarcodex.com,http_200
48910,czno.com,ENOTFOUND
48909,vladlink.net,ERR_TLS_CERT_ALTNAME_INVALID
48916,topnlab.ru,http_404
48917,yolicart.com,ENOTFOUND
48911,wuhan.gov.cn,http_200
48918,extendedstayamerica.com,http_403
48919,myparisblog.com,http_403
48921,snr.systems,http_404
48903,51thankyou.com,timeout
48924,selfclick.pro,http_404
48925,makip.co.jp,http_403
48928,mvtdev.com,ENOTFOUND
48926,deltekenterprise.com,http_404
48929,easytrackbloodpressure.com,http_429
48931,pmgstatic.com,ERR_TLS_CERT_ALTNAME_INVALID
48933,analytics-sm.com,http_404
48936,thompson-morgan.com,http_403
48935,acematic.com.cn,http_404
48937,nextos.com,http_404
48938,marvin-it.com,http_502
48942,calix.ai,ENOTFOUND
48949,finnishdesignshop.com,http_403
48948,awsdns-cn-08.cn,ENOTFOUND
48952,gojek.co.id,ENOTFOUND
48956,bmogc.net,ENOTFOUND
48957,commonmark.org,http_404
48959,nerdgaming.science,http_200
48960,uec.ac.jp,http_404
48963,ozonru.me,http_403
48943,lws-hosting.biz,timeout
48967,cronon.de,CERT_HAS_EXPIRED
48975,be.ch,http_200
48977,platform9.net,ECONNRESET
48979,orbi.kr,http_403
48974,datasheetspdf.com,ENOTFOUND
48980,assetlab.io,ERR_SSL_SSL/TLS_ALERT_HANDSHAKE_FAILURE
48969,nuveen.com,timeout
48985,jayski.com,http_403
48986,bart.gov,http_403
48987,blogdal.com,http_403
48988,polymarket.us,http_200
48984,arenabreakoutinfinite.com,http_404
48991,ahcxgjghdf.com,ERR_SSL_TLSV1_ALERT_INTERNAL_ERROR
48982,szrfdq.com,timeout
48997,nic.cam,http_200
48998,kangtotoberjaya.biz,http_403
49002,ugo.center,http_404
49004,ntt-west.co.jp,http_404
49009,localdev.ru,ENOTFOUND
49014,asnbank.nl,http_200
49015,caravan.ru,http_404
49018,drmtoday.com,http_200
49010,maoyan.com,http_200
49020,dnslake.com,CERT_HAS_EXPIRED
49023,herego.site,ENOTFOUND
49030,bindingdb.org,http_404
49022,azcr.io,timeout
49034,unv.org,http_403
49032,bachhoaxanh.com,ECONNRESET
49039,vscdns.com,ENOTFOUND
49043,secretbenefits.com,http_403
49045,wfa.com,http_404
49046,codetel.net.do,ENETUNREACH
49035,itctel.com,timeout
49051,bdjp.io,ENOTFOUND
49054,saratovmiac.ru,ENOTFOUND
49061,datadistribute.live,ENOTFOUND
49062,motorauthority.com,http_403
49060,orionxyz.com,ENOTFOUND
49063,jyleixincc.com,ECONNREFUSED
49065,affilimateapis.com,ENOTFOUND
49064,bindcloud.jp,http_404
49069,gavia.berlin,http_404
49070,425degree.com,http_403
49076,seastrom.com,ENOTFOUND
49075,matchu.app,http_400
49074,klsescreener.com,http_404
49079,websudoku.com,http_404
49083,fr.st,ECONNRESET
49085,rgfi.net,http_200
49086,securedataimages.com,ERR_SSL_TLSV1_UNRECOGNIZED_NAME
49088,rvohealth.io,ENOTFOUND
49090,serious.li,ENOTFOUND
49094,webdamdb.com,ENOTFOUND
49093,launchprom.ru,ECONNREFUSED
49096,templeandwebster.com.au,http_403
49097,zaxbys.com,err
49098,dns-diplom.ru,ECONNREFUSED
49101,hubspotusercontent-na2.net,ENOTFOUND
49102,platform.next,ENOTFOUND
49103,oma.be,http_200
49108,pugmarks.com,UNABLE_TO_VERIFY_LEAF_SIGNATURE
49109,mookuai.com,http_200
49099,appone.com,http_404
49111,ueuo.com,ERR_TLS_CERT_ALTNAME_INVALID
49112,awsdns-cn-42.com,ENOTFOUND
49113,unine.ch,http_200
49114,94tusx.com,ENOTFOUND
49116,blogdeazar.com,http_403
49118,weltsport.org,ERR_TLS_CERT_ALTNAME_INVALID
49119,av19v.com,http_200
49121,mintic.gov.co,http_403
49125,awsdns-eusc-48.nl,ENOTFOUND
49127,peoplesearchnow.com,http_403
49131,junit.org,http_404
49130,admtyumen.ru,ECONNREFUSED
49132,parklogicchannel.com,UNABLE_TO_GET_ISSUER_CERT_LOCALLY
49133,beyable.com,http_200
49120,zerowire.com,timeout
49137,blogolenta.com,http_403
49134,webflow.services,timeout
49136,homelinux.com,ECONNREFUSED
49139,adzuna.com.br,http_405
49140,ccrtc.com,http_200
49144,luffytraco.top,ECONNREFUSED
49147,directvadtech.com,ENOTFOUND
49151,maxindo.net.id,http_200
49155,lesscss.org,http_404
49159,multitheftauto.com,http_200
49160,assets-landingi.com,http_404
49163,sovcloud-dns.fr,ENOTFOUND
49164,ciril.fr,ENOTFOUND
49166,ihapilive.com,http_404
49170,zaccodigitaltrustlabs.net,ENOTFOUND
49161,flow.com.ar,http_403
49173,iosqr.com,ECONNREFUSED
49182,loveboxlove.com,ENOTFOUND
49180,mdydt.net,CERT_HAS_EXPIRED
49195,tgrthaber.com,http_403
49196,totalprosports.com,http_403
49194,huahai.net,http_404
49199,gymsharkapps.io,ENOTFOUND
49202,adzestocp.com,http_500
49197,giige.cn,CERT_HAS_EXPIRED
49211,135.in-addr.arpa,ENOTFOUND
49212,flix.tech,ENOTFOUND
49213,zdravcity.rocks,ENOTFOUND
49214,jia.com,http_403
49218,eint.cz,ERR_TLS_CERT_ALTNAME_INVALID
49219,relaxg.com,ENOTFOUND
49223,sbermed.ai,http_403
49222,driveplaza.com,http_404
49224,awsdns-cn-50.com,ENOTFOUND
49226,truevalue.com,http_406
49232,stackpathdns.net,http_404
49234,ngrok.app,http_200
49215,game.co.uk,timeout
49240,avayacloud.com,http_403
49233,ajato.com.br,timeout
49241,bbums.cn,ECONNRESET
49237,railway.co.th,timeout
49245,privex.io,http_404
49246,asturias.es,http_200
49247,jscloud.com,DEPTH_ZERO_SELF_SIGNED_CERT
49254,usmission.gov,http_403
49262,xgimi.com,ECONNRESET
49265,craftsmanplus.com,http_404
49261,myhuaweicloud.cn,ENOTFOUND
49266,idcfcloud.net,ENOTFOUND
49253,mohre.gov.ae,timeout
49270,lfree.org,http_200
49271,codeberg.page,http_404
49275,teleflora.com,http_403
49276,jinxandjack.co.uk,ENOTFOUND
49279,flippenterprise.net,ENOTFOUND
49278,noridianmedicareportal.com,ENOTFOUND
49280,cjis.gov,http_404
49272,asertdnsresearch.com,timeout
49285,flvs.net,http_404
49286,classicfirearms.com,http_403
49295,fusionad.ai,http_404
49284,suzhou.gov.cn,http_403
49299,yuntrack.com,http_200
49307,tlzproject.com,ENOTFOUND
49308,globalsiteanalytics.com,http_404
49318,macif.fr,http_403
49320,lookep.com,http_404
49323,garageclothing.com,http_403
49321,netban.cn,http_404
49327,realty.com,http_403
49329,miranovaidn.net,http_404
49332,sarky.ru,ECONNREFUSED
49335,thesoul.io,http_404
49341,jnskss.com,CERT_HAS_EXPIRED
49326,ozhosting.com,timeout
49345,ircnet.io,ENOTFOUND
49347,figoogoo.com,ENOTFOUND
49348,159.in-addr.arpa,ENOTFOUND
49350,putovnica.net,http_403
49352,urx.su,http_401
49351,narrpr.com,http_401
49361,instantcheckmate.com,http_403
49363,ttinteractive.com,http_404
49364,the-best-airport.com,http_404
49365,businessdictionary.com,ENOTFOUND
49367,303bus.net,ENOTFOUND
49368,filmyromeo.com,ENOTFOUND
49369,filmywap.sarl,ENOTFOUND
49371,moviesda19.com,ENOTFOUND
49357,atmob2b.net,timeout
49373,net22.cc,ENOTFOUND
49374,playinstrike.com,ENOTFOUND
49375,prmovies.health,ENOTFOUND
49376,rusoska.work,ENOTFOUND
49379,videlly.com,http_403
49378,vegamovies.diamonds,ENOTFOUND
49381,watchmovierulz.army,http_200
49382,wfwf454.com,ENOTFOUND
49384,lhinsights.com,http_404
49386,springshosting.net,ENOTFOUND
49380,videyli.space,http_404
49387,dnet.net.id,UNABLE_TO_VERIFY_LEAF_SIGNATURE
49388,hcmr.gr,http_200
49390,ctseelink.cn,ENOTFOUND
49377,tvwiki23.net,timeout
49397,cdntv.online,http_400
49403,coinbase-corp.com,ENOTFOUND
49399,centercredit.kz,CERT_HAS_EXPIRED
49405,answerblogs.com,http_403
49404,simplenexus.com,http_403
49407,fusion.net,ENOTFOUND
49410,deepstatemap.live,http_404
49412,porezna-uprava.hr,http_200
49414,dfaklj.tech,ENOTFOUND
49417,byted.org,ENOTFOUND
49416,justone.ai,http_403
49418,gaohuaam.cn,ENOTFOUND
49422,naumen.com,ERR_TLS_CERT_ALTNAME_INVALID
49424,i-free.ru,http_404
49428,ncrbackoffice.com,ENOTFOUND
49425,mastertel.ru,UNABLE_TO_VERIFY_LEAF_SIGNATURE
49431,bligblogging.com,http_403
49433,blogsumer.com,http_403
49438,bloguerosa.com,http_403
49440,passion-drama.com,http_404
49439,clarovideo.com,http_404
49441,cooleasy.net,http_404
49444,blogginaway.com,http_403
49445,wistia.cloud,http_404
49429,crlocsp.cn,timeout
49446,geosurf.io,ERR_TLS_CERT_ALTNAME_INVALID
49447,made.porn,http_400
49450,bitbns.com,http_404
49453,tagidomains.com,http_500
49443,shobserver.com,http_404
49456,westminster-abbey.org,http_404
49457,semi.org,http_403
49461,oxfordbibliographies.com,http_403
49467,mrqz.me,http_404
49470,smallyy.com,http_200
49471,pixel.ad,http_204
49472,webdesign96.com,http_403
49476,tsum.com,http_200
49477,ibabyp2p.com,http_403
49478,ciscoccservice.com,ENOTFOUND
49463,officewebapps.cn,timeout
49482,financecharts.com,http_403
49484,comed.com,http_200
49486,combell.net,CERT_HAS_EXPIRED
49473,blackunicorn.xyz,timeout
49493,findhelp.org,http_403
49502,jnu.edu.cn,http_200
49509,awsdns-cn-16.net,ENOTFOUND
49512,luxottica.com,http_403
49511,fenics.jp,ENOTFOUND
49513,tallos.com.br,http_200
49515,ibeat-analytics.com,ENOTFOUND
49518,ccoo.es,http_404
49521,321moviesfree.com,ENOTFOUND
49519,vipgslb.com,ERR_TLS_CERT_ALTNAME_INVALID
49522,tktn.be,http_404
49527,idnfinancials.com,http_403
49528,platforum.cloud,http_200
49530,swupdater.com,http_404
49533,komikdewasa.art,http_403
49531,newscentermaine.com,http_200
49535,dclyy.com,http_403
49540,ebtedge.com,http_403
49543,smxconv.com,ENOTFOUND
49545,globallink.com,http_404
49546,colorado.com,http_403
49539,efrontier.com,timeout
49549,z-lib.sk,http_503
49550,nwsvr2.com,ENOTFOUND
49551,ipfoxy.io,ENOTFOUND
49553,blogofchange.com,http_403
49542,serveftp.com,timeout
49554,thesundaytimes.co.uk,ERR_TLS_CERT_ALTNAME_INVALID
49558,rhid.com.br,http_404
49547,wellpoint.com,timeout
49564,njoyn.com,http_404
49567,reporttk.com,http_404
49571,idknet.com,http_200
49575,188.in-addr.arpa,ENOTFOUND
49559,comhem.se,timeout
49580,healthequity.com,http_403
49585,redcliffelabs.com,http_403
49586,rfvtgbyhn.com,ENOTFOUND
49589,playclub-de.com,http_200
49591,erciyes.edu.tr,http_404
49593,dgbloggers.com,http_403
49596,blinkreceipt.com,ERR_TLS_CERT_ALTNAME_INVALID
49594,m1net.com.sg,ENOTFOUND
49599,hk-tencentclb.net,ENOTFOUND
49601,amstat.org,http_404
49604,skymavis.com,http_404
49606,yqlog.com,http_200
49608,twipecloud.net,http_403
49609,googleplus.com,http_200
49612,drgdj.top,ENOTFOUND
49615,goofy-cdn.com,ENOTFOUND
49616,ceidg.gov.pl,http_200
49611,xiaodiandou.com,timeout
49623,telecom.sk,ERR_TLS_CERT_ALTNAME_INVALID
49614,sunherald.com,timeout
49627,eon.de,http_403
49628,ntct.edu.tw,http_404
49631,timestables.com,http_200
49632,influenster.com,http_403
49633,kennasecurity.com,http_200
49621,ksbxbz.com,timeout
49637,gg.gg,http_200
49641,deltabisiklet.com,http_403
49634,redfinger.com,http_200
49644,rnli.org,http_403
49643,echostarbeta.com,ENOTFOUND
49649,hermespardini.com.br,http_403
49652,substack-custom-domains.com,ENOTFOUND
49640,launchly.pics,timeout
49655,encirca.net,http_200
49660,raco.cat,ECONNRESET
49661,ngastatic.com,http_404
49663,mykeeta.net,http_200
49666,medias24.com,http_403
49668,premiumbeat.com,http_403
49672,sge.net,ENOTFOUND
49678,sipo.gov.cn,ENOTFOUND
49683,themanifest.com,http_403
49685,mt.net.mk,ECONNRESET
49688,manuscdn.com,ENOTFOUND
49689,domusweb.it,http_403
49694,nikecloud.com,ENOTFOUND
49695,gazzettaobjects.it,http_404
49698,overplay.net,http_200
49699,isolarcloud.com.hk,http_404
49691,xbcs.net,timeout
49705,sseinfo.com,http_404
49710,newsbloger.com,http_403
49711,lawinfo.com,http_403
49701,wavemoney.io,timeout
49702,fmgid.com,timeout
49714,niti.gov.in,http_403
49720,apahotel.com,http_403
49723,ivastudio.ai,http_404
49725,sccoast.net,http_200
49728,isysuk.net,http_404
49732,kiyoh.com,http_404
49736,chessbites.com,http_404
49734,bigtreesolutions.com,http_200
49741,urbanclarityhub.com,http_404
49740,yumpinch.com,http_404
49746,tnr.com,http_403
49751,otcollector.com,ENOTFOUND
49752,netease-gsrouter.com,http_404
49754,playspelis.com,ENOTFOUND
49748,fubon.com,http_200
49742,ahnews.com.cn,timeout
49758,hexonet.net,http_404
49760,bloomingdalesassets.com,ENOTFOUND
49766,imbid.co,http_404
49769,nameserverservice.com,ENOTFOUND
49774,consensu.org,ENOTFOUND
49776,zdnsgtld.com,ENOTFOUND
49777,sharavoz.ru,ENOTFOUND
49755,westpac.co.nz,timeout
49779,typeset.io,http_403
49781,looksmax.org,http_403
49783,fiat.com.br,http_403
49780,laobanmail.net,ERR_TLS_CERT_ALTNAME_INVALID
49785,aethir.com,http_404
49792,eulerpool.com,http_403
49794,snowfall.top,ENOTFOUND
49797,blogscribble.com,http_403
49795,mytimeline-news.com,http_404
49798,scrediario.com.br,ENOTFOUND
49809,logopond.com,http_404
49811,pvqvogct.net,http_404
49812,museum-digital.de,http_404
49814,zpagov.us,ENOTFOUND
49816,activablog.com,http_403
49817,bhaskarassets.com,ENOTFOUND
49819,greenhost.nl,http_404
49802,filedropper.com,timeout
49821,adtriba.com,http_200
49823,ourcodeblog.com,http_403
49824,unitru.edu.pe,http_404
49810,cel.ro,timeout
49825,dominioatendimento.com,http_500
49831,jetdns.net,ENOTFOUND
49834,goooalir.co.uk,ENOTFOUND
49836,crank-in.net,http_404
49838,salusconnect.io,CERT_HAS_EXPIRED
49837,chu.jp,ERR_TLS_CERT_ALTNAME_INVALID
49840,bilibiligame.net,http_404
49828,profintel.ru,timeout
49846,visittheusa.com,http_403
49849,sjhs.com,ENOTFOUND
49850,midtowndoornailns.com,ENOTFOUND
49852,getalma.eu,http_421
49854,dha.gov.za,http_403
49856,atikayda.com,ENOTFOUND
49861,rtu.lv,http_403
49862,saksoff5th.com,http_200
49863,indiecommerce.com,http_403
49855,cg.gov.in,timeout
49865,namesecure.com,http_403
49857,ipms247.com,timeout
49867,estate-blog.com,http_403
49871,2day.kz,ECONNREFUSED
49870,rdrhost.com,ERR_SSL_TLSV1_ALERT_INTERNAL_ERROR
49873,magento-ds.com,ENOTFOUND
49875,muelara.com,CERT_HAS_EXPIRED
49864,bmvi.de,timeout
49878,chessgames.com,http_403
49881,dgft.gov.in,http_404
49882,wasmer.app,http_200
49885,cyfrowypolsat.pl,UNABLE_TO_VERIFY_LEAF_SIGNATURE
49886,hz8.help,ENOTFOUND
49889,62.in-addr.arpa,ENOTFOUND
49890,vzan.com,http_404
49877,mop.com,timeout
49900,cycling74.com,http_404
49901,alzcc.net,ENOTFOUND
49893,epc-data.com,timeout
49911,qrcc.me,http_404
49913,portmap.host,ERR_TLS_CERT_ALTNAME_INVALID
49919,marisa.com.br,http_403
49921,goldrush.llc,http_404
49930,thelateblog.com,http_403
49933,sliwn.com,http_404
49931,shop-list.com,http_403
49944,jstv.com,http_404
49945,emetriq.de,http_200
49947,getaim.org,ENOTFOUND
49951,carphonewarehouse.com,http_403
49953,srgssr.ch,http_403
49957,mrkoll.se,http_403
49958,amzndns.org,ENOTFOUND
49955,n.cn,http_404
49961,imoobox.com,http_404
49966,searspartsdirect.com,http_403
49965,bnamericas.com,http_403
49969,inn.gs,http_404
49970,irisplaza.co.jp,http_403
49974,rtb-stellormedia.com,UND_ERR_SOCKET
49983,sqr.domains,ERR_TLS_CERT_ALTNAME_INVALID
49984,blog5star.com,http_403
49986,asmr.one,http_403
49973,panvel.com,ENOTFOUND
49990,govix.at,http_200
49992,insa-lyon.fr,http_404
49993,dragonfru.it,http_523
49997,zebra.engineering,http_200
49999,camoe.cn,http_404
49988,hypersurf.com,timeout
49995,xunlei.net,timeout
